{"type":"FeatureCollection","features":[{"type":"Feature","properties":{"n":"Vi\u0161egrad-East"},"geometry":{"type":"LineString","coordinates":[[19.62608,43.86451],[19.62264,43.85551],[19.62305,43.84973],[19.61629,43.84545],[19.58169,43.84904],[19.52995,43.83123],[19.53189,43.82692],[19.53008,43.82167],[19.52147,43.82118],[19.51542,43.81903],[19.50655,43.82044],[19.51498,43.81028],[19.51027,43.8018],[19.51235,43.79505],[19.48421,43.78205],[19.47649,43.77163],[19.46386,43.76091],[19.44471,43.76247],[19.44213,43.7643],[19.43955,43.76562],[19.43476,43.76694],[19.41472,43.77098],[19.41445,43.77626],[19.40132,43.77041],[19.38965,43.77265],[19.38339,43.77758],[19.37107,43.78144],[19.35822,43.78201],[19.34252,43.78285],[19.32541,43.78743],[19.31081,43.78399],[19.29627,43.78605]]}},{"type":"Feature","properties":{"n":"Valjevo-Loznica"},"geometry":{"type":"LineString","coordinates":[[19.22414,44.53533],[19.26983,44.52763],[19.28598,44.52102],[19.29309,44.51251],[19.31785,44.50862],[19.36349,44.50508],[19.42623,44.49464],[19.44844,44.48571],[19.45557,44.47142],[19.47053,44.46015],[19.4971,44.44994],[19.51488,44.43896],[19.53978,44.4226],[19.551,44.40752],[19.56903,44.39291],[19.57892,44.38189],[19.60066,44.37282],[19.6297,44.34901],[19.66667,44.33353],[19.68566,44.32569],[19.70417,44.32131],[19.71494,44.318],[19.72428,44.30914],[19.74018,44.30198],[19.76123,44.29452],[19.78003,44.29294],[19.79525,44.28568],[19.8065,44.27795],[19.8177,44.2753],[19.82782,44.27895],[19.84646,44.27164],[19.86149,44.27249],[19.87754,44.27146],[19.88383,44.27404]]}},{"type":"Feature","properties":{"n":"Mihaljevci-south"},"geometry":{"type":"LineString","coordinates":[[19.56094,43.98848],[19.56148,43.99346],[19.56174,43.9979],[19.57846,44.00389],[19.589,44.00761],[19.60694,44.01252],[19.61892,44.01786],[19.61368,44.03144],[19.60764,44.03502],[19.60079,44.0382],[19.59088,44.03907],[19.58055,44.0424],[19.58299,44.04578],[19.58199,44.04591],[19.57833,44.04469],[19.56907,44.04902],[19.55954,44.05724],[19.54813,44.07036],[19.50996,44.08048],[19.49543,44.09925],[19.48224,44.11392],[19.47475,44.11593],[19.46552,44.12365],[19.47449,44.13474],[19.47679,44.14341],[19.46547,44.14083],[19.46037,44.13708],[19.45692,44.1344],[19.44971,44.131],[19.43704,44.1327],[19.42734,44.13774],[19.40675,44.15656],[19.3977,44.16723],[19.36604,44.17723],[19.33218,44.18552]]}},{"type":"Feature","properties":{"n":"Srebrenica-West"},"geometry":{"type":"LineString","coordinates":[[19.07663,44.17039],[19.09527,44.16469],[19.09977,44.15173],[19.12075,44.1408],[19.13259,44.12869],[19.1393,44.12116],[19.15608,44.11222],[19.16489,44.1121],[19.16981,44.1111],[19.17045,44.11214],[19.17511,44.11083],[19.17708,44.11197],[19.1783,44.11301],[19.18457,44.11279],[19.18595,44.11262],[19.1868,44.11385],[19.20228,44.11391],[19.21419,44.11083],[19.23692,44.10877],[19.23894,44.1099],[19.24702,44.1075],[19.25371,44.11139],[19.25997,44.11107],[19.26328,44.109],[19.27072,44.10985],[19.2736,44.10684],[19.27713,44.10519],[19.27575,44.1051],[19.27834,44.10329],[19.28163,44.10092],[19.28555,44.10102],[19.28905,44.10353],[19.28723,44.10906],[19.2888,44.1164],[19.28994,44.11604]]}},{"type":"Feature","properties":{"n":"Mihaljevci-Srebrenica"},"geometry":{"type":"LineString","coordinates":[[19.28994,44.11604],[19.28969,44.11745],[19.29008,44.11808],[19.291,44.11872],[19.2927,44.12228],[19.29413,44.12339],[19.29571,44.12412],[19.29596,44.12456],[19.29581,44.12553],[19.29747,44.12964],[19.29733,44.13122],[19.29766,44.13247],[19.29747,44.13291],[19.29651,44.13375],[19.29633,44.13454],[19.29682,44.13535],[19.29773,44.13603],[19.29832,44.13698],[19.2992,44.13792],[19.29932,44.13968],[19.29966,44.14272],[19.29841,44.14484],[19.2983,44.14727],[19.29759,44.14913],[19.29854,44.15269],[19.30052,44.15548],[19.30328,44.1594],[19.30465,44.16068],[19.308,44.16484],[19.31062,44.16697],[19.31252,44.16784],[19.31493,44.17079],[19.31758,44.1722],[19.32496,44.17528],[19.32682,44.17705],[19.33065,44.18307],[19.33204,44.18549],[19.33218,44.18552],[19.33218,44.18552]]}},{"type":"Feature","properties":{"n":"Kolovrat-Dard(...)"},"geometry":{"type":"LineString","coordinates":[[19.6307,43.37183],[19.62921,43.36531],[19.62933,43.35982],[19.62041,43.36103],[19.60394,43.36237],[19.59012,43.35998],[19.58275,43.35702],[19.57587,43.35377],[19.57153,43.3459],[19.56432,43.33837],[19.55847,43.33293],[19.54524,43.33013],[19.53996,43.32761],[19.53519,43.33093],[19.51629,43.34412],[19.50353,43.34458],[19.48324,43.3405],[19.45223,43.33429],[19.4494,43.33651],[19.45168,43.3438],[19.44434,43.34437],[19.43749,43.34248],[19.42733,43.34389],[19.41501,43.34116],[19.40627,43.34206],[19.40122,43.34493],[19.38744,43.34435],[19.38542,43.33848],[19.38278,43.3448],[19.37254,43.34969],[19.35724,43.35771]]}},{"type":"Feature","properties":{"n":"Srebrenica-Malvesia"},"geometry":{"type":"LineString","coordinates":[[19.56094,43.98848],[19.55041,43.99403],[19.53787,43.99646],[19.53328,43.99888],[19.52629,43.99891],[19.51617,44.00129],[19.50726,44.00047],[19.49505,44.00253],[19.487,44.0028],[19.48067,44.00577],[19.47775,44.01353],[19.46659,44.01699],[19.46905,44.01855],[19.45727,44.01835],[19.45033,44.01906],[19.44061,44.02405],[19.43477,44.02959],[19.43758,44.03389],[19.43545,44.04108],[19.4276,44.04555],[19.41864,44.05346],[19.40776,44.05249],[19.39409,44.0555],[19.38249,44.06224],[19.36679,44.06746],[19.35244,44.08007],[19.33918,44.08636],[19.33292,44.09111],[19.3271,44.08987],[19.31368,44.09614],[19.30465,44.10044],[19.2989,44.10312],[19.28994,44.11604]]}},{"type":"Feature","properties":{"n":"Mihaljevci-West"},"geometry":{"type":"LineString","coordinates":[[19.33218,44.18552],[19.3416,44.19078],[19.34788,44.2011],[19.35663,44.20676],[19.34569,44.21564],[19.34161,44.22264],[19.34393,44.23315],[19.33896,44.2403],[19.33188,44.24559],[19.32851,44.2508],[19.32524,44.25805],[19.3181,44.26357],[19.3087,44.26803],[19.30153,44.26782],[19.29664,44.26844],[19.29052,44.27013],[19.28129,44.2727],[19.27476,44.27142],[19.26591,44.2668],[19.26207,44.26406],[19.2578,44.2627],[19.25168,44.26197],[19.24345,44.26043],[19.23769,44.26082],[19.23089,44.26218],[19.22601,44.26496],[19.22108,44.26804],[19.21848,44.27517],[19.21533,44.28136],[19.19554,44.28281],[19.17848,44.27735],[19.16973,44.2797],[19.16228,44.28122],[19.15792,44.28534],[19.15138,44.28273],[19.14673,44.28088]]}},{"type":"Feature","properties":{"n":"Anderva-north"},"geometry":{"type":"LineString","coordinates":[[19.35724,43.35771],[19.34034,43.28881],[19.32451,43.26399],[19.31686,43.25126],[19.30813,43.22555],[19.31974,43.20174],[19.29312,43.16126],[19.27888,43.15015],[19.26179,43.15187],[19.21434,43.11612],[19.16258,43.10506],[19.13425,43.0518],[19.16538,43.01664],[19.18957,42.98356],[19.19589,42.95189],[19.15063,42.96143],[19.10227,42.96232],[19.09563,42.9605],[19.09561,42.95184],[19.09368,42.94732],[19.07352,42.94341],[19.09028,42.90919],[19.09129,42.90129],[19.09602,42.89813],[19.08747,42.87211],[19.06034,42.84456],[19.05507,42.82392],[19.037,42.81393],[19.02621,42.80609],[19.01211,42.78212],[18.99419,42.7774],[18.94799,42.76975]]}},{"type":"Feature","properties":{"n":"Mursa-Donatianis"},"geometry":{"type":"LineString","coordinates":[[18.71734,45.56312],[18.71847,45.56371],[18.72077,45.5648],[18.72167,45.57396],[18.72249,45.57649],[18.72469,45.57894],[18.72495,45.58199],[18.74035,45.59427],[18.7422,45.59459],[18.74241,45.59521],[18.74279,45.59888],[18.74415,45.60262],[18.74391,45.60397],[18.74772,45.60557],[18.75056,45.60632],[18.75197,45.6066],[18.75626,45.60829],[18.76157,45.61214],[18.77041,45.62351],[18.77011,45.62543],[18.77038,45.62627]]}},{"type":"Feature","properties":{"n":"Mursa-Donatianis"},"geometry":{"type":"LineString","coordinates":[[18.69676,45.55709],[18.69801,45.55843],[18.7033,45.55919],[18.70873,45.55791],[18.71071,45.55839],[18.71432,45.55982],[18.71699,45.56068]]}},{"type":"Feature","properties":{"n":"Mursa-Donatianis"},"geometry":{"type":"LineString","coordinates":[[18.71699,45.56068],[18.71734,45.56312]]}},{"type":"Feature","properties":{"n":"Donatianis-Albanum"},"geometry":{"type":"LineString","coordinates":[[18.77038,45.62627],[18.77057,45.62879],[18.77147,45.63093],[18.77207,45.63324],[18.77328,45.63586],[18.77345,45.63731],[18.77331,45.64525],[18.77769,45.65625],[18.77898,45.65761],[18.77919,45.65904],[18.7792,45.66053],[18.77496,45.66319],[18.7737,45.66329]]}},{"type":"Feature","properties":{"n":"Albanum-Ad Novas"},"geometry":{"type":"LineString","coordinates":[[18.7737,45.66329],[18.77154,45.66403],[18.76484,45.66473],[18.75882,45.66626],[18.75718,45.66698],[18.7529,45.6716],[18.74958,45.67663],[18.74697,45.69007],[18.73499,45.7037],[18.73318,45.70695],[18.7324,45.71103],[18.73262,45.71957],[18.72578,45.74281],[18.73275,45.74978],[18.73552,45.75101],[18.73601,45.75147],[18.73789,45.75218],[18.74324,45.75619],[18.74926,45.75965],[18.75335,45.76121],[18.75483,45.76356],[18.75595,45.7645],[18.75777,45.76793],[18.76003,45.76867],[18.76577,45.7748],[18.76837,45.77568],[18.77096,45.7778],[18.77169,45.77884],[18.77275,45.77945],[18.77361,45.7806],[18.77531,45.78146],[18.77594,45.7821],[18.77879,45.78352],[18.77964,45.78429],[18.78269,45.78611],[18.78353,45.78641],[18.78478,45.78741],[18.78993,45.79046],[18.79557,45.79311],[18.79631,45.79354],[18.79738,45.79378],[18.80137,45.7963],[18.80176,45.79676],[18.80348,45.79773],[18.80614,45.8],[18.80732,45.80044],[18.80812,45.80099],[18.80858,45.80126],[18.80882,45.80181],[18.80882,45.80181]]}},{"type":"Feature","properties":{"n":"Ad Novas-Ad Militare"},"geometry":{"type":"LineString","coordinates":[[18.80882,45.80181],[18.80976,45.80287],[18.81569,45.80721],[18.81692,45.80894],[18.82278,45.8141],[18.82562,45.81591],[18.83911,45.83202],[18.84271,45.8385],[18.84632,45.84197],[18.84971,45.84624],[18.85094,45.84766],[18.85214,45.85013],[18.85211,45.85145],[18.85188,45.85189],[18.85125,45.85217],[18.85113,45.85267],[18.85087,45.85317],[18.85068,45.85343],[18.85,45.85345],[18.84999,45.85365],[18.84929,45.85372],[18.84925,45.85418],[18.84874,45.85413],[18.84676,45.85379],[18.8459,45.85349],[18.845,45.85186]]}},{"type":"Feature","properties":{"n":"Altinum-Florentia"},"geometry":{"type":"LineString","coordinates":[[18.66936,45.95795],[18.67402,45.97221],[18.678,45.98301],[18.67754,45.98787],[18.67906,45.9921],[18.68095,46.00049],[18.68008,46.00383],[18.67364,46.01958],[18.67679,46.02794],[18.68433,46.03185],[18.68863,46.03345],[18.69613,46.03557],[18.70303,46.03853],[18.70758,46.04104],[18.70925,46.04314],[18.71306,46.04867],[18.71771,46.05247],[18.72113,46.05486],[18.7332,46.05969],[18.74284,46.06591],[18.74971,46.06757],[18.75176,46.0686],[18.75235,46.06942],[18.75492,46.07717],[18.75811,46.08098],[18.7587,46.08155],[18.75872,46.08272]]}},{"type":"Feature","properties":{"n":"Altinum-Florentia"},"geometry":{"type":"LineString","coordinates":[[18.75872,46.08272],[18.75906,46.08336],[18.75844,46.08546],[18.75867,46.08708]]}},{"type":"Feature","properties":{"n":"Ad Militare-Altinum"},"geometry":{"type":"LineString","coordinates":[[18.845,45.85186],[18.84396,45.85043],[18.84122,45.8471],[18.83909,45.84309],[18.83736,45.84086],[18.83486,45.83918],[18.83262,45.83791],[18.82623,45.83366],[18.82303,45.83156],[18.82181,45.83136],[18.82042,45.83094],[18.81722,45.83062],[18.81605,45.83015],[18.809,45.83125],[18.80664,45.83131],[18.80432,45.83121],[18.80093,45.83265],[18.79911,45.83399],[18.79847,45.83492],[18.79714,45.83514],[18.79433,45.83503],[18.79228,45.83435]]}},{"type":"Feature","properties":{"n":"Ad Militare-Altinum"},"geometry":{"type":"LineString","coordinates":[[18.79228,45.83435],[18.79082,45.83626],[18.78955,45.83663],[18.78508,45.83961],[18.78468,45.84],[18.78441,45.84002],[18.78199,45.84071],[18.77637,45.84396],[18.76927,45.85036],[18.76551,45.85423],[18.76428,45.85506],[18.76336,45.85644],[18.76197,45.85769],[18.75949,45.85919],[18.75792,45.86002],[18.74865,45.86078],[18.71208,45.8691],[18.71109,45.86911],[18.7092,45.86881],[18.70081,45.86924],[18.68753,45.88807],[18.66203,45.90077],[18.66041,45.90107],[18.65925,45.90982],[18.65955,45.9279],[18.66936,45.95795]]}},{"type":"Feature","properties":{"n":"Florentia-Szekszard"},"geometry":{"type":"LineString","coordinates":[[18.75867,46.08708],[18.75782,46.09118],[18.7567,46.09359],[18.75748,46.09557],[18.7602,46.09837],[18.75574,46.10882],[18.74376,46.12391],[18.73703,46.12754],[18.73432,46.13158],[18.72876,46.13939],[18.72473,46.14487],[18.72243,46.14913],[18.72312,46.16124],[18.71973,46.17666],[18.71973,46.18518],[18.72517,46.18781],[18.72436,46.19206],[18.72291,46.20073],[18.71236,46.21795],[18.70537,46.22336],[18.70169,46.23232],[18.69236,46.24076],[18.68582,46.25103],[18.68349,46.26415],[18.68316,46.26741],[18.68319,46.27456],[18.68393,46.28125],[18.68582,46.29486],[18.69729,46.32148],[18.6998,46.33117],[18.70111,46.33804],[18.70193,46.34714],[18.70192,46.34856]]}},{"type":"Feature","properties":{"n":"Szekszard-Alta Ripa"},"geometry":{"type":"LineString","coordinates":[[18.70192,46.34856],[18.7019,46.35096],[18.70278,46.35266],[18.70383,46.35545],[18.70431,46.36319],[18.70976,46.37835]]}},{"type":"Feature","properties":{"n":"Szekszard-Alta Ripa"},"geometry":{"type":"LineString","coordinates":[[18.70976,46.37835],[18.71156,46.3853],[18.7164,46.40146],[18.71903,46.40402],[18.77246,46.42066],[18.77509,46.422],[18.77975,46.42255],[18.78823,46.42289],[18.79018,46.42367]]}},{"type":"Feature","properties":{"n":"Szekszard-Alisca"},"geometry":{"type":"LineString","coordinates":[[18.70192,46.34856],[18.7259,46.33862]]}},{"type":"Feature","properties":{"n":"Szekszard-Alisca"},"geometry":{"type":"LineString","coordinates":[[18.7259,46.33862],[18.72816,46.33648],[18.73518,46.33215],[18.74415,46.32785],[18.7539,46.32663],[18.76672,46.32492]]}},{"type":"Feature","properties":{"n":"Alta Ripa-Lussonium"},"geometry":{"type":"LineString","coordinates":[[18.79018,46.42367],[18.78229,46.43208],[18.7831,46.43475],[18.78246,46.43656],[18.77994,46.4409],[18.78007,46.44311],[18.77966,46.4451],[18.78009,46.44717],[18.78148,46.46581],[18.79025,46.50532]]}},{"type":"Feature","properties":{"n":"Alta Ripa-Lussonium"},"geometry":{"type":"LineString","coordinates":[[18.79025,46.50532],[18.79197,46.50861],[18.80733,46.52883],[18.81872,46.5538],[18.83075,46.5672],[18.84404,46.593],[18.84881,46.60706],[18.8563,46.61667],[18.85957,46.61956],[18.86475,46.62271],[18.8686,46.62699],[18.87459,46.6322],[18.87688,46.63545],[18.87812,46.63861],[18.88006,46.64546],[18.88229,46.64989],[18.88201,46.65257],[18.88189,46.65603]]}},{"type":"Feature","properties":{"n":"Lussonium-Annamatia"},"geometry":{"type":"LineString","coordinates":[[18.88189,46.65603],[18.8818,46.65795],[18.88125,46.65838],[18.8813,46.6591],[18.8808,46.65989],[18.88002,46.66175],[18.88056,46.67235],[18.88128,46.67464],[18.88756,46.68475],[18.88813,46.68698],[18.8879,46.68901],[18.88641,46.69387],[18.88672,46.69621],[18.88835,46.7022],[18.88829,46.70664],[18.88401,46.72514],[18.88216,46.73162],[18.88233,46.73544],[18.88407,46.73997],[18.89211,46.75278],[18.89467,46.75983],[18.91112,46.77704],[18.91334,46.78038],[18.91765,46.79277],[18.91835,46.79555],[18.91803,46.80008],[18.9174,46.80217],[18.92113,46.80322],[18.9238,46.8056],[18.92576,46.80656],[18.92128,46.81083],[18.91939,46.81327],[18.91295,46.81878],[18.91009,46.82219],[18.90863,46.82475],[18.90743,46.82816],[18.91013,46.83915],[18.91007,46.84279],[18.91409,46.86],[18.9193,46.86678],[18.9193,46.86678]]}},{"type":"Feature","properties":{"n":"Annamatia-Intercisa"},"geometry":{"type":"LineString","coordinates":[[18.9193,46.86678],[18.91923,46.86919],[18.91813,46.88041],[18.92601,46.90957],[18.9307,46.92459],[18.93148,46.92557],[18.93491,46.9427],[18.93681,46.95811],[18.93672,46.96524],[18.93627,46.97382],[18.93631,46.97441],[18.93673,46.97449],[18.9365,46.9759]]}},{"type":"Feature","properties":{"n":"Intercisa-Vetus Salina"},"geometry":{"type":"LineString","coordinates":[[18.9365,46.9759],[18.93654,46.97649],[18.93686,46.97706],[18.93568,46.97802],[18.93488,46.97831],[18.93566,46.97897],[18.93564,46.97926],[18.93351,46.97898],[18.9333,46.97919]]}},{"type":"Feature","properties":{"n":"Intercisa-Vetus Salina"},"geometry":{"type":"LineString","coordinates":[[18.9333,46.97919],[18.93592,46.98089],[18.93718,46.98308],[18.93695,46.98348],[18.93394,46.98489],[18.93195,46.98687],[18.93031,46.9899],[18.92978,46.99297],[18.93037,46.99843],[18.9301,46.99943],[18.93087,47.00296],[18.93041,47.00688],[18.92864,47.01092],[18.91667,47.02691],[18.91313,47.03771],[18.91078,47.04119],[18.90337,47.05095],[18.89112,47.06337],[18.88254,47.07014],[18.87773,47.07767],[18.8764,47.0819],[18.87695,47.08595],[18.88131,47.09801],[18.88185,47.10176],[18.88032,47.10439],[18.87403,47.10835],[18.87158,47.11197],[18.86814,47.12317]]}},{"type":"Feature","properties":{"n":"Solva-Tokod"},"geometry":{"type":"LineString","coordinates":[[18.73871,47.79895],[18.73842,47.79885],[18.73937,47.79733],[18.739,47.79686],[18.73918,47.79655],[18.74019,47.79588],[18.74161,47.79548],[18.74207,47.79386],[18.74174,47.79306],[18.73735,47.76905],[18.73706,47.76392],[18.73391,47.75583],[18.73297,47.75423],[18.7329,47.75349],[18.72571,47.74651],[18.71198,47.74044],[18.7076,47.73857],[18.67665,47.72848]]}},{"type":"Feature","properties":{"n":"Crumerum-Azao"},"geometry":{"type":"LineString","coordinates":[[18.5364,47.761],[18.53559,47.76037],[18.53368,47.75743],[18.52617,47.75344],[18.52067,47.75228],[18.50715,47.75113],[18.49806,47.75065],[18.49334,47.74971],[18.49157,47.74956],[18.48602,47.75015],[18.45887,47.75635],[18.44869,47.75768],[18.44248,47.75744],[18.44165,47.75682],[18.43757,47.75708],[18.42395,47.7506],[18.40842,47.7449],[18.40064,47.7433],[18.39756,47.74306],[18.39495,47.74162],[18.38832,47.73936],[18.38243,47.73869],[18.37255,47.73645],[18.36956,47.73693],[18.36302,47.73658],[18.35768,47.73567],[18.34831,47.73343],[18.34426,47.73308],[18.33537,47.73407],[18.32837,47.73335],[18.32685,47.73279],[18.32602,47.73168],[18.32124,47.72952],[18.31012,47.72699],[18.30797,47.72681],[18.30439,47.72601],[18.29702,47.72588],[18.28448,47.72352],[18.2717,47.72088],[18.26884,47.72326],[18.26359,47.72542],[18.25448,47.72806],[18.25448,47.72806]]}},{"type":"Feature","properties":{"n":"Brigetio-Ad Mures"},"geometry":{"type":"LineString","coordinates":[[18.19379,47.73375],[18.18331,47.73527],[18.16134,47.73557],[18.1333,47.73789],[18.11885,47.74325],[18.11331,47.74537],[18.10592,47.74742],[18.10309,47.7484],[18.09988,47.74844],[18.09676,47.74733],[18.08732,47.74347],[18.03622,47.72156],[18.01983,47.72246],[18.0071,47.72646],[17.99588,47.7262],[17.98922,47.7282],[17.96199,47.73922],[17.95988,47.73946],[17.9379,47.73939],[17.90281,47.73364]]}},{"type":"Feature","properties":{"n":"Arrabona-Quadrata"},"geometry":{"type":"LineString","coordinates":[[17.63546,47.68405],[17.61799,47.67825],[17.61165,47.67655],[17.60711,47.67592],[17.59563,47.67646],[17.5894,47.67735],[17.57342,47.68195],[17.57196,47.68241]]}},{"type":"Feature","properties":{"n":"Arrabona-Quadrata"},"geometry":{"type":"LineString","coordinates":[[17.57196,47.68241],[17.56415,47.68667],[17.56214,47.68734],[17.55951,47.68859],[17.53028,47.70319],[17.5027,47.72129],[17.49759,47.72236],[17.49051,47.72486],[17.48791,47.72827],[17.48365,47.73008],[17.47428,47.73625],[17.43504,47.76392],[17.43394,47.76539]]}},{"type":"Feature","properties":{"n":"Carnuntum-Ad Flexum"},"geometry":{"type":"LineString","coordinates":[[17.26867,47.87363],[17.26909,47.874],[17.26894,47.87519],[17.26764,47.87588],[17.26772,47.87614],[17.27069,47.87857],[17.27147,47.87982],[17.27161,47.88056],[17.27239,47.8813],[17.27243,47.88271],[17.27211,47.8835],[17.26067,47.89701],[17.25649,47.90392],[17.25441,47.90663],[17.25381,47.90888],[17.24922,47.9121],[17.24596,47.91359],[17.24432,47.91491],[17.24098,47.92054],[17.24093,47.92339],[17.2294,47.94297],[17.22522,47.94866],[17.22128,47.95273],[17.21906,47.95813],[17.19718,47.9888],[17.17206,48.02384],[17.16244,48.03738],[17.15233,48.04676],[17.15161,48.04902],[17.15031,48.05291],[17.14836,48.05469],[17.14836,48.05469]]}},{"type":"Feature","properties":{"n":"Carnuntum-Ad Flexum"},"geometry":{"type":"LineString","coordinates":[[17.14836,48.05469],[17.14519,48.05595],[17.14168,48.05836],[17.1391,48.06151],[17.13636,48.0663],[17.13031,48.07436],[17.12654,48.08093],[17.12457,48.08469],[17.12068,48.0902],[17.11583,48.09199],[17.10597,48.09435],[17.10366,48.09502],[17.10176,48.09619],[17.09638,48.10317],[17.08162,48.11437],[17.0703,48.11947],[17.05244,48.12125],[17.04605,48.1218],[17.02261,48.12939],[17.01964,48.13141],[17.01658,48.13283],[17.01492,48.13382],[17.01223,48.13444],[17.00776,48.13657],[17.00354,48.13777],[17.00063,48.13796],[16.98073,48.14318],[16.97449,48.1441],[16.97146,48.14426],[16.9639,48.146],[16.95209,48.14697],[16.94765,48.14714],[16.94479,48.14764],[16.94271,48.1477],[16.94115,48.14739],[16.94054,48.14686],[16.93827,48.14562],[16.93573,48.14508],[16.93306,48.1437],[16.9278,48.14277],[16.92109,48.1413],[16.91864,48.141],[16.91673,48.14102],[16.91353,48.14064],[16.9126,48.14039],[16.91053,48.1392],[16.90684,48.13795],[16.90485,48.13679],[16.90516,48.13586],[16.90306,48.13241],[16.90306,48.13241]]}},{"type":"Feature","properties":{"n":"Scarbantia-Arrabona"},"geometry":{"type":"LineString","coordinates":[[17.57196,47.68241],[17.5707,47.68144],[17.5599,47.67938],[17.54769,47.67644],[17.54661,47.67694],[17.5455,47.67683],[17.54465,47.67629],[17.5431,47.67518],[17.52221,47.67012],[17.51625,47.66761],[17.50984,47.6633],[17.50519,47.66222],[17.49138,47.6628],[17.48189,47.66225],[17.48035,47.66119],[17.48013,47.66002],[17.48029,47.658],[17.47912,47.65698],[17.47396,47.65629],[17.42519,47.64458],[17.41226,47.64251],[17.37893,47.63793],[17.32852,47.62494],[17.29227,47.61578],[17.26073,47.61339],[17.2536,47.61241],[17.24818,47.61125],[17.24485,47.61123]]}},{"type":"Feature","properties":{"n":"Scarbantia-Arrabona"},"geometry":{"type":"LineString","coordinates":[[16.61887,47.67353],[16.61918,47.67491],[16.61883,47.67632],[16.61794,47.67756],[16.6132,47.68264],[16.61139,47.68363],[16.60894,47.68466],[16.60769,47.68604],[16.60482,47.68792],[16.60288,47.68894],[16.59999,47.68936],[16.59902,47.68967]]}},{"type":"Feature","properties":{"n":"Scarbantia-Arrabona"},"geometry":{"type":"LineString","coordinates":[[17.24485,47.61123],[17.24243,47.61122],[17.21854,47.6078],[17.19996,47.60284],[17.18979,47.60242],[17.13309,47.59279],[17.10121,47.58741],[17.02955,47.59225],[17.02502,47.59353],[17.0238,47.5935],[17.02254,47.59292],[17.02116,47.59179],[17.01967,47.59131],[16.9916,47.58858],[16.97674,47.58671],[16.94544,47.59142],[16.93777,47.59343],[16.93464,47.59486],[16.9297,47.59636],[16.9206,47.59684],[16.91651,47.59742],[16.90407,47.59349],[16.85098,47.601],[16.78167,47.60041],[16.75574,47.60017],[16.70292,47.6193],[16.65299,47.6448],[16.64564,47.65032],[16.63431,47.66253],[16.62364,47.66832],[16.62189,47.67109],[16.62072,47.67246],[16.61887,47.67353],[16.61887,47.67353]]}},{"type":"Feature","properties":{"n":"Scarbantia-south"},"geometry":{"type":"LineString","coordinates":[[16.61887,47.67353],[16.61769,47.66985],[16.62512,47.66061],[16.63029,47.63256],[16.62295,47.62302],[16.62763,47.61697],[16.6248,47.60903],[16.62544,47.60525],[16.62311,47.60376],[16.62374,47.60231],[16.62472,47.60066],[16.62788,47.59741],[16.63031,47.5939],[16.63465,47.58781],[16.64286,47.57861],[16.64631,47.57178],[16.65038,47.56906],[16.65084,47.56695],[16.64951,47.56397],[16.65118,47.55726],[16.65768,47.54494],[16.66047,47.5395],[16.66014,47.53677],[16.65972,47.53576],[16.65223,47.53447],[16.64728,47.52913],[16.64561,47.52698],[16.64199,47.52268],[16.63124,47.51294],[16.6179,47.50341],[16.61472,47.49764],[16.6063,47.48973],[16.60255,47.47552],[16.60733,47.45602],[16.60351,47.44898],[16.59091,47.44493],[16.54283,47.43214],[16.53662,47.43436],[16.52058,47.44283],[16.52058,47.44283]]}},{"type":"Feature","properties":{"n":"Savaria-northeast"},"geometry":{"type":"LineString","coordinates":[[17.24485,47.61123],[17.2414,47.56447],[17.24001,47.56169],[17.21038,47.53366],[17.09847,47.47007],[17.09601,47.46921],[17.09022,47.46897],[17.08647,47.46766],[17.01205,47.42248],[16.99503,47.39806],[16.97331,47.38804],[16.93666,47.37987],[16.93456,47.37894],[16.91623,47.36616],[16.89355,47.35552],[16.8622,47.33536],[16.86015,47.33341],[16.85354,47.32343],[16.84233,47.31725],[16.83924,47.31193],[16.83707,47.30342],[16.83536,47.29976],[16.81236,47.2883],[16.80889,47.28681],[16.77364,47.28282],[16.77215,47.28205],[16.76542,47.27584],[16.75791,47.27343],[16.75512,47.27187],[16.7355,47.2659],[16.73273,47.26475],[16.72618,47.26088],[16.7248,47.26052],[16.6973,47.25572],[16.68957,47.25463],[16.66209,47.24977],[16.65451,47.24783],[16.65112,47.24667],[16.63676,47.2358],[16.63676,47.2358]]}},{"type":"Feature","properties":{"n":"Savaria-Caesariana"},"geometry":{"type":"LineString","coordinates":[[17.94354,47.12521],[17.90223,47.11705],[17.89786,47.11731],[17.89297,47.11955],[17.88939,47.12325],[17.88353,47.13803],[17.8789,47.13934],[17.82729,47.13309],[17.82257,47.12959],[17.80378,47.12516],[17.76507,47.1276],[17.74089,47.13171],[17.7281,47.1381],[17.72109,47.13908],[17.71639,47.13907],[17.71329,47.1397],[17.70952,47.14184],[17.70668,47.14285],[17.68518,47.14315],[17.65826,47.15188],[17.65389,47.15297],[17.62697,47.15193],[17.62161,47.15065],[17.61064,47.14336],[17.58258,47.13857],[17.56631,47.14342],[17.56135,47.14289],[17.55318,47.1384],[17.52991,47.13852],[17.49086,47.12575],[17.48313,47.12191],[17.46756,47.11649],[17.44351,47.11092],[17.44039,47.11163],[17.44039,47.11163]]}},{"type":"Feature","properties":{"n":"Savaria-Caesariana"},"geometry":{"type":"LineString","coordinates":[[16.83678,47.1343],[16.83551,47.13583],[16.83289,47.1368],[16.82938,47.13945],[16.82744,47.14274],[16.82521,47.14504],[16.81693,47.14918],[16.81437,47.15095],[16.80532,47.15346],[16.8042,47.15415],[16.8031,47.15692],[16.80152,47.15807],[16.79789,47.15855],[16.79612,47.15946],[16.79275,47.1601],[16.78886,47.16158],[16.77942,47.16889],[16.77115,47.17064],[16.76382,47.17601],[16.75498,47.17843],[16.74932,47.1805],[16.74461,47.18375],[16.74079,47.18491],[16.73715,47.18524],[16.72607,47.1895],[16.71701,47.19004],[16.71335,47.19064],[16.71059,47.19045],[16.70771,47.19075],[16.69845,47.1925],[16.69655,47.19437],[16.69173,47.19527],[16.69017,47.19665],[16.688,47.19751],[16.68296,47.19799],[16.67981,47.19942],[16.66101,47.20296],[16.64944,47.2034],[16.64145,47.20684],[16.63878,47.20918],[16.63747,47.21164],[16.63615,47.21532],[16.63415,47.22079],[16.62745,47.23149],[16.62745,47.23149]]}},{"type":"Feature","properties":{"n":"Savaria-Caesariana"},"geometry":{"type":"LineString","coordinates":[[16.87841,47.10487],[16.87708,47.10567],[16.87852,47.10969],[16.88025,47.11127],[16.87007,47.11685],[16.86565,47.12608],[16.85891,47.12784],[16.85755,47.12799],[16.85432,47.12974],[16.84966,47.13594],[16.84713,47.13577],[16.83678,47.1343]]}},{"type":"Feature","properties":{"n":"Savaria-Caesariana"},"geometry":{"type":"LineString","coordinates":[[17.31134,47.12145],[17.28415,47.11687],[17.2326,47.12089],[17.20641,47.12023],[17.16513,47.11074],[17.16221,47.11028],[17.15987,47.11059],[17.15741,47.11145],[17.14967,47.11724],[17.14726,47.11807],[17.14511,47.11843],[17.11121,47.115],[17.10154,47.11242],[17.08599,47.10142],[17.05303,47.09506],[17.02717,47.09485],[17.00937,47.09682],[16.99581,47.10122],[16.99137,47.10085],[16.98342,47.10301],[16.97786,47.10664],[16.97356,47.10798],[16.96277,47.10723],[16.94426,47.10295],[16.93475,47.10261],[16.92615,47.10302],[16.90376,47.10122],[16.8992,47.10084],[16.89781,47.1023],[16.89783,47.10345],[16.89711,47.10428],[16.89356,47.10484],[16.88895,47.10496],[16.88644,47.10472],[16.88156,47.10421],[16.87841,47.10487],[16.87841,47.10487]]}},{"type":"Feature","properties":{"n":"Savaria-Caesariana"},"geometry":{"type":"LineString","coordinates":[[17.44039,47.11163],[17.4112,47.1195],[17.38547,47.12253],[17.37672,47.12492],[17.36833,47.12549],[17.34925,47.1309],[17.34538,47.13138],[17.34141,47.13066],[17.33867,47.12945],[17.33484,47.12646],[17.32543,47.12292],[17.31846,47.12149],[17.31134,47.12145]]}},{"type":"Feature","properties":{"n":"Savaria-Caesariana"},"geometry":{"type":"LineString","coordinates":[[16.62745,47.23149],[16.62467,47.23083],[16.62184,47.22934],[16.6196,47.2282],[16.61867,47.2282],[16.61737,47.22946]]}},{"type":"Feature","properties":{"n":"Arrabona-Caesariana"},"geometry":{"type":"LineString","coordinates":[[17.94354,47.12521],[17.93899,47.15595],[17.93316,47.16423],[17.93935,47.16579],[17.92288,47.18981],[17.90905,47.21479],[17.88704,47.25112],[17.86573,47.28762],[17.86502,47.30227],[17.85395,47.31266],[17.84112,47.33027],[17.83132,47.34351],[17.83239,47.35186],[17.82057,47.35968],[17.81441,47.37361],[17.80182,47.38112],[17.80182,47.39069],[17.79835,47.40752],[17.80282,47.42131],[17.79414,47.45449],[17.79729,47.46651],[17.76573,47.50524],[17.75448,47.51975],[17.75893,47.5352],[17.75605,47.5455],[17.74373,47.55682],[17.74071,47.57221],[17.76292,47.58703],[17.73109,47.61419],[17.68524,47.64404],[17.6632,47.6521],[17.63546,47.68405],[17.63546,47.68405]]}},{"type":"Feature","properties":{"n":"Arrabona-Mursella"},"geometry":{"type":"LineString","coordinates":[[17.63546,47.68405],[17.63246,47.68067],[17.63182,47.67807],[17.63201,47.67662],[17.63328,47.67355],[17.63556,47.66768],[17.63757,47.66049],[17.63216,47.65424],[17.62952,47.65211],[17.62288,47.64877],[17.61545,47.64423],[17.6073,47.64203],[17.60608,47.64131],[17.60037,47.63475],[17.59069,47.6264],[17.58307,47.62025],[17.58216,47.61852],[17.57123,47.61506],[17.55619,47.60716],[17.55462,47.60586],[17.5327,47.5983],[17.531,47.59795],[17.52905,47.5974],[17.51932,47.58426],[17.51803,47.58318],[17.51694,47.58036],[17.50589,47.57136],[17.50118,47.56939],[17.49488,47.56869],[17.47325,47.5522],[17.45116,47.52737],[17.44082,47.51483],[17.43251,47.50769],[17.42535,47.50396],[17.414,47.49973],[17.41203,47.50001],[17.41203,47.50001]]}},{"type":"Feature","properties":{"n":"Mursella-Bassiana"},"geometry":{"type":"LineString","coordinates":[[17.41203,47.50001],[17.40208,47.50551],[17.39539,47.50875],[17.37556,47.50964],[17.36672,47.50935],[17.3654,47.50885],[17.35612,47.4839],[17.35018,47.47005]]}},{"type":"Feature","properties":{"n":"Savaria-Mursella"},"geometry":{"type":"LineString","coordinates":[[17.35018,47.47005],[17.34662,47.46775],[17.33087,47.43832],[17.32731,47.43809],[17.32722,47.4379],[17.32706,47.43703],[17.32526,47.43397],[17.3188,47.43164],[17.31518,47.42955],[17.31444,47.42886],[17.31216,47.42768],[17.30955,47.42799],[17.3041,47.4235],[17.29621,47.42133],[17.29379,47.41897],[17.28601,47.41341],[17.27379,47.40475],[17.21616,47.37777],[17.2004,47.3628],[17.17716,47.3544],[17.14307,47.3411],[17.12357,47.32522],[17.10382,47.31928],[17.07696,47.30792],[17.05096,47.30058],[17.04722,47.29957],[17.03841,47.29293],[17.03363,47.2905],[17.03427,47.28696],[16.99487,47.26411],[16.99254,47.26323],[16.98945,47.25903],[16.98729,47.25763],[16.97207,47.2547],[16.97028,47.25295],[16.96804,47.24921],[16.96504,47.24757],[16.96268,47.24769],[16.95235,47.24731],[16.9391,47.25176],[16.93821,47.25348],[16.93656,47.25324],[16.93549,47.25406],[16.93303,47.25529],[16.93003,47.25629],[16.91976,47.26028],[16.89921,47.26248],[16.85759,47.25963],[16.78024,47.25041],[16.6782,47.2403],[16.6544,47.23702],[16.63676,47.2358],[16.63676,47.2358]]}},{"type":"Feature","properties":{"n":"Savaria-Mursella"},"geometry":{"type":"LineString","coordinates":[[16.63676,47.2358],[16.63554,47.23533],[16.63453,47.2347],[16.63358,47.2344],[16.62745,47.23149]]}},{"type":"Feature","properties":{"n":"Savaria-Mogentiana"},"geometry":{"type":"LineString","coordinates":[[16.63676,47.2358],[16.64136,47.23376],[16.64519,47.23246],[16.66734,47.22911],[16.77297,47.20785],[16.78236,47.20301],[16.78589,47.20242],[16.79029,47.20418],[16.81543,47.2059],[16.8193,47.20483],[16.82649,47.20593],[16.83418,47.20746],[16.84109,47.20987],[16.88043,47.21037],[16.89918,47.20827],[16.90842,47.20653],[16.91096,47.20464],[16.94447,47.20653],[16.94639,47.20207],[16.9455,47.20004],[16.94854,47.19815],[16.94852,47.19624],[16.96336,47.17789],[16.9884,47.16558],[16.99959,47.16566],[17.00843,47.16196],[17.06089,47.16028],[17.10156,47.14611],[17.1423,47.13876],[17.17471,47.13618],[17.176,47.13773],[17.1838,47.13909],[17.19992,47.13931],[17.20849,47.14023],[17.2309,47.14418],[17.25028,47.14638],[17.29453,47.13022],[17.31134,47.12145]]}},{"type":"Feature","properties":{"n":"Road network-Mestrianis"},"geometry":{"type":"LineString","coordinates":[[17.44039,47.11163],[17.43961,47.10984],[17.43805,47.10874],[17.43783,47.10724],[17.43706,47.106],[17.43676,47.10372],[17.43557,47.10316],[17.43569,47.10196],[17.4339,47.10143],[17.43219,47.09907],[17.4162,47.09196],[17.41213,47.08725],[17.38433,47.07345],[17.3739,47.07213],[17.36743,47.06984],[17.36346,47.07016],[17.36108,47.06947],[17.35345,47.0697],[17.35043,47.06676],[17.34333,47.06541],[17.33928,47.0589],[17.33824,47.05421],[17.33088,47.04769],[17.3288,47.04471],[17.32817,47.04445],[17.32582,47.0443],[17.32333,47.04363],[17.32058,47.04156],[17.31623,47.0384],[17.30626,47.03415],[17.30329,47.03335],[17.29919,47.03024],[17.29625,47.02858],[17.29526,47.0273],[17.29463,47.02583],[17.29299,47.02484],[17.29211,47.02146],[17.29148,47.01592],[17.29014,47.01478],[17.28751,47.01379],[17.28732,47.01228],[17.27466,47.00176],[17.27282,46.99955],[17.26964,46.99097],[17.26982,46.99052],[17.27798,46.98332],[17.27858,46.98135],[17.27945,46.98008],[17.28188,46.97761],[17.2769,46.97565],[17.27667,46.97497],[17.27567,46.97434],[17.27543,46.97365],[17.27542,46.96993],[17.26739,46.95936],[17.26519,46.95516],[17.25865,46.95066],[17.25865,46.95066]]}},{"type":"Feature","properties":{"n":"Road network-Mestrianis"},"geometry":{"type":"LineString","coordinates":[[17.25865,46.95066],[17.21296,46.94423],[17.16674,46.93124],[17.15744,46.93639],[17.13873,46.94505],[17.12318,46.93402],[17.09221,46.92956],[17.07955,46.94337],[17.07758,46.94674],[17.07758,46.95209],[17.06932,46.96232],[17.07031,46.96352],[17.06899,46.96705],[17.06622,46.96631],[17.05396,46.97304],[17.04737,46.97357],[17.03739,46.97498],[17.03237,46.97451],[17.02744,46.97605],[17.03324,46.9824],[17.02989,46.98277],[17.02512,47.00825],[16.98786,47.04007],[16.97411,47.032],[16.95957,47.04464],[16.9539,47.04727],[16.94567,47.05428],[16.9423,47.07247],[16.93374,47.08098],[16.91422,47.08169],[16.89551,47.09063],[16.87841,47.10487]]}},{"type":"Feature","properties":{"n":"Volgum-Silicenis"},"geometry":{"type":"LineString","coordinates":[[17.2999,46.65001],[17.31961,46.66323],[17.34733,46.66932],[17.35277,46.66964],[17.38898,46.66091],[17.39276,46.6497],[17.39367,46.64495],[17.39436,46.64358],[17.39449,46.64111],[17.39554,46.63932],[17.39605,46.62611],[17.40308,46.60618],[17.40459,46.59837],[17.40589,46.59554],[17.40628,46.59258],[17.40977,46.5882],[17.41195,46.58292]]}},{"type":"Feature","properties":{"n":"Volgum-Silicenis"},"geometry":{"type":"LineString","coordinates":[[17.42477,46.41007],[17.4251,46.40502],[17.42321,46.38286],[17.42408,46.3756],[17.42415,46.36805],[17.42088,46.35396],[17.41928,46.3387],[17.41942,46.3355],[17.41798,46.33006],[17.41203,46.32248],[17.41004,46.31621],[17.41043,46.31566],[17.41062,46.31385],[17.41065,46.3095]]}},{"type":"Feature","properties":{"n":"Volgum-Silicenis"},"geometry":{"type":"LineString","coordinates":[[17.41195,46.58292],[17.41352,46.5791],[17.42144,46.58061],[17.42426,46.57234],[17.43035,46.53582],[17.43194,46.52443],[17.43457,46.49409],[17.43214,46.48768],[17.43188,46.48065],[17.42255,46.44141],[17.42477,46.41007]]}},{"type":"Feature","properties":{"n":"Volgum-Silicenis"},"geometry":{"type":"LineString","coordinates":[[17.2999,46.65001],[17.30042,46.64689],[17.30044,46.64213],[17.29896,46.64024],[17.30053,46.61341],[17.29982,46.59281],[17.2972,46.58852],[17.29745,46.58316],[17.29548,46.57055],[17.29369,46.56752],[17.29451,46.56457],[17.29373,46.5566],[17.29493,46.55463],[17.31502,46.53604],[17.31661,46.52818],[17.31356,46.52732],[17.31194,46.52439],[17.31305,46.51433],[17.31889,46.50095],[17.3194,46.49209],[17.32127,46.48759],[17.32143,46.48404],[17.32313,46.47733],[17.32283,46.47412],[17.32993,46.45897],[17.33296,46.45725],[17.33521,46.4561],[17.33845,46.45358],[17.34283,46.4503],[17.34642,46.45076],[17.35072,46.44979],[17.37383,46.44833],[17.37669,46.43849],[17.38391,46.41332],[17.38621,46.41235],[17.38571,46.41099],[17.38524,46.40818],[17.38561,46.40645]]}},{"type":"Feature","properties":{"n":"Volgum-Silicenis"},"geometry":{"type":"LineString","coordinates":[[17.38561,46.40645],[17.38663,46.40164],[17.38709,46.40009],[17.38897,46.38191],[17.39261,46.35899],[17.39561,46.32781],[17.40062,46.31611],[17.40745,46.31103],[17.41065,46.3095]]}},{"type":"Feature","properties":{"n":"Sopianae-Szeksz\u00e1rd"},"geometry":{"type":"LineString","coordinates":[[18.70976,46.37835],[18.68916,46.3787],[18.66826,46.37073],[18.6296,46.36154],[18.60489,46.35538],[18.58931,46.34297],[18.57983,46.33052],[18.554,46.31296],[18.543,46.30309],[18.51801,46.2781],[18.50888,46.26193],[18.49544,46.25741],[18.48592,46.252],[18.47761,46.24723],[18.47864,46.241],[18.47891,46.23743],[18.4782,46.23376],[18.47539,46.22974],[18.46769,46.22031],[18.45451,46.21105],[18.45305,46.20422],[18.45265,46.20178],[18.45338,46.19977],[18.44941,46.19449],[18.4488,46.19193],[18.44966,46.18966],[18.44924,46.19059],[18.44711,46.18419],[18.43768,46.16484],[18.43236,46.15987],[18.42292,46.15797],[18.42208,46.15822]]}},{"type":"Feature","properties":{"n":"Sopianae-Szeksz\u00e1rd"},"geometry":{"type":"LineString","coordinates":[[18.25291,46.07901],[18.24818,46.07903],[18.2444,46.07837],[18.23974,46.07744],[18.23807,46.07765],[18.23147,46.07658],[18.2281,46.07604]]}},{"type":"Feature","properties":{"n":"Sopianae-Szeksz\u00e1rd"},"geometry":{"type":"LineString","coordinates":[[18.42208,46.15822],[18.41947,46.15899],[18.41774,46.15838],[18.41606,46.1563],[18.41318,46.15428],[18.40973,46.15034],[18.4077,46.14566],[18.40221,46.14335],[18.39893,46.14263],[18.38996,46.13756],[18.36635,46.13186],[18.34688,46.12526],[18.34535,46.1232],[18.34325,46.1216],[18.31745,46.10891],[18.3039,46.1061],[18.29741,46.10334],[18.2838,46.0934],[18.27847,46.08861],[18.26727,46.08481],[18.25291,46.07901]]}},{"type":"Feature","properties":{"n":"Curtae-east"},"geometry":{"type":"LineString","coordinates":[[16.07914,46.43086],[16.09729,46.42315],[16.11087,46.41618],[16.1338,46.40657],[16.15047,46.40735],[16.16091,46.40938],[16.17385,46.40943],[16.20019,46.40607],[16.20989,46.40035],[16.23806,46.39759],[16.27017,46.39606],[16.28203,46.39032],[16.40814,46.38772],[16.44119,46.3872],[16.55967,46.38831],[16.64259,46.41277],[16.68905,46.41762],[16.71675,46.4193],[16.72251,46.43348],[16.76917,46.44564],[16.80042,46.45041],[16.83948,46.45809],[16.9156,46.46051],[16.95976,46.46664],[17.02592,46.46651],[17.08019,46.45956],[17.16032,46.44741],[17.19395,46.44577],[17.22059,46.4348],[17.24286,46.43],[17.26666,46.42199],[17.28931,46.41236],[17.33411,46.40775],[17.38561,46.40645]]}},{"type":"Feature","properties":{"n":"Curtae-east"},"geometry":{"type":"LineString","coordinates":[[17.38561,46.40645],[17.40481,46.40765],[17.40656,46.40793],[17.42477,46.41007]]}},{"type":"Feature","properties":{"n":"Curtae-east"},"geometry":{"type":"LineString","coordinates":[[17.42477,46.41007],[17.42695,46.40999],[17.48102,46.39999],[17.48376,46.3989],[17.49094,46.39806],[17.50009,46.39501],[17.5019,46.39275],[17.50334,46.39199],[17.50787,46.3918],[17.51099,46.3919],[17.51394,46.38947],[17.51621,46.38911],[17.51824,46.3876],[17.52845,46.38961],[17.53046,46.38936],[17.57933,46.36909],[17.61117,46.36316],[17.64753,46.35663],[17.65372,46.35912],[17.67275,46.36307],[17.67396,46.36285],[17.67829,46.3615],[17.70141,46.36596],[17.74525,46.36755],[17.75709,46.36519],[17.76066,46.36622],[17.76495,46.36596],[17.77255,46.36298],[17.77434,46.36246],[17.77652,46.36281],[17.77784,46.36338],[17.7895,46.36519],[17.80361,46.36533],[17.80518,46.36545],[17.80804,46.36539],[17.82198,46.3605],[17.82622,46.36095],[17.83623,46.36486],[17.84948,46.36601],[17.85316,46.36538],[17.87147,46.35921],[17.87655,46.35931],[17.88157,46.36174],[17.9112,46.36801],[17.91599,46.37007],[17.94338,46.36223],[17.97012,46.35467],[18.00265,46.36336],[18.01804,46.36472],[18.04004,46.36974],[18.06739,46.37652],[18.08063,46.37755],[18.09548,46.37573],[18.09548,46.37573]]}},{"type":"Feature","properties":{"n":"Balaton southern road"},"geometry":{"type":"LineString","coordinates":[[18.18773,46.99138],[18.15699,46.95936],[18.13151,46.92662],[18.04968,46.89291],[17.99242,46.88143],[17.9302,46.876],[17.87895,46.84937],[17.85871,46.84128],[17.83299,46.82561],[17.8194,46.82586],[17.78527,46.81219],[17.77688,46.80524],[17.72657,46.79582],[17.69792,46.77935],[17.6825,46.75391],[17.67378,46.71537],[17.65356,46.68462],[17.64066,46.66703],[17.63518,46.66481],[17.63836,46.65671],[17.64185,46.64085],[17.64027,46.62836],[17.63844,46.61741],[17.63709,46.6141],[17.63245,46.61176],[17.62979,46.60713],[17.61751,46.6002],[17.58721,46.58705],[17.52786,46.57702],[17.48509,46.56942],[17.44816,46.5848],[17.41195,46.58292],[17.41195,46.58292]]}},{"type":"Feature","properties":{"n":"Brigetio-southwest"},"geometry":{"type":"LineString","coordinates":[[18.1914,47.72874],[18.18395,47.72501]]}},{"type":"Feature","properties":{"n":"Brigetio-south"},"geometry":{"type":"LineString","coordinates":[[18.18395,47.72501],[18.09147,47.6741],[18.08483,47.66533],[18.08495,47.66177],[18.08982,47.64976],[18.08823,47.6484],[18.08437,47.64556],[18.08413,47.64356],[18.08254,47.63902],[18.0804,47.63797]]}},{"type":"Feature","properties":{"n":"Brigetio-south"},"geometry":{"type":"LineString","coordinates":[[18.30206,47.29257],[18.3039,47.29039],[18.31697,47.27912],[18.32233,47.27124],[18.32499,47.26912],[18.33405,47.26553],[18.33626,47.26408],[18.34023,47.2599],[18.34534,47.25291],[18.34741,47.25099],[18.3558,47.24578],[18.37189,47.2332],[18.38883,47.21771],[18.39846,47.2113],[18.40331,47.20707],[18.40704,47.20341],[18.41002,47.19919],[18.40926,47.19606],[18.40993,47.19548],[18.41383,47.18868],[18.41265,47.18722],[18.41432,47.1856],[18.41848,47.1764],[18.42127,47.16951],[18.42184,47.1687],[18.42306,47.16782],[18.42517,47.16642],[18.42594,47.16515],[18.42932,47.15775],[18.43328,47.15344],[18.43709,47.14884],[18.43709,47.14884]]}},{"type":"Feature","properties":{"n":"Brigetio-south"},"geometry":{"type":"LineString","coordinates":[[18.06443,47.48414],[18.06966,47.48123],[18.09103,47.46246],[18.10148,47.45204],[18.11552,47.43923],[18.11995,47.4331],[18.13702,47.4236],[18.13902,47.42147],[18.1454,47.41392],[18.14755,47.41234],[18.16402,47.40349],[18.17232,47.39679],[18.17844,47.39291],[18.18006,47.39107],[18.18468,47.38379],[18.18941,47.3785],[18.19346,47.3717],[18.20392,47.36243],[18.2104,47.35754],[18.2519,47.33498],[18.26118,47.33183],[18.26788,47.32799],[18.28423,47.31544],[18.28677,47.31275],[18.29259,47.30376],[18.30206,47.29257]]}},{"type":"Feature","properties":{"n":"Brigetio-south"},"geometry":{"type":"LineString","coordinates":[[18.0804,47.63797],[18.07692,47.6355],[18.07631,47.63259],[18.07391,47.63012],[18.07364,47.62799],[18.07133,47.6227],[18.06961,47.62072],[18.06194,47.60793],[18.06108,47.60521],[18.05844,47.57816],[18.05903,47.57613],[18.06386,47.56745],[18.07196,47.54732],[18.07191,47.54509],[18.07147,47.5437],[18.06217,47.52716],[18.05504,47.51809],[18.04486,47.50904],[18.04407,47.50751],[18.0441,47.5055],[18.05012,47.49344],[18.05315,47.49059],[18.06443,47.48414]]}},{"type":"Feature","properties":{"n":"Tatabanya-west"},"geometry":{"type":"LineString","coordinates":[[18.06443,47.48414],[18.07114,47.48412],[18.08006,47.48575],[18.08614,47.48527],[18.08792,47.48564],[18.09649,47.4848],[18.09736,47.48563],[18.10143,47.48647],[18.10395,47.48669],[18.10608,47.48775],[18.11446,47.48871],[18.11954,47.48987],[18.12351,47.49128],[18.13226,47.4953],[18.13702,47.50046],[18.14012,47.50225],[18.15551,47.50848],[18.18317,47.51305],[18.18521,47.51612],[18.19516,47.51967],[18.1969,47.52296],[18.20239,47.52516],[18.21178,47.52289],[18.22356,47.52466],[18.24376,47.51667],[18.26308,47.51269],[18.27012,47.51585],[18.28562,47.52783],[18.30966,47.54117],[18.32886,47.5471],[18.3324,47.54778]]}},{"type":"Feature","properties":{"n":"Corsium-Vetus Salina"},"geometry":{"type":"LineString","coordinates":[[18.86145,47.14057],[18.83954,47.14047],[18.8395,47.13981],[18.83568,47.13936],[18.82215,47.13379],[18.81488,47.12772],[18.79788,47.1208],[18.78235,47.11755],[18.77262,47.11443],[18.76638,47.11134],[18.75058,47.11036],[18.73598,47.10522],[18.72645,47.10275],[18.70701,47.08458],[18.70131,47.08781],[18.6403,47.10425],[18.6279,47.1076],[18.59295,47.11193],[18.59108,47.11204],[18.58847,47.11167],[18.58297,47.10875],[18.57924,47.11103],[18.57623,47.11066],[18.57161,47.10969],[18.57048,47.10961],[18.56331,47.1075],[18.5622,47.10683],[18.56079,47.10674],[18.55393,47.10516],[18.54902,47.10321],[18.54186,47.10281],[18.51481,47.09968],[18.51129,47.10063],[18.50353,47.1018],[18.49182,47.1026],[18.47887,47.10312],[18.47887,47.10312]]}},{"type":"Feature","properties":{"n":"Corsium-Vetus Salina"},"geometry":{"type":"LineString","coordinates":[[18.47887,47.10312],[18.4445,47.1044],[18.42085,47.09149],[18.41956,47.09129]]}},{"type":"Feature","properties":{"n":"Intercisa-Nagyvenyim"},"geometry":{"type":"LineString","coordinates":[[18.9333,46.97919],[18.93101,46.97763],[18.93074,46.97796],[18.93088,46.97836],[18.93097,46.97879],[18.93051,46.97907],[18.9282,46.9794],[18.92603,46.97922],[18.92413,46.97884],[18.92267,46.97902],[18.92084,46.97778],[18.91032,46.974],[18.90916,46.97396],[18.90825,46.97277],[18.90645,46.97271],[18.90389,46.97208],[18.87225,46.95974],[18.85501,46.9552],[18.83131,46.94536],[18.82724,46.9442],[18.82374,46.9438],[18.81487,46.9435],[18.81207,46.94284],[18.80929,46.94151],[18.80453,46.93921],[18.79559,46.93326],[18.76477,46.91906],[18.7622,46.91747],[18.74988,46.9145],[18.73231,46.90754],[18.70942,46.89843],[18.70888,46.89774],[18.7093,46.89511],[18.70897,46.89449],[18.68208,46.88156],[18.67813,46.87854],[18.67678,46.87637],[18.67643,46.87499],[18.63667,46.86121],[18.63546,46.86036],[18.63101,46.85877],[18.63101,46.85877]]}},{"type":"Feature","properties":{"n":"Intercisa-Nagyvenyim"},"geometry":{"type":"LineString","coordinates":[[18.63101,46.85877],[18.6268,46.85558],[18.60403,46.85031],[18.58024,46.85344],[18.5796,46.85326],[18.57503,46.85164],[18.56496,46.84813],[18.56402,46.84746],[18.56327,46.84656],[18.56008,46.84407],[18.55932,46.84374],[18.54753,46.84118],[18.53302,46.83679],[18.52795,46.83617],[18.52575,46.83584],[18.5221,46.83435],[18.5219,46.83402],[18.52182,46.83335],[18.52144,46.83323],[18.52012,46.83318],[18.51976,46.83287],[18.51936,46.83235],[18.51737,46.83186]]}},{"type":"Feature","properties":{"n":"Lussomana-northwest"},"geometry":{"type":"LineString","coordinates":[[18.39745,47.59135],[18.40928,47.57835],[18.41477,47.57468],[18.42148,47.57234],[18.4325,47.57153],[18.43533,47.57028],[18.44687,47.56247],[18.4482,47.55972],[18.44799,47.55793],[18.44675,47.5546],[18.44775,47.54612],[18.44904,47.54388],[18.45313,47.53876],[18.4571,47.53598],[18.45822,47.53469],[18.45926,47.53214],[18.4608,47.53072],[18.47121,47.52199],[18.47657,47.51482],[18.47888,47.51305],[18.4814,47.51174],[18.48831,47.50851],[18.49535,47.50362],[18.50806,47.49704],[18.51248,47.49372],[18.51452,47.4927],[18.51725,47.49229],[18.52076,47.49186],[18.52232,47.49122],[18.52764,47.48721],[18.53182,47.48497],[18.53638,47.48359],[18.54358,47.48273],[18.55381,47.48434],[18.55883,47.48527],[18.57007,47.4858],[18.57292,47.48648],[18.58392,47.49134],[18.58827,47.4917],[18.59729,47.49152],[18.619,47.48747],[18.62596,47.48681],[18.62596,47.48681]]}},{"type":"Feature","properties":{"n":"Lussomana-northwest"},"geometry":{"type":"LineString","coordinates":[[18.62596,47.48681],[18.63581,47.4906],[18.63687,47.49121]]}},{"type":"Feature","properties":{"n":"Gorsium-south"},"geometry":{"type":"LineString","coordinates":[[18.41956,47.09129],[18.42832,47.06438],[18.4387,47.04583],[18.44527,47.02618],[18.44634,47.02553],[18.44804,47.02386],[18.45124,47.01977],[18.45186,47.0187],[18.45267,47.01624],[18.45719,47.00917],[18.46177,47.00768],[18.4627,47.00733],[18.4634,47.00681],[18.46388,47.00597],[18.46392,47.0052],[18.46455,47.0042],[18.4632,47.00106],[18.48746,46.96006],[18.48913,46.9582],[18.48438,46.95581],[18.48271,46.95357],[18.47537,46.94864],[18.4754,46.94355],[18.46713,46.92763],[18.47475,46.88987],[18.4913,46.87382],[18.50133,46.85969],[18.50643,46.84899],[18.51505,46.8367],[18.51737,46.83186]]}},{"type":"Feature","properties":{"n":"Gorsium-south"},"geometry":{"type":"LineString","coordinates":[[18.35525,46.53845],[18.35829,46.53471],[18.36233,46.53141],[18.37483,46.52638],[18.38268,46.52421],[18.39425,46.50639],[18.37096,46.48208],[18.36694,46.4761],[18.36173,46.47274],[18.355,46.46869],[18.34235,46.46572],[18.31983,46.45503],[18.32017,46.44917],[18.31964,46.44763],[18.3104,46.44667],[18.2756,46.44785],[18.26258,46.44598],[18.25283,46.44464],[18.24317,46.44096],[18.24082,46.43246],[18.23494,46.42748],[18.22408,46.42381],[18.21909,46.42686],[18.18555,46.41712],[18.15337,46.39844],[18.13761,46.38584],[18.13085,46.37779],[18.12764,46.3658],[18.12743,46.36318],[18.12553,46.3598],[18.12519,46.33626],[18.12382,46.33488],[18.1212,46.33459]]}},{"type":"Feature","properties":{"n":"Gorsium-south"},"geometry":{"type":"LineString","coordinates":[[18.51737,46.83186],[18.52107,46.82148],[18.53494,46.79966],[18.53963,46.79063],[18.53963,46.78252],[18.5413,46.75744],[18.53837,46.75518],[18.53636,46.75325],[18.53004,46.74835],[18.52698,46.74701],[18.51754,46.74488],[18.47724,46.72901],[18.43721,46.69319],[18.43284,46.68912],[18.4315,46.68754],[18.43056,46.68514],[18.42964,46.67688],[18.42868,46.67268],[18.42701,46.67017],[18.4115,46.65645],[18.40921,46.65366],[18.4087,46.65057],[18.408,46.61351],[18.40779,46.60333],[18.40318,46.59541],[18.40303,46.59507],[18.40367,46.594],[18.40262,46.58915],[18.40173,46.58675],[18.40126,46.58583],[18.40032,46.58487],[18.40018,46.58349],[18.39637,46.57981],[18.39486,46.57928],[18.39403,46.57883],[18.39287,46.57851],[18.39076,46.57851],[18.39016,46.5759],[18.38048,46.57206],[18.3786,46.57183],[18.37418,46.56952],[18.37161,46.5659],[18.37031,46.56135],[18.36866,46.55918],[18.36869,46.55812],[18.36837,46.55721],[18.36424,46.55275],[18.36133,46.54334],[18.36098,46.54255],[18.35525,46.53845],[18.35525,46.53845]]}},{"type":"Feature","properties":{"n":"Enying connecting road"},"geometry":{"type":"LineString","coordinates":[[18.35525,46.53845],[18.31757,46.58081],[18.31439,46.58751],[18.30979,46.59671],[18.30618,46.60414],[18.30236,46.61083],[18.29657,46.61829],[18.29054,46.62506],[18.28301,46.63073],[18.2816,46.63284],[18.28141,46.63649],[18.27244,46.65924],[18.26895,46.66407],[18.27873,46.6838],[18.28641,46.72877],[18.28612,46.74161],[18.28245,46.75112],[18.28034,46.75431],[18.28009,46.75745],[18.28046,46.76181],[18.28025,46.7648],[18.27798,46.77309],[18.27845,46.78546],[18.28742,46.79653],[18.28357,46.81865],[18.28571,46.82525],[18.28635,46.82643],[18.27614,46.82949],[18.267,46.834],[18.26472,46.83853],[18.26621,46.84501],[18.26476,46.84874],[18.26934,46.85705],[18.27271,46.86455],[18.26663,46.87447],[18.26718,46.87698],[18.26953,46.88005],[18.26638,46.88807],[18.25921,46.92175],[18.24294,46.9295],[18.24294,46.9295]]}},{"type":"Feature","properties":{"n":"Matrica-Gorsium"},"geometry":{"type":"LineString","coordinates":[[18.91249,47.32388],[18.90929,47.32223],[18.89943,47.31412],[18.89554,47.31234],[18.88643,47.3074],[18.86823,47.30556],[18.86042,47.30474],[18.82358,47.305],[18.80457,47.30666],[18.78876,47.31405],[18.78747,47.31271],[18.78713,47.31101],[18.78474,47.30836],[18.7728,47.30081],[18.76176,47.29495],[18.75741,47.28814],[18.75418,47.28368],[18.74773,47.27871],[18.71523,47.26049],[18.71073,47.25704],[18.6974,47.24799],[18.6835,47.24279],[18.68105,47.24155],[18.67969,47.24149],[18.67099,47.23797],[18.66905,47.23773],[18.65988,47.23878],[18.65505,47.24024],[18.64724,47.24198],[18.64504,47.24172],[18.63806,47.24165],[18.63448,47.24084],[18.6303,47.2411],[18.62571,47.24158],[18.62181,47.24109],[18.61787,47.23996],[18.61536,47.23886],[18.61314,47.23756],[18.60926,47.23661],[18.60626,47.23699],[18.60442,47.23698],[18.60129,47.2374],[18.59952,47.23888],[18.59625,47.24],[18.59262,47.23916],[18.58662,47.23636],[18.58469,47.23627],[18.58288,47.23632],[18.58187,47.23578],[18.58082,47.23412],[18.5788,47.23201],[18.57299,47.22927],[18.57299,47.22927]]}},{"type":"Feature","properties":{"n":"Matrica-Gorsium"},"geometry":{"type":"LineString","coordinates":[[18.43709,47.14884],[18.42892,47.1364],[18.42434,47.1221],[18.42139,47.11269],[18.41979,47.10092],[18.41956,47.09129]]}},{"type":"Feature","properties":{"n":"Matrica-Gorsium"},"geometry":{"type":"LineString","coordinates":[[18.57299,47.22927],[18.5684,47.22652],[18.5628,47.2256],[18.55637,47.22143],[18.55322,47.22057],[18.54605,47.21776],[18.54353,47.21722],[18.5423,47.21711],[18.5257,47.21229],[18.51621,47.21061],[18.50943,47.20862],[18.50571,47.20723],[18.50472,47.20531],[18.50046,47.20321],[18.49118,47.18285],[18.46063,47.16835],[18.43994,47.15085],[18.43709,47.14884]]}},{"type":"Feature","properties":{"n":"Sopianae-Tricciana"},"geometry":{"type":"LineString","coordinates":[[18.2281,46.07604],[18.23736,46.07927],[18.25123,46.08874],[18.25975,46.09716],[18.2599,46.1015],[18.25913,46.10931],[18.26033,46.11502],[18.26154,46.12202],[18.25492,46.12773],[18.25051,46.13643],[18.2492,46.14291],[18.24785,46.14789],[18.24501,46.14669],[18.24391,46.14922],[18.24286,46.15445],[18.23839,46.15733],[18.23977,46.15803],[18.23875,46.16039],[18.23629,46.15986],[18.2334,46.16067],[18.22664,46.1599],[18.21555,46.1611],[18.21557,46.16544],[18.21228,46.17161],[18.20817,46.18248],[18.19527,46.19904],[18.18913,46.21064],[18.17939,46.20962],[18.17293,46.21377],[18.12346,46.21713],[18.12184,46.2252],[18.10657,46.25275],[18.1046,46.26477],[18.10917,46.28013],[18.13126,46.30564],[18.1212,46.33459],[18.1212,46.33459]]}},{"type":"Feature","properties":{"n":"Sopianae-Tricciana"},"geometry":{"type":"LineString","coordinates":[[18.1212,46.33459],[18.11969,46.33637],[18.11698,46.34251],[18.11296,46.34715],[18.10806,46.35156],[18.10367,46.35842],[18.10574,46.36025],[18.10048,46.36623],[18.09785,46.37197],[18.09548,46.37573]]}},{"type":"Feature","properties":{"n":"Sopianae-Tricciana"},"geometry":{"type":"LineString","coordinates":[[18.09548,46.37573],[18.08877,46.43285],[18.10095,46.47755],[18.12872,46.5103],[18.13531,46.53851],[18.17261,46.57162],[18.16665,46.5822],[18.14849,46.59983],[18.13417,46.61093],[18.10586,46.62075],[18.0723,46.63696],[18.0654,46.64505],[18.05433,46.66908],[18.05094,46.68811],[18.06816,46.69587],[18.07652,46.71167],[18.07845,46.71884],[18.09292,46.72869],[18.08775,46.73718],[18.09135,46.73982],[18.09981,46.74702],[18.09463,46.75515],[18.09862,46.75934],[18.09858,46.78868],[18.1076,46.79596],[18.10702,46.80061],[18.10892,46.80687],[18.10748,46.82346],[18.10445,46.83231],[18.14797,46.8558],[18.16267,46.85904],[18.20253,46.8944],[18.23855,46.91981],[18.23983,46.92797],[18.24294,46.9295]]}},{"type":"Feature","properties":{"n":"Silicenis-Sopianae"},"geometry":{"type":"LineString","coordinates":[[18.2281,46.07604],[18.21585,46.0732],[18.20811,46.07079],[18.20667,46.06985],[18.20276,46.06893],[18.19234,46.06538],[18.18092,46.06474],[18.17292,46.06508],[18.16688,46.06505],[18.1619,46.06517],[18.15478,46.06365]]}},{"type":"Feature","properties":{"n":"Silicenis-Sopianae"},"geometry":{"type":"LineString","coordinates":[[17.7852,46.0483],[17.77956,46.05615],[17.74883,46.09218],[17.74983,46.09447],[17.71597,46.10612],[17.66927,46.12531],[17.66631,46.13082],[17.66617,46.13377],[17.66541,46.13461],[17.64542,46.13979],[17.64782,46.14506],[17.64709,46.14832],[17.64364,46.14945],[17.62858,46.15958],[17.62764,46.16185],[17.62139,46.1612],[17.61387,46.16318],[17.60444,46.162],[17.59992,46.16235],[17.59891,46.16304],[17.59863,46.16765],[17.5936,46.1697],[17.588,46.1782],[17.56979,46.19742],[17.55987,46.20811],[17.53924,46.23158],[17.53769,46.23302],[17.53266,46.23533],[17.53242,46.23702],[17.51377,46.24941],[17.51116,46.25002],[17.45339,46.24282],[17.45401,46.2551],[17.45528,46.25999],[17.45569,46.26599],[17.45309,46.2783],[17.44853,46.28719],[17.44809,46.29043],[17.44677,46.29206],[17.41937,46.29022],[17.41391,46.29576],[17.41065,46.3095]]}},{"type":"Feature","properties":{"n":"Silicenis-Sopianae"},"geometry":{"type":"LineString","coordinates":[[18.05852,46.0485],[18.05018,46.04278],[18.02557,46.0317],[18.02002,46.03216],[17.98642,46.04029],[17.98586,46.04068],[17.98568,46.04121],[17.98568,46.04287]]}},{"type":"Feature","properties":{"n":"Silicenis-Sopianae"},"geometry":{"type":"LineString","coordinates":[[17.98568,46.04287],[17.98415,46.04361],[17.97492,46.04308],[17.96362,46.03992],[17.94971,46.03749],[17.93117,46.03921],[17.91317,46.0444],[17.90232,46.04871],[17.90034,46.04912],[17.86456,46.04766],[17.83757,46.04945],[17.82156,46.04867],[17.81989,46.0483],[17.81672,46.04354],[17.81502,46.04284],[17.80263,46.04335],[17.8014,46.04354],[17.79939,46.04373],[17.79865,46.04422],[17.79705,46.04723],[17.79197,46.04681],[17.79005,46.04735],[17.78817,46.04768],[17.78589,46.04827],[17.7852,46.0483]]}},{"type":"Feature","properties":{"n":"Silicenis-Sopianae"},"geometry":{"type":"LineString","coordinates":[[18.15478,46.06365],[18.1481,46.06223],[18.13821,46.06158],[18.12242,46.06198],[18.07772,46.05246],[18.0685,46.05194],[18.05852,46.0485]]}},{"type":"Feature","properties":{"n":"Cserdi-south"},"geometry":{"type":"LineString","coordinates":[[17.98568,46.04287],[17.98692,46.04694],[17.99074,46.05911],[17.99045,46.08186]]}},{"type":"Feature","properties":{"n":"Cserdi-south"},"geometry":{"type":"LineString","coordinates":[[17.99045,46.08186],[17.98948,46.08377],[17.98704,46.08557],[17.98365,46.08655],[17.98104,46.08949]]}},{"type":"Feature","properties":{"n":"Cserdi-east"},"geometry":{"type":"LineString","coordinates":[[17.99045,46.08186],[17.99083,46.08049],[17.99079,46.07888],[17.99193,46.07746],[17.99352,46.0763],[18.00282,46.07434],[18.00976,46.0765],[18.01547,46.07737],[18.02813,46.07685],[18.04802,46.07259],[18.0499,46.07044],[18.05136,46.05857],[18.0531,46.05341],[18.05852,46.0485]]}},{"type":"Feature","properties":{"n":"Halicanum-Sala"},"geometry":{"type":"LineString","coordinates":[[16.46719,46.62563],[16.47558,46.63253],[16.49049,46.64597],[16.50267,46.66049],[16.51471,46.67185],[16.52467,46.67723],[16.534,46.6854],[16.53988,46.69203],[16.5517,46.7061],[16.55173,46.71268],[16.55022,46.71763],[16.55328,46.73659],[16.55469,46.74176],[16.55503,46.74536],[16.56731,46.7688],[16.56582,46.77515],[16.5671,46.77915],[16.56607,46.78233],[16.56657,46.7843],[16.56819,46.78735],[16.56319,46.79765],[16.56263,46.80942],[16.56576,46.8119],[16.57766,46.81633],[16.58039,46.82105],[16.58171,46.82222],[16.58408,46.82931],[16.58622,46.83386],[16.5902,46.83462],[16.59034,46.83559],[16.58949,46.83672],[16.59032,46.83796],[16.58985,46.83822],[16.58847,46.83721],[16.58869,46.84111],[16.58621,46.84373],[16.58547,46.84635],[16.5848,46.84708]]}},{"type":"Feature","properties":{"n":"Sopianae-southwest"},"geometry":{"type":"LineString","coordinates":[[17.968,45.75204],[17.97313,45.77858],[17.96411,45.80911],[17.9661,45.81537],[17.97144,45.82786],[17.97254,45.83054],[17.97506,45.83886],[17.97443,45.83987],[17.97533,45.84151],[17.98268,45.85498],[17.98227,45.85868],[17.9832,45.85991],[17.9856,45.86046],[18.01184,45.89255],[18.03219,45.89213],[18.039,45.89506],[18.04022,45.89666],[18.04128,45.90272],[18.04451,45.90388],[18.04604,45.90525],[18.04644,45.90674],[18.07874,45.9462],[18.0853,45.95023],[18.08844,45.95311],[18.08895,45.95534],[18.08889,45.95698],[18.11368,45.96427],[18.12766,45.9686],[18.1293,45.96991],[18.13784,45.97437],[18.15174,45.98305],[18.1537,45.99194],[18.15985,45.99945],[18.16007,46.00625],[18.16113,46.01777],[18.15855,46.02838],[18.15432,46.03918],[18.15471,46.04253],[18.15478,46.06365],[18.15478,46.06365]]}},{"type":"Feature","properties":{"n":"Gorsium-Alta Ripa"},"geometry":{"type":"LineString","coordinates":[[18.79025,46.50532],[18.76876,46.52697],[18.76086,46.53344],[18.73704,46.55093],[18.72982,46.56866],[18.72157,46.59125],[18.71841,46.59709],[18.71605,46.60273],[18.70306,46.62164],[18.69771,46.62988],[18.69401,46.63577],[18.69302,46.64143],[18.68738,46.65016],[18.6898,46.65175],[18.68561,46.66029],[18.68269,46.6609],[18.67854,46.66551],[18.66946,46.67332],[18.66572,46.679],[18.67188,46.6865],[18.6711,46.69941],[18.66745,46.70584],[18.66555,46.71335],[18.66468,46.71813],[18.66002,46.72715],[18.6571,46.73646],[18.64527,46.74641],[18.63424,46.76397],[18.62862,46.76964],[18.62967,46.77172],[18.63956,46.8086],[18.64061,46.81475],[18.63629,46.82897],[18.63561,46.84436],[18.63101,46.85877],[18.63101,46.85877]]}},{"type":"Feature","properties":{"n":"Gorsium-Alta Ripa"},"geometry":{"type":"LineString","coordinates":[[18.63101,46.85877],[18.63014,46.86169],[18.62687,46.86696],[18.62594,46.87094],[18.62563,46.87483],[18.6204,46.8855],[18.61848,46.88868],[18.61372,46.89886],[18.61372,46.89982],[18.61224,46.90103],[18.60592,46.91606],[18.60285,46.92035],[18.60246,46.92177],[18.59802,46.93328],[18.59545,46.93713],[18.5922,46.94573],[18.59107,46.94739],[18.57247,46.97139],[18.55311,47.0089],[18.54637,47.01742],[18.51698,47.06246],[18.50391,47.07886],[18.47887,47.10312]]}},{"type":"Feature","properties":{"n":"Carnuntum-Ad Flexum"},"geometry":{"type":"LineString","coordinates":[[17.26867,47.87363],[17.26752,47.87387],[17.26669,47.87385],[17.26071,47.8767],[17.22711,47.89048],[17.22029,47.89472],[17.20796,47.89765],[17.19433,47.90345],[17.18842,47.90546],[17.1781,47.90865],[17.16888,47.91062],[17.16426,47.91251],[17.16119,47.9132],[17.15596,47.91484],[17.15091,47.91567],[17.14815,47.91668],[17.13347,47.92104],[17.11194,47.92763],[17.08825,47.93519],[17.07898,47.93736],[17.07625,47.93794],[17.07442,47.93876],[17.07246,47.93936],[17.06995,47.94048],[17.06817,47.9404],[17.06534,47.94155],[17.05324,47.94488],[17.0476,47.94572],[17.0353,47.9523],[17.01579,47.96962],[17.01389,47.97262],[17.01215,47.97419],[17.01092,47.97601],[17.00952,47.97863],[17.00918,47.9794],[17.00931,47.98002],[17.00383,47.98275],[17.00305,47.98316],[17.00332,47.98425],[17.00323,47.98518],[17.00084,47.99228],[16.99549,48.0035],[16.98699,48.01218],[16.98551,48.01394],[16.98452,48.01458],[16.98343,48.01507],[16.98009,48.01621],[16.97735,48.01737],[16.96654,48.0216],[16.96426,48.02233],[16.95414,48.04176],[16.95372,48.04279],[16.95248,48.04496],[16.9509,48.04922],[16.94913,48.05753],[16.92282,48.08858],[16.90222,48.109],[16.90222,48.109]]}},{"type":"Feature","properties":{"n":"Floriana-road network"},"geometry":{"type":"LineString","coordinates":[[18.3324,47.54778],[18.33181,47.54694],[18.33378,47.54486],[18.3368,47.53969],[18.33086,47.51142],[18.33896,47.50242],[18.34253,47.50047],[18.34555,47.49402],[18.34574,47.4922],[18.3486,47.48915],[18.35347,47.48137],[18.36374,47.47349],[18.3677,47.46736],[18.36855,47.46352],[18.37272,47.45875],[18.38125,47.45118],[18.38771,47.44745],[18.39378,47.44169],[18.39897,47.43743],[18.40302,47.4347],[18.40883,47.42987],[18.41197,47.42608],[18.41945,47.42217],[18.42858,47.4201],[18.43282,47.41861],[18.43996,47.41418],[18.44557,47.41001],[18.4483,47.40415],[18.45048,47.40194],[18.45476,47.39802],[18.4603,47.39356],[18.46523,47.39368],[18.46957,47.3939]]}},{"type":"Feature","properties":{"n":"Floriana-road network"},"geometry":{"type":"LineString","coordinates":[[18.46957,47.3939],[18.48309,47.38941],[18.4865,47.3844],[18.48979,47.38134],[18.49511,47.37844],[18.49722,47.37659],[18.49753,47.37365],[18.50368,47.37045],[18.5162,47.36013],[18.52221,47.35624],[18.52154,47.33805],[18.53004,47.32939],[18.54638,47.31458],[18.5526,47.30886],[18.55545,47.30536],[18.55807,47.30597],[18.55965,47.30516],[18.55645,47.29799],[18.53355,47.272],[18.52769,47.2679],[18.52707,47.26703],[18.53289,47.26505],[18.53439,47.26393],[18.53691,47.26414],[18.54013,47.26117],[18.54475,47.26177],[18.54908,47.25688],[18.5511,47.25657],[18.55287,47.253],[18.55178,47.24946],[18.55914,47.24652],[18.56156,47.24025],[18.56323,47.23728],[18.5683,47.23392],[18.57138,47.23111],[18.57299,47.22927],[18.57299,47.22927]]}},{"type":"Feature","properties":{"n":"Lussomana-Floriana"},"geometry":{"type":"LineString","coordinates":[[18.62596,47.48681],[18.62287,47.48427],[18.61727,47.48144],[18.61355,47.4805],[18.61051,47.48012],[18.60168,47.47735],[18.59843,47.47498],[18.59605,47.47422],[18.58847,47.47288],[18.56109,47.46226],[18.54829,47.45239],[18.54563,47.44889],[18.54544,47.44664],[18.54427,47.44381],[18.54375,47.44328],[18.54109,47.442],[18.53919,47.44089],[18.53761,47.43971],[18.53439,47.43845],[18.53271,47.43811],[18.53164,47.43731],[18.53083,47.43541],[18.53241,47.43219],[18.53226,47.43172],[18.53183,47.43092],[18.53113,47.43021],[18.52906,47.42918],[18.52836,47.42862],[18.5279,47.42859],[18.52569,47.42981],[18.52522,47.42976],[18.52307,47.4278],[18.50631,47.4208],[18.49144,47.41023],[18.46957,47.3939],[18.46957,47.3939]]}},{"type":"Feature","properties":{"n":"Lussomana-Floriana"},"geometry":{"type":"LineString","coordinates":[[18.46957,47.3939],[18.46476,47.39128],[18.45991,47.38696],[18.4588,47.38459],[18.41795,47.34886],[18.38786,47.34265],[18.37425,47.34176],[18.3703,47.34103],[18.36576,47.34109],[18.3625,47.34035],[18.36309,47.33675],[18.36424,47.33478],[18.33296,47.31154],[18.32843,47.30789],[18.32776,47.30671],[18.32756,47.30523],[18.31793,47.30052],[18.30206,47.29257]]}},{"type":"Feature","properties":{"n":"Biatorb\u00e1gy-Tokod"},"geometry":{"type":"LineString","coordinates":[[18.83285,47.47209],[18.82893,47.47794],[18.82769,47.48435],[18.82462,47.49372],[18.82321,47.51044],[18.83171,47.51585],[18.83602,47.52417],[18.84448,47.53738],[18.83652,47.54022],[18.83242,47.54417],[18.82861,47.54683],[18.82107,47.55047],[18.80336,47.55574],[18.77493,47.57847],[18.76725,47.58294],[18.76016,47.59121],[18.77156,47.59456],[18.76882,47.60511],[18.76846,47.61201],[18.76435,47.6179],[18.73986,47.63419],[18.73579,47.63757],[18.7316,47.63553],[18.71444,47.65126],[18.70852,47.65555],[18.70259,47.65846],[18.69518,47.66426],[18.68097,47.67485],[18.67653,47.68051],[18.66886,47.6863],[18.65629,47.70025],[18.64129,47.70562],[18.63188,47.70902],[18.62745,47.71606],[18.64343,47.72193],[18.65411,47.71895],[18.67665,47.72848],[18.67665,47.72848]]}},{"type":"Feature","properties":{"n":"Network connecting road"},"geometry":{"type":"LineString","coordinates":[[18.30206,47.29257],[18.29377,47.28518],[18.28742,47.28005],[18.27937,47.27403],[18.27372,47.26983],[18.27624,47.26423],[18.26872,47.263],[18.27062,47.26157],[18.26599,47.26221],[18.26101,47.25713],[18.25286,47.25662],[18.23787,47.25201],[18.23487,47.24987],[18.2323,47.24787],[18.2191,47.2377],[18.21494,47.23374],[18.20381,47.23647],[18.18591,47.22514],[18.17839,47.2146],[18.1625,47.20729],[18.16119,47.20196],[18.14414,47.19153],[18.12979,47.18296],[18.10891,47.17648],[18.07624,47.15288],[18.06322,47.14373],[18.05308,47.13883],[18.0444,47.13605],[18.03917,47.13063],[18.03303,47.12365],[18.03862,47.10961],[18.04354,47.10778],[18.04437,47.1054],[18.04036,47.09309],[18.03885,47.09204]]}},{"type":"Feature","properties":{"n":"Ad Mures-southeast"},"geometry":{"type":"LineString","coordinates":[[17.84717,47.73193],[17.84899,47.72982],[17.85989,47.72058],[17.86587,47.71636],[17.87474,47.70608],[17.8743,47.70325],[17.8784,47.69764],[17.88128,47.69468],[17.88522,47.68611],[17.88602,47.68597],[17.89016,47.68315],[17.9326,47.67911],[18.00697,47.68339],[18.02412,47.68216],[18.03202,47.68106],[18.03171,47.67976],[18.03455,47.67818],[18.04616,47.66419],[18.0562,47.66033],[18.07097,47.64436],[18.07645,47.64309],[18.07831,47.64116],[18.07953,47.6397],[18.0804,47.63797]]}},{"type":"Feature","properties":{"n":"Ad Mures-southeast"},"geometry":{"type":"LineString","coordinates":[[18.0804,47.63797],[18.08232,47.63834],[18.08814,47.63719],[18.13972,47.62118],[18.15135,47.62074],[18.18803,47.6096],[18.1972,47.60615],[18.20968,47.60508],[18.211,47.6047],[18.21606,47.60667],[18.22362,47.60933],[18.22385,47.60973],[18.22348,47.6106],[18.22381,47.61135],[18.23139,47.6184],[18.24775,47.62577],[18.26453,47.62743],[18.27824,47.62535],[18.30808,47.62579],[18.3287,47.62173],[18.34413,47.61633]]}},{"type":"Feature","properties":{"n":"Aquincum-Tokod"},"geometry":{"type":"LineString","coordinates":[[19.04931,47.5664],[19.03856,47.56733],[19.0152,47.57483]]}},{"type":"Feature","properties":{"n":"Aquincum-Tokod"},"geometry":{"type":"LineString","coordinates":[[19.0152,47.57483],[18.99045,47.58833],[18.98854,47.58911],[18.98675,47.59064],[18.98333,47.59276],[18.9802,47.59441],[18.97861,47.59589],[18.97757,47.59636],[18.97667,47.59626],[18.97131,47.5963],[18.97004,47.59674],[18.96688,47.59678],[18.96636,47.59713],[18.96575,47.59836],[18.93074,47.61302],[18.92429,47.61452],[18.91818,47.61622],[18.91548,47.61679],[18.9144,47.61726],[18.91206,47.61968],[18.9111,47.62133],[18.90981,47.62133],[18.90512,47.61858]]}},{"type":"Feature","properties":{"n":"Aquincum-Tokod"},"geometry":{"type":"LineString","coordinates":[[18.77979,47.67048],[18.7789,47.6732],[18.7787,47.67527],[18.77724,47.67886],[18.7705,47.68897],[18.76254,47.69419],[18.7588,47.69911],[18.74188,47.71202],[18.73653,47.71468],[18.7337,47.71684],[18.72949,47.71954],[18.72102,47.72328],[18.71454,47.72632],[18.70435,47.72945],[18.68356,47.72747],[18.67665,47.72848]]}},{"type":"Feature","properties":{"n":"Aquincum-Tokod"},"geometry":{"type":"LineString","coordinates":[[18.90512,47.61858],[18.90058,47.61591],[18.89915,47.61522],[18.8958,47.61497],[18.89456,47.61528],[18.89214,47.61628],[18.89102,47.61654],[18.88864,47.61634],[18.88519,47.61673],[18.88282,47.61775],[18.8775,47.6198],[18.87447,47.62057],[18.86941,47.62068],[18.86663,47.62114],[18.86494,47.62184],[18.86083,47.6253],[18.85544,47.6281],[18.84921,47.62909],[18.84623,47.63035],[18.83592,47.63194],[18.82633,47.63204],[18.82256,47.63341],[18.81674,47.63711],[18.8136,47.63989],[18.80737,47.645],[18.80173,47.65057],[18.78373,47.65848],[18.78275,47.65969],[18.78126,47.66639],[18.77979,47.67048]]}},{"type":"Feature","properties":{"n":"Aquincum Castra-north"},"geometry":{"type":"LineString","coordinates":[[19.04101,47.54085],[19.0345,47.54494],[19.02904,47.54923],[19.02746,47.55457],[19.02559,47.55785],[19.02154,47.56665],[19.01766,47.57133],[19.01526,47.57407],[19.0152,47.57483]]}},{"type":"Feature","properties":{"n":"Florentia-Dacia"},"geometry":{"type":"LineString","coordinates":[[18.75867,46.08708],[18.76646,46.0809],[18.77249,46.08257],[18.81898,46.06494],[18.88873,46.08366],[18.92665,46.097],[18.92789,46.10736],[18.97838,46.10601],[19.00846,46.11762],[19.05639,46.15095],[19.15954,46.12505],[19.21214,46.1364],[19.29259,46.17328],[19.33384,46.19035],[19.44126,46.23963],[19.60667,46.26147],[19.66341,46.26533],[19.69992,46.27199],[19.73901,46.28952],[19.75071,46.2827],[19.76979,46.2705],[19.80331,46.28304],[19.867,46.28698],[19.89432,46.28661],[19.91856,46.27845],[19.93784,46.27273],[19.96127,46.27439],[19.99967,46.26353],[20.0248,46.25267],[20.0336,46.24738],[20.10847,46.25504],[20.14069,46.25598],[20.14583,46.25381]]}},{"type":"Feature","properties":{"n":"Florentia-Szeb\u00e9ny"},"geometry":{"type":"LineString","coordinates":[[18.75872,46.08272],[18.75173,46.07902],[18.72773,46.07344],[18.70921,46.07562],[18.67748,46.08012],[18.66531,46.08118],[18.65828,46.08081],[18.65178,46.08984],[18.62905,46.09248],[18.6109,46.10803],[18.60086,46.12373],[18.59635,46.12494],[18.58995,46.12746],[18.58027,46.135],[18.55702,46.14101],[18.53491,46.13503],[18.51881,46.12305],[18.49088,46.109],[18.48586,46.1065],[18.47441,46.10136],[18.47281,46.10022],[18.46747,46.09325],[18.4623,46.09912],[18.45846,46.10036],[18.45304,46.10499],[18.44624,46.11086],[18.43703,46.12692],[18.43132,46.13702],[18.42922,46.14245],[18.42236,46.156],[18.42208,46.15822]]}},{"type":"Feature","properties":{"n":"Sopianae-Antiana"},"geometry":{"type":"LineString","coordinates":[[18.79228,45.83435],[18.7808,45.83165],[18.77732,45.83275],[18.77382,45.83293],[18.76437,45.83029],[18.75725,45.82446],[18.75113,45.81887],[18.73938,45.81627],[18.73344,45.81628],[18.72964,45.81623],[18.72527,45.81659],[18.72052,45.81891],[18.7161,45.81932],[18.70021,45.81833],[18.68288,45.81465],[18.66998,45.81255],[18.66646,45.80924],[18.65905,45.80827],[18.65921,45.8062],[18.63346,45.80848],[18.5949,45.83128],[18.59084,45.83963],[18.56849,45.85504],[18.55631,45.86307],[18.5308,45.86618],[18.5112,45.87208],[18.5003,45.88608],[18.49805,45.88858],[18.49172,45.91059],[18.46851,45.93798],[18.44289,45.96576],[18.42504,45.97708],[18.40649,45.99496],[18.36064,46.02227],[18.30937,46.05099],[18.28271,46.05698],[18.27585,46.06224],[18.27305,46.06676],[18.25906,46.07861],[18.25291,46.07901]]}},{"type":"Feature","properties":{"n":"Limusa-west"},"geometry":{"type":"LineString","coordinates":[[17.7852,46.0483],[17.78228,46.04834],[17.72745,46.03818],[17.71973,46.0374],[17.71248,46.0348],[17.71026,46.03442],[17.70589,46.03551],[17.70447,46.03556],[17.70178,46.03507],[17.66525,46.03461],[17.65337,46.03052],[17.62996,46.02096],[17.62247,46.02091],[17.62095,46.02296],[17.61797,46.02664],[17.59384,46.04245],[17.5919,46.04435],[17.58846,46.04593],[17.57511,46.05073],[17.57355,46.0522],[17.56364,46.05407],[17.55119,46.05366],[17.55109,46.05238],[17.55034,46.04992],[17.5504,46.04718],[17.53678,46.04801],[17.532,46.05076],[17.53138,46.05152],[17.51776,46.0524],[17.4533,46.06086],[17.44613,46.06077],[17.44475,46.06598],[17.44215,46.06488],[17.43699,46.06226],[17.43051,46.05827],[17.40719,46.04991],[17.39187,46.04786],[17.36071,46.04109],[17.34836,46.0382],[17.34463,46.03796],[17.34463,46.03796]]}},{"type":"Feature","properties":{"n":"Limusa-west"},"geometry":{"type":"LineString","coordinates":[[17.34463,46.03796],[17.33731,46.03668],[17.32519,46.03845],[17.3195,46.04009],[17.30371,46.04077],[17.29879,46.03923],[17.29685,46.03891],[17.29237,46.03909],[17.28618,46.03898],[17.2775,46.03756],[17.26599,46.03748],[17.24461,46.02956],[17.24457,46.02683],[17.25445,46.01746],[17.25635,46.01078],[17.25316,46.00923],[17.25223,46.00842],[17.25184,46.00644],[17.2509,46.00631],[17.24951,46.00337],[17.24583,45.99956],[17.24443,45.99938],[17.24358,45.99887],[17.24229,45.99855],[17.23818,45.99892],[17.23121,45.99761],[17.23036,45.99683],[17.22949,45.99671],[17.22367,45.99966],[17.21472,46.00207],[17.21192,46.00217],[17.20952,46.00135],[17.20575,46.00186],[17.20232,46.00195],[17.18968,45.99851],[17.18682,45.99819],[17.18414,45.99689],[17.17745,45.99729],[17.17176,45.99703],[17.17072,45.99682],[17.16865,45.99538],[17.16472,45.99124],[17.15865,45.98715],[17.15717,45.98399],[17.15663,45.98386],[17.15663,45.98386]]}},{"type":"Feature","properties":{"n":"Scarbantia-Carnuntum"},"geometry":{"type":"LineString","coordinates":[[16.59902,47.68967],[16.60546,47.70494],[16.62365,47.72611],[16.63602,47.72987],[16.64027,47.72647],[16.65669,47.7407],[16.6684,47.7551],[16.6708,47.76251],[16.66998,47.77255],[16.67157,47.77969],[16.67468,47.79012],[16.67293,47.79857],[16.664,47.81364],[16.66044,47.83109],[16.66659,47.83401],[16.66457,47.84759],[16.6532,47.86602],[16.65915,47.88058],[16.66697,47.89491],[16.73277,47.93065],[16.76729,47.95707],[16.79033,47.97333],[16.79216,47.98386],[16.78323,47.98307],[16.78022,47.99045],[16.77874,48.00305],[16.77512,48.00724],[16.77276,48.01227],[16.77768,48.01867],[16.7753,48.02403],[16.78274,48.032],[16.78507,48.03936],[16.78488,48.05141],[16.79111,48.06156],[16.79216,48.06337]]}},{"type":"Feature","properties":{"n":"Scarbantia-Carnuntum"},"geometry":{"type":"LineString","coordinates":[[16.79216,48.06337],[16.80296,48.06738],[16.83169,48.07574],[16.84761,48.08592],[16.8541,48.09024]]}},{"type":"Feature","properties":{"n":"Gorsium-southwest"},"geometry":{"type":"LineString","coordinates":[[18.24294,46.9295],[18.24785,46.93053],[18.25095,46.93084],[18.2468,46.93573],[18.2525,46.94121],[18.25997,46.95391],[18.26831,46.97404],[18.27632,46.9919],[18.28379,47.00413],[18.28816,47.0124],[18.36026,47.05132],[18.40215,47.07915],[18.40569,47.08382],[18.41609,47.08791],[18.41956,47.09129]]}},{"type":"Feature","properties":{"n":"Rum-west"},"geometry":{"type":"LineString","coordinates":[[16.83678,47.1343],[16.83492,47.12318],[16.83143,47.1142],[16.82932,47.10893],[16.82924,47.10861],[16.8296,47.10794],[16.82985,47.10694],[16.82956,47.10575],[16.82908,47.1049],[16.82694,47.10239],[16.82633,47.10204],[16.81817,47.10126],[16.81353,47.1005],[16.81242,47.09919],[16.81109,47.09785],[16.81077,47.09722],[16.81156,47.09261],[16.81148,47.09221],[16.8111,47.09198],[16.80755,47.09167],[16.80603,47.09172],[16.80101,47.09169],[16.79735,47.09089],[16.79555,47.09088],[16.79154,47.08991],[16.78105,47.08623],[16.77985,47.08539],[16.77693,47.08383],[16.77519,47.08319],[16.77146,47.08264],[16.76651,47.08156],[16.74766,47.07436],[16.7437,47.07354],[16.74257,47.07309],[16.7412,47.07304],[16.74051,47.0728],[16.73245,47.06902],[16.72371,47.06499],[16.72071,47.06423],[16.71916,47.06313],[16.7114,47.0599],[16.70276,47.05835],[16.70008,47.05749],[16.69627,47.05586],[16.68985,47.05119],[16.66799,47.04288],[16.66564,47.04159],[16.66177,47.03886],[16.64802,47.03326],[16.63653,47.03009],[16.63181,47.02869],[16.62957,47.02769],[16.62373,47.02341],[16.61549,47.01939],[16.61259,47.0172],[16.61023,47.01419],[16.60895,47.01276],[16.60683,47.01132],[16.60497,47.01079],[16.60497,47.01079]]}},{"type":"Feature","properties":{"n":"Rum-west"},"geometry":{"type":"LineString","coordinates":[[16.60497,47.01079],[16.59407,47.00959],[16.57971,47.00973],[16.57765,47.00928],[16.5745,47.00794],[16.57252,47.0076],[16.55683,47.00775],[16.54836,47.00684]]}},{"type":"Feature","properties":{"n":"Vetus Salina-Matrica"},"geometry":{"type":"LineString","coordinates":[[18.86814,47.12317],[18.86145,47.14057]]}},{"type":"Feature","properties":{"n":"Vetus Salina-Matrica"},"geometry":{"type":"LineString","coordinates":[[18.86145,47.14057],[18.8593,47.14615],[18.8593,47.14957],[18.87114,47.19054],[18.87208,47.197],[18.87391,47.20038],[18.88362,47.20886],[18.88711,47.21906],[18.89303,47.22905],[18.89306,47.23109],[18.89972,47.24085],[18.90331,47.24512],[18.90791,47.24762],[18.90992,47.25005],[18.91218,47.26167],[18.90451,47.28785],[18.91071,47.29165],[18.91288,47.29137],[18.91725,47.29784],[18.91824,47.29965]]}},{"type":"Feature","properties":{"n":"Matrica-Campona"},"geometry":{"type":"LineString","coordinates":[[18.91824,47.29965],[18.91917,47.30579],[18.92051,47.31028],[18.91255,47.32051],[18.91236,47.32239],[18.91249,47.32388]]}},{"type":"Feature","properties":{"n":"Matrica-Campona"},"geometry":{"type":"LineString","coordinates":[[18.91249,47.32388],[18.91361,47.32413],[18.91515,47.32405],[18.92387,47.32535],[18.93023,47.32583],[18.93359,47.32706],[18.93573,47.32808],[18.93686,47.33273],[18.93839,47.33622],[18.93926,47.33681],[18.93929,47.33723],[18.93931,47.3401],[18.93728,47.34257],[18.93629,47.34315],[18.93539,47.34474],[18.93076,47.35008],[18.93054,47.35176],[18.9292,47.35352],[18.93147,47.35398],[18.93402,47.35512],[18.93458,47.35593],[18.93624,47.35727],[18.93881,47.36151],[18.94092,47.36188],[18.94333,47.36302],[18.94663,47.36424],[18.95538,47.37409],[18.96536,47.38097],[18.97473,47.38618],[18.97871,47.38772],[18.98438,47.39046],[18.98652,47.39131],[18.98664,47.39138],[18.98664,47.39138]]}},{"type":"Feature","properties":{"n":"Campona-Aquincum Castra"},"geometry":{"type":"LineString","coordinates":[[18.98664,47.39138],[18.99222,47.39457],[19.00856,47.40168],[19.01182,47.402],[19.01282,47.4029],[19.03917,47.41349],[19.0417,47.41544],[19.04231,47.41753],[19.04175,47.42788]]}},{"type":"Feature","properties":{"n":"Campona-Aquincum Castra"},"geometry":{"type":"LineString","coordinates":[[19.04175,47.42788],[19.04628,47.43575],[19.05043,47.45102],[19.05187,47.4549],[19.05319,47.46635],[19.05319,47.47006],[19.05253,47.47263],[19.05381,47.47966],[19.05397,47.48376],[19.04645,47.49078],[19.04239,47.49599],[19.04032,47.49902],[19.03923,47.51241],[19.03946,47.51551],[19.0381,47.52011],[19.0381,47.52301],[19.03755,47.52387],[19.03992,47.53157],[19.03998,47.53759],[19.04101,47.54085]]}},{"type":"Feature","properties":{"n":"Aquincum Castra-Aquincum"},"geometry":{"type":"LineString","coordinates":[[19.04101,47.54085],[19.04321,47.54785],[19.04449,47.55355],[19.04931,47.5664]]}},{"type":"Feature","properties":{"n":"Aquincum-Ulcisia Castra"},"geometry":{"type":"LineString","coordinates":[[19.04931,47.5664],[19.05239,47.57872],[19.0551,47.5826],[19.06697,47.61206],[19.07612,47.64137],[19.07177,47.64459],[19.06942,47.64555],[19.06911,47.64879],[19.07205,47.65292],[19.07341,47.65748],[19.07511,47.65913],[19.07633,47.65986],[19.07667,47.661],[19.07536,47.66321],[19.07541,47.66387],[19.07521,47.66424],[19.07315,47.66522]]}},{"type":"Feature","properties":{"n":"Ulcisia Castra-Cirpi"},"geometry":{"type":"LineString","coordinates":[[19.07315,47.66522],[19.07145,47.66603],[19.07186,47.6671],[19.07136,47.66964],[19.07288,47.67184],[19.07184,47.67485],[19.07219,47.67596],[19.07354,47.67631],[19.07807,47.67729],[19.07984,47.67849],[19.0806,47.6819],[19.08241,47.68499],[19.08463,47.68732],[19.08566,47.68873],[19.08646,47.69027],[19.0881,47.69279],[19.08834,47.69596],[19.08886,47.69984],[19.08827,47.70184],[19.08808,47.70375],[19.08699,47.71],[19.0881,47.71408],[19.08908,47.71615],[19.08949,47.71848],[19.089,47.7205],[19.08881,47.72286],[19.08933,47.72436],[19.08918,47.72513],[19.08788,47.72756],[19.08806,47.72836],[19.08862,47.72942],[19.0881,47.73684],[19.08742,47.73874],[19.08564,47.74166],[19.08355,47.74332],[19.08191,47.74574],[19.08193,47.7479],[19.08102,47.74921],[19.07755,47.75222],[19.07409,47.7558],[19.07185,47.75841],[19.06943,47.76238],[19.06675,47.76438],[19.07436,47.77051],[19.07436,47.77051]]}},{"type":"Feature","properties":{"n":"Cirpi-Ponte Navata"},"geometry":{"type":"LineString","coordinates":[[19.07436,47.77051],[19.07448,47.7706],[19.06924,47.77766],[19.06575,47.77945],[19.06338,47.78237],[19.06028,47.78371],[19.05827,47.78521],[19.05466,47.78623],[19.05152,47.7864],[19.04334,47.79048],[19.03906,47.79153],[19.03553,47.7941],[19.02842,47.79718],[19.02193,47.79892],[19.01876,47.79972],[19.01291,47.80205],[19.00917,47.80339],[19.00006,47.80488],[18.99381,47.80483],[18.99078,47.80452],[18.98865,47.80415],[18.98244,47.80148],[18.97943,47.79991],[18.97539,47.79562],[18.9723,47.79171],[18.96813,47.78748],[18.96738,47.78616]]}},{"type":"Feature","properties":{"n":"Ponte Navata-Castra Ad Herculem"},"geometry":{"type":"LineString","coordinates":[[18.96738,47.78616],[18.96722,47.78589],[18.96715,47.77791],[18.96616,47.77626],[18.96185,47.77103],[18.95307,47.76555],[18.95105,47.7634],[18.94943,47.76236],[18.94825,47.76198],[18.94664,47.76187],[18.9431,47.76241],[18.942,47.76229],[18.93744,47.76122],[18.93386,47.76092],[18.92907,47.76122],[18.92724,47.76166],[18.91717,47.76545],[18.91676,47.76528],[18.91605,47.76398],[18.91548,47.76366],[18.91333,47.7639],[18.91144,47.76367],[18.90705,47.7651],[18.90513,47.76674],[18.90258,47.76895],[18.89572,47.7757],[18.8897,47.77882],[18.88484,47.7801],[18.88217,47.78247],[18.87527,47.7845]]}},{"type":"Feature","properties":{"n":"Castra Ad Herculem-Solva"},"geometry":{"type":"LineString","coordinates":[[18.87527,47.7845],[18.87494,47.7846],[18.87312,47.78586],[18.87093,47.78689],[18.86741,47.78926],[18.86685,47.79095],[18.8638,47.79584],[18.85846,47.79885],[18.85057,47.80363],[18.84918,47.80487],[18.84496,47.80749],[18.83967,47.80922],[18.83581,47.81073],[18.83473,47.81147],[18.82929,47.81324],[18.82664,47.81372],[18.82196,47.81436],[18.81934,47.81423],[18.81559,47.81356],[18.8122,47.81334],[18.80573,47.81451],[18.80096,47.81457],[18.7992,47.81465],[18.79552,47.81441],[18.78826,47.81494],[18.78657,47.81446],[18.78028,47.81196],[18.76441,47.80698],[18.75078,47.80411],[18.74212,47.80106],[18.74099,47.79976],[18.73871,47.79895],[18.73871,47.79895]]}},{"type":"Feature","properties":{"n":"Tokod-Crumerum"},"geometry":{"type":"LineString","coordinates":[[18.67665,47.72848],[18.63624,47.74555],[18.6282,47.75005],[18.57768,47.75731],[18.56911,47.75872],[18.56739,47.75868],[18.5571,47.76021],[18.55219,47.76163],[18.54587,47.76187],[18.54304,47.76164],[18.54159,47.76122],[18.5364,47.761]]}},{"type":"Feature","properties":{"n":"Azao-Brigetio"},"geometry":{"type":"LineString","coordinates":[[18.25448,47.72806],[18.2501,47.7288],[18.22747,47.73019],[18.20573,47.73349],[18.20144,47.73264],[18.19379,47.73375]]}},{"type":"Feature","properties":{"n":"Ad Mures-Arrabona"},"geometry":{"type":"LineString","coordinates":[[17.90281,47.73364],[17.88959,47.7339],[17.87024,47.73172],[17.84854,47.73152],[17.84717,47.73193]]}},{"type":"Feature","properties":{"n":"Ad Mures-Arrabona"},"geometry":{"type":"LineString","coordinates":[[17.84717,47.73193],[17.8437,47.73298],[17.84156,47.73311],[17.80343,47.73206],[17.7983,47.7332],[17.79575,47.7332],[17.78877,47.73253],[17.76873,47.73165],[17.75364,47.73067],[17.72431,47.72651],[17.70467,47.72359],[17.69174,47.72076],[17.68189,47.71592],[17.67646,47.71144],[17.67348,47.70553],[17.66733,47.69953],[17.65423,47.69297],[17.6514,47.68979],[17.63546,47.68405]]}},{"type":"Feature","properties":{"n":"Caesariana-southeast"},"geometry":{"type":"LineString","coordinates":[[17.94354,47.12521],[17.94875,47.1262],[18.00025,47.10746],[18.02477,47.09407],[18.03074,47.09355],[18.03317,47.09299],[18.03638,47.09208],[18.03885,47.09204]]}},{"type":"Feature","properties":{"n":"Caesariana-southeast"},"geometry":{"type":"LineString","coordinates":[[18.03885,47.09204],[18.04199,47.09123],[18.0475,47.08993],[18.05131,47.08761],[18.07451,47.06922],[18.09125,47.04991],[18.09137,47.04857],[18.09965,47.04174],[18.1073,47.03783],[18.10865,47.03587],[18.11006,47.03561],[18.11688,47.03392],[18.11991,47.03289],[18.13267,47.03086],[18.13609,47.02807],[18.14182,47.02587],[18.14381,47.02366],[18.14684,47.02313],[18.14952,47.0215],[18.15622,47.01925],[18.16498,47.01714],[18.17115,47.01203],[18.17817,47.00183],[18.18026,46.99782],[18.18773,46.99138]]}},{"type":"Feature","properties":{"n":"Mestrianis-Volgum"},"geometry":{"type":"LineString","coordinates":[[17.2999,46.65001],[17.2961,46.66086],[17.29956,46.66876],[17.28915,46.68599],[17.2708,46.69922],[17.24486,46.7125],[17.24248,46.71696],[17.23463,46.72398],[17.22523,46.73344],[17.21445,46.76201],[17.21432,46.76722],[17.22654,46.77769],[17.21904,46.78297],[17.21123,46.79145],[17.20627,46.80743],[17.20231,46.81426],[17.20228,46.81643],[17.2024,46.8195],[17.2001,46.8261],[17.19455,46.83119],[17.19949,46.86042],[17.20257,46.86388],[17.21664,46.87095],[17.22008,46.87234],[17.22011,46.87373],[17.22125,46.87698],[17.22166,46.88087],[17.22214,46.88269],[17.22694,46.88322],[17.22714,46.88566],[17.22792,46.88837],[17.24532,46.9129],[17.24579,46.9203],[17.24587,46.92589],[17.24582,46.92825],[17.24485,46.92994],[17.24378,46.93197],[17.24365,46.93298],[17.2438,46.93426],[17.24534,46.93607],[17.25122,46.94093],[17.25766,46.94884],[17.25865,46.95066]]}},{"type":"Feature","properties":{"n":"Ad Flexum-Quadrata"},"geometry":{"type":"LineString","coordinates":[[17.43394,47.76539],[17.43234,47.76708],[17.4261,47.77052],[17.42167,47.77378],[17.4192,47.77609],[17.41687,47.77961],[17.41076,47.78464],[17.39979,47.79151],[17.38932,47.79837],[17.38261,47.80008],[17.37868,47.80084],[17.37621,47.80201],[17.36095,47.81115],[17.3582,47.81224],[17.35501,47.81296],[17.34789,47.81397],[17.32904,47.82242],[17.32555,47.82492],[17.31507,47.8292],[17.31338,47.82949],[17.3031,47.82954],[17.30029,47.83028],[17.29848,47.83148],[17.29438,47.83756],[17.29244,47.83889],[17.28457,47.84275],[17.28294,47.84401],[17.282,47.84681],[17.28171,47.84992],[17.28191,47.85094],[17.28151,47.85165],[17.27752,47.85556],[17.27634,47.85745],[17.27442,47.86186],[17.26923,47.87296],[17.26867,47.87363],[17.26867,47.87363]]}},{"type":"Feature","properties":{"n":"Piliscs\u00e9v-Pilissz\u00e1nt\u00f3"},"geometry":{"type":"LineString","coordinates":[[18.90512,47.61858],[18.90248,47.62108],[18.89787,47.62593],[18.89464,47.62739],[18.89462,47.62786],[18.90783,47.64009],[18.90412,47.64439],[18.90419,47.64622],[18.90343,47.64831],[18.90331,47.64919],[18.90172,47.65074],[18.90217,47.65166],[18.89915,47.65813],[18.89547,47.6606],[18.89247,47.66439],[18.89049,47.66602],[18.88922,47.6666],[18.87327,47.65974],[18.87016,47.66226],[18.86265,47.66381],[18.86113,47.66498],[18.85892,47.66597],[18.85752,47.6659],[18.85681,47.66649],[18.85628,47.6673],[18.84233,47.67414],[18.84009,47.67397],[18.8392,47.67425],[18.83801,47.67546],[18.83669,47.67625],[18.83106,47.67362],[18.82747,47.67352],[18.82449,47.67415],[18.82203,47.67596],[18.82025,47.67761],[18.81853,47.67367],[18.81724,47.67321],[18.80946,47.67254],[18.80714,47.67277],[18.80457,47.67254],[18.79753,47.673],[18.79234,47.67382],[18.77979,47.67048],[18.77979,47.67048]]}},{"type":"Feature","properties":{"n":"Lussomana-Albertfalva"},"geometry":{"type":"LineString","coordinates":[[18.63687,47.49121],[18.64092,47.4926],[18.64337,47.49185],[18.64658,47.49268],[18.65274,47.49294],[18.6568,47.49405],[18.66584,47.495],[18.68997,47.49482],[18.69751,47.4944],[18.72,47.49676],[18.72485,47.49634],[18.73341,47.49484],[18.75113,47.49468],[18.75312,47.49472],[18.75736,47.49415],[18.76083,47.4928],[18.76365,47.49118],[18.76313,47.49063],[18.76584,47.48898],[18.76573,47.48809],[18.76608,47.48766],[18.76702,47.48636],[18.76967,47.48441],[18.78018,47.48142],[18.78232,47.48092],[18.78422,47.4801],[18.78845,47.47902],[18.79195,47.47712],[18.79483,47.47469],[18.7961,47.47395],[18.79733,47.474],[18.7989,47.47474],[18.79972,47.47467],[18.80086,47.47371],[18.8029,47.47072],[18.80394,47.46896],[18.80793,47.46559],[18.80933,47.46643],[18.81104,47.4666],[18.81347,47.46672],[18.81607,47.4672],[18.81973,47.46874],[18.82224,47.47023],[18.82463,47.47118],[18.82879,47.47149],[18.8309,47.4711],[18.83219,47.47118],[18.83285,47.47209],[18.83285,47.47209]]}},{"type":"Feature","properties":{"n":"Lussomana-Albertfalva"},"geometry":{"type":"LineString","coordinates":[[18.83285,47.47209],[18.8336,47.47276],[18.83651,47.47426],[18.83774,47.47441],[18.83961,47.47421],[18.84048,47.47445],[18.84128,47.4748],[18.84338,47.47514],[18.84584,47.47394],[18.84878,47.47322],[18.85338,47.47304],[18.85764,47.47225],[18.87649,47.45964],[18.88112,47.45066],[18.88516,47.44852],[18.89097,47.44753],[18.8969,47.44848],[18.90226,47.45007],[18.9377,47.45151],[18.95495,47.4498],[18.9629,47.44742],[18.98899,47.44684],[19.01255,47.44425],[19.01227,47.44344],[19.0223,47.44125],[19.02707,47.43886],[19.03035,47.43829],[19.0314,47.43777],[19.03194,47.43719],[19.0335,47.43672],[19.03388,47.43639],[19.03635,47.4361],[19.0367,47.43553],[19.04175,47.42788],[19.04175,47.42788]]}},{"type":"Feature","properties":{"n":"Brigetio-southeast"},"geometry":{"type":"LineString","coordinates":[[18.19754,47.71532],[18.20221,47.70793],[18.20923,47.70393],[18.21931,47.69729],[18.2273,47.69019],[18.23049,47.68626],[18.23542,47.68463],[18.23852,47.68143],[18.24094,47.68037],[18.26175,47.66709],[18.2693,47.65984],[18.27773,47.65686],[18.2862,47.65506],[18.30245,47.64848],[18.3064,47.64635],[18.30876,47.64439],[18.30997,47.64389],[18.30822,47.64017],[18.3084,47.63926],[18.30993,47.63796],[18.3119,47.63976],[18.31574,47.63732],[18.3173,47.6369],[18.32381,47.63322],[18.33492,47.62597],[18.33827,47.62255],[18.33925,47.62116],[18.3431,47.61823],[18.34513,47.61775],[18.34524,47.61745],[18.34413,47.61633],[18.34413,47.61633]]}},{"type":"Feature","properties":{"n":"Brigetio-southeast"},"geometry":{"type":"LineString","coordinates":[[18.34413,47.61633],[18.38321,47.60151],[18.38692,47.59969],[18.39428,47.59483],[18.39745,47.59135]]}},{"type":"Feature","properties":{"n":"Tatabanya-west"},"geometry":{"type":"LineString","coordinates":[[18.3324,47.54778],[18.33876,47.55162],[18.35533,47.56622],[18.365,47.56985],[18.37305,47.5743],[18.37534,47.5756],[18.37672,47.57745],[18.37892,47.58397],[18.37972,47.59025],[18.38173,47.59153],[18.3844,47.59193],[18.38696,47.5919],[18.39021,47.58853],[18.39507,47.59022],[18.39745,47.59135]]}},{"type":"Feature","properties":{"n":"Brigetio-southeast"},"geometry":{"type":"LineString","coordinates":[[18.19379,47.73375],[18.1914,47.72874]]}},{"type":"Feature","properties":{"n":"Brigetio-southeast"},"geometry":{"type":"LineString","coordinates":[[18.1914,47.72874],[18.19399,47.72163],[18.19754,47.71532]]}},{"type":"Feature","properties":{"n":"Balaton southeast connecting road"},"geometry":{"type":"LineString","coordinates":[[18.24294,46.9295],[18.24116,46.93176],[18.23886,46.93418],[18.23749,46.93632],[18.23624,46.93757],[18.23333,46.93895],[18.23259,46.9397],[18.22817,46.95072],[18.22598,46.95271],[18.22212,46.95355],[18.21905,46.95492],[18.21681,46.95665],[18.21259,46.96223],[18.20549,46.97141],[18.2009,46.97808],[18.19809,46.9807],[18.19676,46.98149],[18.19245,46.98525],[18.19035,46.98854],[18.18773,46.99138]]}},{"type":"Feature","properties":{"n":"Sala-north"},"geometry":{"type":"LineString","coordinates":[[16.5848,46.84708],[16.58454,46.84771],[16.58427,46.84897],[16.58483,46.85338],[16.58468,46.85462],[16.585,46.85645],[16.58618,46.85885],[16.58867,46.86134],[16.59074,46.86322],[16.59335,46.86457],[16.59452,46.86571],[16.59543,46.86906],[16.598,46.87549],[16.60055,46.88851],[16.60189,46.89121],[16.60387,46.90323],[16.6036,46.90593],[16.60149,46.91032],[16.59881,46.91408],[16.59844,46.91588],[16.59853,46.91757],[16.59908,46.91913],[16.59954,46.9199],[16.6038,46.9593],[16.60565,46.97346],[16.60881,46.97979],[16.61183,46.9825],[16.61766,46.98562],[16.61869,46.98717],[16.61725,46.98906],[16.6156,46.99321],[16.61546,46.99537],[16.61402,46.99561],[16.60864,47.0056],[16.60734,47.00812],[16.60581,47.00869],[16.60497,47.01079],[16.60497,47.01079]]}},{"type":"Feature","properties":{"n":"Vindobona-Carnuntum"},"geometry":{"type":"LineString","coordinates":[[16.82337,48.11064],[16.81077,48.1087],[16.80805,48.10747],[16.79751,48.10852],[16.7804,48.109],[16.77492,48.10898],[16.76016,48.10733],[16.74501,48.10785],[16.6913,48.11069],[16.68179,48.10863],[16.67878,48.10898],[16.66831,48.11301],[16.66479,48.11319],[16.66035,48.11254],[16.65697,48.1128],[16.65251,48.11448],[16.64386,48.1155],[16.62792,48.11702],[16.61983,48.12073],[16.58505,48.12712],[16.55289,48.12933],[16.53384,48.13316],[16.48739,48.1393],[16.48226,48.14057],[16.47754,48.14086],[16.47607,48.1412],[16.47437,48.14199],[16.46929,48.14539],[16.45348,48.15151],[16.44326,48.15419],[16.44083,48.15514],[16.43592,48.15761],[16.42973,48.1613],[16.41486,48.17578],[16.3997,48.18901],[16.40095,48.19048],[16.39756,48.19404],[16.39504,48.19803],[16.39361,48.19994],[16.38969,48.20338],[16.38751,48.20505],[16.38614,48.2056],[16.38122,48.20706],[16.37734,48.20806],[16.37543,48.2087],[16.37352,48.20961],[16.37416,48.21009],[16.37298,48.2107],[16.37298,48.2107]]}},{"type":"Feature","properties":{"n":"Silicenis-Cardono"},"geometry":{"type":"LineString","coordinates":[[17.41065,46.3095],[17.4095,46.30832],[17.40067,46.30606],[17.3948,46.30612],[17.37806,46.29503],[17.36164,46.28803],[17.36051,46.28778],[17.36087,46.28692],[17.36129,46.28222],[17.35575,46.25116],[17.35552,46.24201],[17.35661,46.23814],[17.35754,46.22982],[17.36276,46.22939],[17.36332,46.22797],[17.36244,46.22462],[17.36223,46.22184],[17.36279,46.21551],[17.36375,46.21414],[17.36519,46.20998],[17.36496,46.20948],[17.36304,46.20897],[17.35784,46.18605],[17.35701,46.18535],[17.3544,46.18513],[17.35148,46.18219],[17.35096,46.18085],[17.34878,46.14417],[17.34519,46.13648],[17.34365,46.12034],[17.34386,46.11809],[17.34355,46.1175],[17.34214,46.11719],[17.3337,46.11732],[17.33076,46.11839],[17.33011,46.1182],[17.32825,46.1164],[17.32779,46.11457],[17.32583,46.11135],[17.32908,46.10744],[17.32998,46.10694],[17.3303,46.10472],[17.33304,46.10363],[17.33458,46.10058],[17.33605,46.09909],[17.33711,46.06623],[17.3419,46.0542],[17.34005,46.04983],[17.34463,46.03796],[17.34463,46.03796]]}},{"type":"Feature","properties":{"n":"Vindobona-Carnuntum"},"geometry":{"type":"LineString","coordinates":[[16.88937,48.12448],[16.88698,48.12304]]}},{"type":"Feature","properties":{"n":"Vindobona-Carnuntum"},"geometry":{"type":"LineString","coordinates":[[16.85648,48.11541],[16.85056,48.11555],[16.84804,48.11574],[16.84675,48.11522],[16.84336,48.11395],[16.83926,48.1136],[16.83448,48.11235],[16.82337,48.11064]]}},{"type":"Feature","properties":{"n":"Vindobona-Carnuntum"},"geometry":{"type":"LineString","coordinates":[[16.88698,48.12304],[16.88508,48.1219],[16.87914,48.11793],[16.87427,48.11538],[16.86915,48.11496],[16.85648,48.11541]]}},{"type":"Feature","properties":{"n":"Scarbantia-Carnuntum"},"geometry":{"type":"LineString","coordinates":[[16.8541,48.09024],[16.86365,48.09765],[16.87076,48.10526],[16.87753,48.11258],[16.88526,48.12027],[16.88698,48.12304]]}},{"type":"Feature","properties":{"n":"Carnuntum-Ad Flexum"},"geometry":{"type":"LineString","coordinates":[[16.90222,48.109],[16.89985,48.11509]]}},{"type":"Feature","properties":{"n":"Carnuntum-Ad Flexum"},"geometry":{"type":"LineString","coordinates":[[16.89985,48.11509],[16.89522,48.1186],[16.89147,48.12174],[16.88937,48.12448]]}},{"type":"Feature","properties":{"n":"Carnuntum-Ad Flexum"},"geometry":{"type":"LineString","coordinates":[[16.90306,48.13241],[16.90235,48.13146],[16.89843,48.12939],[16.89307,48.12634],[16.88937,48.12448]]}},{"type":"Feature","properties":{"n":"Carnuntum-Gerulata"},"geometry":{"type":"LineString","coordinates":[[16.89985,48.11509],[16.90173,48.11474],[16.91135,48.11639],[16.91714,48.11371],[16.93129,48.1106]]}},{"type":"Feature","properties":{"n":"Carnuntum-Gerulata"},"geometry":{"type":"LineString","coordinates":[[16.93129,48.1106],[16.93658,48.11064],[16.94913,48.10612],[16.96291,48.10306],[16.9677,48.10223],[16.97477,48.09989],[16.98435,48.09743],[16.99052,48.09654],[16.99609,48.09564],[17.00178,48.09282],[17.03783,48.08396],[17.06047,48.07474],[17.08251,48.06857],[17.11257,48.05972],[17.14055,48.05411],[17.14836,48.05469]]}},{"type":"Feature","properties":{"n":"Carnuntum-Scarbantia"},"geometry":{"type":"LineString","coordinates":[[16.85648,48.11541],[16.856,48.11395],[16.85479,48.11188],[16.85274,48.11079],[16.85137,48.10938],[16.8504,48.10816],[16.84853,48.10638],[16.84611,48.10259],[16.84447,48.10125],[16.84155,48.09921],[16.83937,48.09765]]}},{"type":"Feature","properties":{"n":"Carnuntum-Scarbantia"},"geometry":{"type":"LineString","coordinates":[[16.83937,48.09765],[16.83114,48.09151],[16.81617,48.0836],[16.80761,48.07809],[16.79665,48.06815],[16.79216,48.06337]]}},{"type":"Feature","properties":{"n":"Tergeste-Aegida"},"geometry":{"type":"LineString","coordinates":[[13.77653,45.64462],[13.77962,45.6432],[13.78196,45.64183],[13.78451,45.64052],[13.78727,45.63771],[13.78841,45.63552],[13.78932,45.6329],[13.79308,45.63029],[13.79503,45.62548],[13.79717,45.62215],[13.80003,45.62081],[13.80207,45.6192],[13.80726,45.61853],[13.81316,45.61763],[13.81906,45.61658],[13.81919,45.6119],[13.81277,45.60803],[13.80712,45.60488],[13.80539,45.60226],[13.80527,45.59917],[13.80367,45.59566],[13.7998,45.59025],[13.7976,45.5843],[13.79611,45.5774],[13.79088,45.57222],[13.78588,45.56887],[13.78224,45.5648],[13.77802,45.56194],[13.77568,45.55954],[13.77208,45.55697],[13.76899,45.55497],[13.76466,45.55341],[13.76466,45.55341]]}},{"type":"Feature","properties":{"n":"Aegida-Parentium"},"geometry":{"type":"LineString","coordinates":[[13.64442,45.45408],[13.64356,45.45422],[13.64242,45.45436],[13.64109,45.45432],[13.64028,45.45436],[13.63928,45.45474],[13.63809,45.45512],[13.63719,45.45522]]}},{"type":"Feature","properties":{"n":"Aegida-Parentium"},"geometry":{"type":"LineString","coordinates":[[13.61842,45.35093],[13.62104,45.34807],[13.62295,45.3445],[13.62413,45.34022],[13.62532,45.33451],[13.62842,45.32594],[13.62913,45.3169],[13.62699,45.31262],[13.62734,45.31017],[13.62659,45.30764],[13.6257,45.30526],[13.62466,45.30303],[13.62451,45.30184],[13.62392,45.29991],[13.62317,45.29812],[13.62362,45.29634],[13.62302,45.29381],[13.62124,45.29203],[13.6205,45.2834],[13.62064,45.28013],[13.61975,45.27611],[13.61841,45.27344],[13.61752,45.27121],[13.61559,45.27002],[13.61291,45.26764],[13.61172,45.26496],[13.61187,45.26124],[13.61142,45.25827],[13.60934,45.25039],[13.608,45.24801],[13.60666,45.24593],[13.60547,45.24265],[13.60547,45.24265]]}},{"type":"Feature","properties":{"n":"Aegida-Parentium"},"geometry":{"type":"LineString","coordinates":[[13.63719,45.45522],[13.63766,45.45417],[13.6378,45.45294],[13.63509,45.45013],[13.63271,45.44789],[13.63,45.44527],[13.62971,45.44404],[13.6309,45.44237],[13.63167,45.44042],[13.63347,45.4388],[13.63562,45.43742],[13.63814,45.43523],[13.64147,45.43285],[13.64199,45.4309],[13.64161,45.4289],[13.6419,45.42805],[13.64204,45.42743],[13.64171,45.42614],[13.64052,45.42486],[13.63876,45.42429],[13.63747,45.42362],[13.63609,45.42324],[13.63514,45.42234],[13.63357,45.42238],[13.63109,45.42248],[13.63067,45.42172],[13.63029,45.42034],[13.62919,45.41972],[13.62876,45.41881],[13.62619,45.41734],[13.62591,45.4161],[13.62538,45.41434],[13.62396,45.41353],[13.62229,45.41296],[13.62124,45.41163],[13.62067,45.41058],[13.62024,45.40958],[13.6201,45.40801],[13.61986,45.40692],[13.61915,45.40516],[13.6191,45.4042],[13.61905,45.40297],[13.61905,45.40297]]}},{"type":"Feature","properties":{"n":"Aegida-Parentium"},"geometry":{"type":"LineString","coordinates":[[13.61905,45.40297],[13.61996,45.40168],[13.6208,45.39923],[13.62223,45.39733],[13.61961,45.39209],[13.61723,45.389],[13.61604,45.38519],[13.61723,45.38138],[13.61866,45.37901],[13.62057,45.37567],[13.62461,45.36877],[13.62366,45.36473],[13.62152,45.36045],[13.61938,45.35664],[13.61771,45.35426],[13.61842,45.35093]]}},{"type":"Feature","properties":{"n":"Parentium-Pola"},"geometry":{"type":"LineString","coordinates":[[13.76805,45.10814],[13.75968,45.10034],[13.74997,45.09996],[13.73493,45.09272],[13.72808,45.0872],[13.72294,45.08301],[13.7218,45.0754],[13.72256,45.06626],[13.71685,45.05922],[13.71133,45.05142],[13.71323,45.04037],[13.72313,45.03086],[13.73132,45.0221],[13.73893,45.0143],[13.74597,45.00858],[13.75663,45.00421],[13.76272,44.99869],[13.76539,44.99202],[13.76539,44.98193],[13.76996,44.97299],[13.7789,44.96442],[13.78557,44.95776],[13.79337,44.94881],[13.80099,44.94196],[13.80784,44.93473],[13.81393,44.92787],[13.81812,44.9195],[13.82078,44.9136],[13.82478,44.90503],[13.83182,44.8978],[13.84001,44.89228],[13.84735,44.88892]]}},{"type":"Feature","properties":{"n":"Pola-Mutila"},"geometry":{"type":"LineString","coordinates":[[13.84559,44.8645],[13.84552,44.86289],[13.84515,44.86139],[13.84565,44.85982],[13.84586,44.85818],[13.84715,44.8559],[13.84722,44.85447],[13.848,44.85297],[13.84865,44.85133],[13.85014,44.84969],[13.85086,44.84855],[13.85122,44.84676],[13.85164,44.84498],[13.85243,44.84376],[13.85393,44.84241],[13.85514,44.84198],[13.85693,44.84041],[13.85845,44.84046],[13.86267,44.83916],[13.86667,44.83859],[13.87067,44.83787],[13.87366,44.83816],[13.87866,44.83887],[13.88494,44.83802],[13.88794,44.83573],[13.89251,44.83345],[13.89608,44.83216],[13.90036,44.83245],[13.90422,44.83373],[13.90893,44.83373],[13.91292,44.83402],[13.91678,44.83331],[13.91963,44.83216],[13.92392,44.83059],[13.92692,44.82831],[13.9283,44.827],[13.9292,44.82643],[13.93077,44.826],[13.93229,44.82505],[13.93334,44.82395],[13.93558,44.82295],[13.93656,44.8219],[13.93656,44.8219]]}},{"type":"Feature","properties":{"n":"Mutila-Nesactium"},"geometry":{"type":"LineString","coordinates":[[13.93656,44.8219],[13.93881,44.82057],[13.94062,44.81891],[13.94388,44.81792],[13.94835,44.81669],[13.95254,44.8164],[13.95435,44.81897],[13.95844,44.8204],[13.96158,44.82287],[13.95873,44.82754],[13.95597,44.82982],[13.95378,44.83182],[13.95283,44.83791],[13.95016,44.84153],[13.94712,44.84476],[13.94416,44.84714],[13.94331,44.85171],[13.94464,44.85514],[13.94712,44.85799],[13.94864,44.86151],[13.95121,44.86532],[13.95416,44.87075],[13.95616,44.87465],[13.95873,44.87827],[13.95816,44.88103],[13.95825,44.88417],[13.96073,44.88759],[13.96101,44.89188],[13.96063,44.89521],[13.95825,44.89854],[13.95758,44.90149],[13.95996,44.90558],[13.95996,44.90558]]}},{"type":"Feature","properties":{"n":"Mutila-Nesactium"},"geometry":{"type":"LineString","coordinates":[[13.95996,44.90558],[13.96092,44.90596],[13.96158,44.90672],[13.96253,44.9072],[13.96272,44.90834],[13.9633,44.90986],[13.96387,44.91015],[13.96444,44.91053],[13.9652,44.9111],[13.96596,44.91186],[13.96634,44.91263],[13.96663,44.91339],[13.96682,44.91405],[13.96724,44.91485],[13.96736,44.91503],[13.96736,44.9153],[13.96724,44.91565],[13.96745,44.91595],[13.9676,44.91631],[13.96841,44.9164],[13.96887,44.91657],[13.96944,44.91669],[13.97038,44.91693]]}},{"type":"Feature","properties":{"n":"Nesactium-Illyricum boundary"},"geometry":{"type":"LineString","coordinates":[[13.97038,44.91693],[13.97395,44.91903],[13.97478,44.92261],[13.97603,44.92695],[13.97508,44.92999],[13.97585,44.93409],[13.97615,44.93879],[13.97515,44.94461],[13.97544,44.94925],[13.97715,44.95375],[13.97708,44.95974],[13.97786,44.9656],[13.97922,44.97138],[13.97986,44.9753],[13.98058,44.97894],[13.98243,44.98287],[13.98679,44.98715],[13.98864,44.99186],[13.99205,44.99553],[13.99652,44.99924],[14.00356,45.00162],[14.00756,45.0059],[14.01232,45.00819],[14.0146,45.01466],[14.01974,45.02008],[14.0226,45.02608],[14.01679,45.03027],[14.01318,45.03322],[14.0107,45.03703],[14.01489,45.04055],[14.02212,45.04369],[14.02797,45.04598],[14.03112,45.05049],[14.03854,45.05106],[14.04756,45.04866],[14.04996,45.04861]]}},{"type":"Feature","properties":{"n":"Illyricum boundary-Albona"},"geometry":{"type":"LineString","coordinates":[[14.04996,45.04861],[14.05099,45.04901],[14.05185,45.04958],[14.05327,45.05066],[14.05482,45.05175],[14.05561,45.05243],[14.05641,45.0526],[14.05756,45.05272],[14.05836,45.05295],[14.05927,45.05323],[14.0603,45.05369],[14.06127,45.05397],[14.06241,45.05443],[14.06344,45.05477],[14.06447,45.05494],[14.06614,45.05477],[14.06738,45.05432],[14.06967,45.05332],[14.07238,45.0526],[14.07538,45.05374],[14.07652,45.05574],[14.07666,45.05774],[14.07766,45.06003],[14.0798,45.0606],[14.0818,45.0606],[14.08366,45.06003],[14.08623,45.06031],[14.08808,45.06131],[14.08965,45.06174],[14.09008,45.06317],[14.09037,45.06517],[14.09151,45.06731],[14.09279,45.06945],[14.09394,45.07173],[14.09493,45.07616],[14.09651,45.0783],[14.0975,45.07973],[14.09836,45.0823],[14.10093,45.08387],[14.10322,45.08615],[14.10579,45.08744],[14.10821,45.08801],[14.11035,45.08829],[14.11207,45.08958],[14.11335,45.09072],[14.11392,45.09486],[14.11478,45.097],[14.11541,45.09772],[14.11575,45.0984],[14.11575,45.0984]]}},{"type":"Feature","properties":{"n":"Albona-Flanona"},"geometry":{"type":"LineString","coordinates":[[14.11575,45.0984],[14.1166,45.09949],[14.11672,45.1004],[14.11678,45.10149],[14.11695,45.10257],[14.11718,45.10377],[14.11718,45.10463],[14.11712,45.10537],[14.11718,45.10663],[14.11775,45.10788],[14.11809,45.10891],[14.11872,45.10988],[14.11917,45.11091],[14.11949,45.11185],[14.11949,45.11456],[14.12049,45.11699],[14.1212,45.11913],[14.12035,45.12199],[14.1212,45.12513],[14.12277,45.12756],[14.12499,45.12947],[14.12786,45.13023],[14.13102,45.13113],[14.13404,45.13113],[14.13645,45.13143],[14.13931,45.13234],[14.14188,45.13339],[14.14414,45.13445],[14.1464,45.13535],[14.14896,45.13656],[14.15122,45.13731],[14.15364,45.13806],[14.1565,45.13852],[14.15936,45.13852],[14.16117,45.13791],[14.16344,45.13837],[14.16434,45.13867],[14.16645,45.13942],[14.16738,45.13937],[14.16738,45.13937]]}},{"type":"Feature","properties":{"n":"Albona-Flanona"},"geometry":{"type":"LineString","coordinates":[[14.16738,45.13937],[14.16931,45.13878],[14.1704,45.13826],[14.17103,45.13809],[14.17268,45.13821]]}},{"type":"Feature","properties":{"n":"Fons Timavi-Tarsatica"},"geometry":{"type":"LineString","coordinates":[[14.32266,45.35594],[14.32229,45.35746],[14.32285,45.35834],[14.32338,45.35928],[14.32341,45.36006],[14.32381,45.36078],[14.32447,45.36126],[14.32536,45.36183],[14.32647,45.36287],[14.32671,45.36466]]}},{"type":"Feature","properties":{"n":"Fons Timavi-Tarsatica"},"geometry":{"type":"LineString","coordinates":[[14.32671,45.36466],[14.31767,45.37789],[14.30965,45.39163],[14.30787,45.40005],[14.30439,45.41485],[14.29583,45.43025],[14.28666,45.44348],[14.28252,45.45613],[14.28544,45.46928],[14.26699,45.4766],[14.24257,45.48348],[14.23299,45.4854],[14.2212,45.4915],[14.20806,45.49368],[14.19505,45.49497],[14.17934,45.50148],[14.16516,45.50942],[14.15129,45.51976],[14.13909,45.52302],[14.12251,45.52653],[14.10007,45.53623],[14.08269,45.54284],[14.05847,45.55126],[14.04024,45.5573],[14.02551,45.56569],[14.00296,45.57714],[13.98704,45.58434],[13.96809,45.59625],[13.94894,45.6046],[13.92799,45.60944],[13.91493,45.61291],[13.89791,45.62082],[13.87744,45.63121],[13.86272,45.64245],[13.86272,45.64245]]}},{"type":"Feature","properties":{"n":"Fons Timavi-Tarsatica"},"geometry":{"type":"LineString","coordinates":[[13.86272,45.64245],[13.86225,45.64491],[13.85323,45.64832],[13.84825,45.65264],[13.84086,45.65604],[13.83865,45.65885],[13.83493,45.66207],[13.83233,45.67103],[13.81872,45.6865],[13.8043,45.69946],[13.77899,45.71545],[13.76205,45.72422],[13.736,45.73814],[13.72437,45.7461],[13.7083,45.75397],[13.69911,45.75823],[13.6888,45.76373],[13.68047,45.76696],[13.67724,45.76751],[13.67562,45.76801],[13.67417,45.76836],[13.67154,45.76821],[13.66974,45.76863],[13.66816,45.76874],[13.66725,45.76948],[13.66413,45.77107],[13.6616,45.77143],[13.6593,45.77279],[13.6541,45.77393],[13.64967,45.77433],[13.64329,45.77391],[13.63846,45.7738],[13.63445,45.77333],[13.63376,45.7733]]}},{"type":"Feature","properties":{"n":"Emona-Tonovcov Gvad"},"geometry":{"type":"LineString","coordinates":[[14.50406,46.05477],[14.49776,46.05983],[14.49268,46.06631],[14.48407,46.07526],[14.4777,46.08335],[14.46611,46.09632],[14.45742,46.10155],[14.45029,46.10796],[14.44774,46.10878],[14.44559,46.11103],[14.43768,46.12432],[14.43505,46.12719],[14.43109,46.12801],[14.42718,46.12862],[14.42382,46.12994],[14.41737,46.13382],[14.41665,46.13395]]}},{"type":"Feature","properties":{"n":"Emona-Tonovcov Gvad"},"geometry":{"type":"LineString","coordinates":[[14.41665,46.13395],[14.35667,46.14743],[14.3111,46.16265],[14.28942,46.17463],[14.26512,46.18002],[14.25924,46.19453],[14.23947,46.20182],[14.223,46.2102],[14.20353,46.22414],[14.16062,46.22255],[14.13295,46.21005],[14.11148,46.20624],[14.07912,46.20769],[14.04964,46.20834],[14.03032,46.20642],[14.02274,46.21429],[14.01426,46.22051],[14.00242,46.21527],[13.97832,46.21519],[13.95118,46.20198],[13.93116,46.19353],[13.91201,46.17349],[13.89384,46.16299],[13.8701,46.16322],[13.85999,46.15549],[13.8415,46.15867],[13.82279,46.15891],[13.80441,46.16703],[13.78137,46.1683],[13.75766,46.16861],[13.73629,46.18192],[13.73428,46.18292]]}},{"type":"Feature","properties":{"n":"Emona-Tonovcov Gvad"},"geometry":{"type":"LineString","coordinates":[[13.73428,46.18292],[13.7311,46.18492],[13.72915,46.1864],[13.7248,46.18618],[13.723,46.18779],[13.7212,46.18933],[13.71885,46.19065],[13.71913,46.19206],[13.71835,46.19291],[13.71363,46.1947],[13.71039,46.19578],[13.70735,46.19701],[13.70643,46.19828],[13.7024,46.19972],[13.6996,46.20123],[13.69474,46.20163],[13.68959,46.2024],[13.6854,46.20489],[13.68299,46.2068],[13.67915,46.20779],[13.67476,46.20945],[13.67004,46.20989],[13.6646,46.21128],[13.65899,46.21131],[13.65649,46.21251],[13.64906,46.21175],[13.64347,46.21255],[13.63927,46.21357],[13.63511,46.21344],[13.62982,46.21303],[13.62452,46.21418],[13.62094,46.21589],[13.61732,46.21898],[13.61697,46.22088],[13.61376,46.2247],[13.61335,46.22743],[13.60853,46.23265],[13.60521,46.23546],[13.60591,46.23723],[13.60334,46.23993],[13.59971,46.24112],[13.59313,46.24267],[13.58921,46.24538],[13.58749,46.24672],[13.58559,46.24652]]}},{"type":"Feature","properties":{"n":"Virunum-Emona"},"geometry":{"type":"LineString","coordinates":[[14.41665,46.13395],[14.41582,46.13603],[14.41468,46.13764],[14.41365,46.13888],[14.41354,46.14027],[14.41215,46.14312],[14.41187,46.14437],[14.41101,46.14617],[14.40854,46.14796],[14.40325,46.15151],[14.39978,46.15378],[14.39645,46.15565],[14.39578,46.15631],[14.39419,46.16074],[14.39126,46.16519],[14.39029,46.16675],[14.38665,46.17167],[14.38193,46.17982],[14.37841,46.18551],[14.37737,46.18958],[14.37528,46.19353],[14.37348,46.19758],[14.37105,46.20035],[14.36917,46.20447],[14.36742,46.20645],[14.36509,46.21224],[14.36183,46.21731],[14.35801,46.22309],[14.35634,46.22672],[14.35507,46.22896],[14.35162,46.23262],[14.34784,46.23505],[14.35003,46.23712],[14.35396,46.23848],[14.35566,46.2392],[14.35571,46.24113],[14.35516,46.24318],[14.35516,46.24318]]}},{"type":"Feature","properties":{"n":"Virunum-Emona"},"geometry":{"type":"LineString","coordinates":[[14.35516,46.24318],[14.31543,46.27578],[14.29254,46.3262],[14.29798,46.35317],[14.30733,46.36901],[14.29722,46.3782],[14.29,46.39041],[14.28395,46.39927],[14.27756,46.40795],[14.26908,46.41791],[14.27287,46.42786],[14.27065,46.43298],[14.24538,46.43123],[14.23942,46.43574],[14.2498,46.44311],[14.25115,46.44985],[14.25583,46.45608],[14.25759,46.4636],[14.25814,46.4715],[14.25633,46.47748],[14.26201,46.48379],[14.26913,46.4883],[14.2787,46.49076],[14.28571,46.49563],[14.28822,46.50298],[14.28762,46.51284],[14.27765,46.52274],[14.26693,46.53343],[14.25548,46.54347],[14.27599,46.57011],[14.28692,46.58336],[14.29362,46.59316],[14.30125,46.61672],[14.3034,46.62411]]}},{"type":"Feature","properties":{"n":"Virunum-Emona"},"geometry":{"type":"LineString","coordinates":[[14.3034,46.62411],[14.30542,46.62938],[14.30843,46.63608],[14.31005,46.63725],[14.31096,46.64156],[14.31485,46.64487],[14.31352,46.65475],[14.31355,46.65813],[14.31628,46.66351],[14.31921,46.66884]]}},{"type":"Feature","properties":{"n":"Aquileia-Tergeste"},"geometry":{"type":"LineString","coordinates":[[13.37095,45.76963],[13.37456,45.77387],[13.38071,45.7783],[13.40085,45.78267],[13.42103,45.7839],[13.4353,45.78315],[13.44938,45.78492],[13.46058,45.78716],[13.48185,45.79108],[13.51246,45.79537],[13.51954,45.80013],[13.52632,45.80304],[13.53268,45.80429],[13.54072,45.80614],[13.54994,45.80441],[13.55844,45.80215],[13.57218,45.80055],[13.58158,45.79739],[13.58497,45.79632],[13.58738,45.79113],[13.59359,45.78786],[13.59756,45.78438],[13.60086,45.78324],[13.60276,45.78337],[13.60706,45.78168],[13.61001,45.78053],[13.61558,45.77894],[13.61929,45.77749],[13.62474,45.77589],[13.62733,45.77523],[13.62919,45.7732],[13.63376,45.7733]]}},{"type":"Feature","properties":{"n":"Loncium-Nuova Portis"},"geometry":{"type":"LineString","coordinates":[[13.00176,46.66279],[12.98297,46.65592],[12.97089,46.64569],[12.96026,46.63993],[12.95333,46.6336],[12.94743,46.62635],[12.94976,46.62048],[12.94997,46.61347],[12.94505,46.60299],[12.94457,46.59558],[12.94931,46.59329],[12.96196,46.59217],[12.97142,46.59024],[12.98407,46.5862],[12.99512,46.58366],[13.00739,46.58112],[13.01002,46.57297],[13.00868,46.56428],[13.01412,46.54774],[13.01454,46.52954],[13.00191,46.51495],[13.00627,46.49717],[13.01492,46.48867],[13.02328,46.47723],[13.02693,46.45904],[13.0291,46.4402],[13.01719,46.42796],[13.01431,46.40712],[13.04742,46.38884],[13.059,46.3772],[13.08802,46.37125],[13.12018,46.38196],[13.13489,46.37722]]}},{"type":"Feature","properties":{"n":"Statio Bilachiniensis-Nuova Portis"},"geometry":{"type":"LineString","coordinates":[[13.13489,46.37722],[13.16127,46.38851],[13.19253,46.39744],[13.21842,46.39364],[13.24519,46.39409],[13.26969,46.39652],[13.28866,46.40244],[13.31088,46.40885],[13.31757,46.42102],[13.31031,46.43324],[13.31365,46.44474],[13.31223,46.45214],[13.30578,46.45591],[13.29801,46.45946],[13.29351,46.46929],[13.29694,46.47867],[13.29913,46.48739],[13.3003,46.4943],[13.30145,46.50104],[13.31058,46.50872],[13.32164,46.51025],[13.34117,46.50898],[13.35607,46.50828],[13.37499,46.50066],[13.39672,46.49972],[13.41681,46.50516],[13.44203,46.50767],[13.45521,46.50778],[13.48249,46.50888],[13.49652,46.50204],[13.51292,46.50302],[13.55617,46.5086],[13.58494,46.50457],[13.59382,46.50575]]}},{"type":"Feature","properties":{"n":"Statio Bilachiniensis-Nuova Portis"},"geometry":{"type":"LineString","coordinates":[[13.65488,46.54512],[13.66111,46.54594],[13.66787,46.54623],[13.67093,46.54721],[13.67671,46.54768],[13.68085,46.54734],[13.68713,46.54877],[13.6919,46.54898],[13.699,46.54941],[13.70643,46.54923],[13.71759,46.54853],[13.72458,46.54808],[13.73335,46.54756],[13.74529,46.54757],[13.75829,46.54783],[13.76637,46.55044],[13.77435,46.55409],[13.78525,46.55433],[13.7962,46.55734],[13.80307,46.56267],[13.80804,46.56831],[13.80996,46.57214],[13.81282,46.57464],[13.81451,46.57729],[13.81718,46.58105],[13.82337,46.58327],[13.82816,46.5877],[13.83289,46.60072],[13.83712,46.60961],[13.8447,46.61333],[13.85303,46.61835],[13.8557,46.62076]]}},{"type":"Feature","properties":{"n":"Statio Bilachiniensis-Nuova Portis"},"geometry":{"type":"LineString","coordinates":[[13.59382,46.50575],[13.59722,46.50775],[13.59934,46.50934],[13.60127,46.51084],[13.60345,46.51188],[13.60442,46.5128],[13.60497,46.51384],[13.60414,46.51482],[13.6044,46.51639],[13.60532,46.51736],[13.60585,46.51801],[13.60677,46.51812],[13.60809,46.51796],[13.61126,46.51883],[13.61226,46.51987],[13.61442,46.51998],[13.61576,46.52044],[13.61677,46.52155],[13.61809,46.52252],[13.62115,46.52399],[13.62255,46.52479],[13.62421,46.52545],[13.62521,46.52626],[13.62657,46.52714],[13.62808,46.52731],[13.62989,46.52734],[13.63295,46.52795],[13.63485,46.52843],[13.63667,46.52935],[13.63802,46.53129],[13.63873,46.53177],[13.63898,46.53245],[13.63923,46.53344],[13.63951,46.53427],[13.64,46.53532],[13.64156,46.53665],[13.64282,46.53732],[13.6435,46.5376],[13.64482,46.53853],[13.64786,46.54028],[13.65157,46.54319],[13.65273,46.54457],[13.65488,46.54512],[13.65488,46.54512]]}},{"type":"Feature","properties":{"n":"Forum Iulii-Statio Bilachiniensis"},"geometry":{"type":"LineString","coordinates":[[13.59382,46.50575],[13.58604,46.49385],[13.57771,46.48223],[13.57083,46.46969],[13.57462,46.45871],[13.5732,46.44387],[13.56603,46.43064],[13.57051,46.42355],[13.57673,46.41877],[13.5847,46.42025],[13.59399,46.42376],[13.60651,46.41864],[13.61789,46.41559],[13.61249,46.41202],[13.59616,46.3995],[13.58863,46.39229],[13.58542,46.38504],[13.58545,46.37786],[13.58724,46.36881],[13.58767,46.35688],[13.5774,46.34509],[13.55655,46.33353],[13.52781,46.32527],[13.49705,46.31765],[13.48648,46.31349],[13.48575,46.29919],[13.49943,46.29133],[13.52053,46.28286],[13.53711,46.27761],[13.55125,46.27237],[13.57154,46.26438],[13.58306,46.25875],[13.5854,46.24978],[13.58559,46.24652]]}},{"type":"Feature","properties":{"n":"Forum Iulii-Statio Bilachiniensis"},"geometry":{"type":"LineString","coordinates":[[13.58559,46.24652],[13.58301,46.24352],[13.57134,46.24234],[13.56307,46.24315],[13.55488,46.24258],[13.54568,46.24222],[13.53937,46.24044],[13.53014,46.24139],[13.52278,46.24557],[13.5153,46.24442],[13.50834,46.24246],[13.50203,46.23698],[13.50149,46.23116],[13.50006,46.22507],[13.50065,46.21906],[13.49521,46.21413],[13.48767,46.20852],[13.47635,46.20422],[13.47061,46.19778],[13.4711,46.19034],[13.47503,46.1861],[13.47911,46.17785],[13.48689,46.17198],[13.48757,46.16643],[13.48882,46.15564],[13.48893,46.1484],[13.48669,46.14106],[13.48471,46.13312],[13.48437,46.12398],[13.47948,46.11431],[13.4716,46.10486],[13.463,46.09947],[13.44698,46.09215],[13.43606,46.08844]]}},{"type":"Feature","properties":{"n":"Forum Iulii-Ad Undecimum"},"geometry":{"type":"LineString","coordinates":[[13.43606,46.08844],[13.43584,46.08457],[13.43594,46.07916],[13.43531,46.07367],[13.43468,46.07034],[13.43374,46.06762],[13.43536,46.06308],[13.43554,46.05751],[13.43504,46.05324],[13.43748,46.04811],[13.43848,46.04362],[13.4397,46.03861],[13.44152,46.03621],[13.44209,46.03213],[13.44094,46.02503],[13.43934,46.01985],[13.43813,46.01679],[13.4382,46.0144],[13.43701,46.01033],[13.43767,46.00401],[13.43951,45.99793],[13.44073,45.99241],[13.44499,45.98655],[13.4489,45.98088],[13.4481,45.97974],[13.44849,45.9769],[13.45286,45.97476],[13.45522,45.9738],[13.45849,45.96895],[13.46116,45.96478],[13.46134,45.9635],[13.4624,45.96107],[13.46486,45.95759],[13.46659,45.9566],[13.46641,45.95458],[13.46879,45.9515],[13.46882,45.95058],[13.47173,45.94542],[13.47127,45.93984],[13.4694,45.92448],[13.46732,45.90835],[13.46606,45.89754],[13.46699,45.89409],[13.47003,45.88648],[13.47261,45.88145],[13.47261,45.88145]]}},{"type":"Feature","properties":{"n":"Ovilava-Ad Mauros"},"geometry":{"type":"LineString","coordinates":[[14.0248,48.3117],[14.02287,48.30706]]}},{"type":"Feature","properties":{"n":"Ovilava-Ad Mauros"},"geometry":{"type":"LineString","coordinates":[[14.02287,48.30706],[14.02113,48.30286],[14.02562,48.29538],[14.02813,48.29202],[14.02848,48.28955],[14.02863,48.2864],[14.02756,48.28447],[14.02771,48.28237],[14.02729,48.28051],[14.02804,48.27623],[14.02887,48.27239],[14.03029,48.2711],[14.03024,48.26927],[14.03128,48.26546],[14.03225,48.26418],[14.03226,48.26174],[14.03045,48.25826],[14.02939,48.2502],[14.02942,48.24733],[14.02874,48.24412],[14.02915,48.24015],[14.02785,48.23551],[14.02652,48.23328],[14.02664,48.22945],[14.03013,48.22178],[14.03337,48.21897],[14.0377,48.21612],[14.0373,48.212],[14.03321,48.20074],[14.02893,48.18503],[14.02789,48.18033],[14.02775,48.17572],[14.02862,48.16726],[14.02887,48.16305],[14.02698,48.16157],[14.02698,48.16157]]}},{"type":"Feature","properties":{"n":"Boiodurum-Ad Mauros"},"geometry":{"type":"LineString","coordinates":[[13.46491,48.57607],[13.46423,48.57438],[13.4645,48.57378]]}},{"type":"Feature","properties":{"n":"Boiodurum-Ad Mauros"},"geometry":{"type":"LineString","coordinates":[[13.4645,48.57378],[13.46897,48.57133],[13.48062,48.57168],[13.49072,48.57173],[13.5002,48.57442],[13.50346,48.58001],[13.50677,48.58464],[13.51264,48.58621],[13.52577,48.58304],[13.53948,48.57533],[13.55304,48.56605],[13.57246,48.55763],[13.59116,48.56562],[13.6102,48.56015],[13.62459,48.55122],[13.64256,48.54968],[13.65469,48.5404],[13.65802,48.53493],[13.6748,48.52933],[13.69455,48.52112],[13.7162,48.51351],[13.73107,48.50209],[13.73916,48.49174],[13.76153,48.47889],[13.77117,48.47187],[13.79603,48.46378],[13.81721,48.45105],[13.83624,48.43749],[13.86218,48.42428],[13.87717,48.41607],[13.89633,48.40346],[13.91655,48.39775],[13.94035,48.38645],[13.94832,48.37681],[13.96164,48.37372],[13.97973,48.36967],[13.99115,48.35956],[13.99662,48.34766],[14.0015,48.33612],[14.00923,48.33017],[14.01173,48.32113],[14.02101,48.31471],[14.0248,48.3117],[14.0248,48.3117]]}},{"type":"Feature","properties":{"n":"Boiodurum-Pocking"},"geometry":{"type":"LineString","coordinates":[[13.4645,48.57378],[13.46337,48.57321],[13.46061,48.57202],[13.45892,48.57171],[13.45692,48.57113],[13.45514,48.57155],[13.45362,48.57196]]}},{"type":"Feature","properties":{"n":"Boiodurum-Pocking"},"geometry":{"type":"LineString","coordinates":[[13.45362,48.57196],[13.44547,48.56989],[13.44146,48.56767],[13.4337,48.5649],[13.42516,48.56163],[13.41908,48.55807],[13.41501,48.55468],[13.40663,48.55068],[13.40663,48.543],[13.40945,48.53712],[13.4107,48.5339],[13.41373,48.53076],[13.41858,48.52163],[13.42651,48.51566],[13.43443,48.51263],[13.44146,48.50817],[13.43853,48.50564],[13.43825,48.50378],[13.43568,48.50103],[13.43461,48.49846],[13.43147,48.49653],[13.42915,48.49232],[13.42793,48.48597],[13.42908,48.48386],[13.42519,48.47929],[13.42062,48.47562],[13.41723,48.46909],[13.41119,48.45988],[13.40349,48.44903],[13.39524,48.44271],[13.37428,48.43426],[13.35178,48.42387],[13.33916,48.41713],[13.33094,48.4065],[13.32123,48.40131],[13.30593,48.39406],[13.29108,48.38161],[13.2788,48.37116],[13.26932,48.36367],[13.25847,48.35909],[13.25315,48.35155]]}},{"type":"Feature","properties":{"n":"Pocking-Braunau"},"geometry":{"type":"LineString","coordinates":[[13.25315,48.35155],[13.25172,48.35332],[13.24743,48.35075],[13.24498,48.34573],[13.24252,48.34105],[13.23904,48.33956],[13.23304,48.33756],[13.2279,48.33556],[13.22271,48.33151],[13.22048,48.32877],[13.2162,48.32711],[13.21134,48.32357],[13.20495,48.31735],[13.20055,48.31255],[13.19684,48.30895],[13.1917,48.30741],[13.18793,48.30644],[13.17651,48.30632],[13.16469,48.3077],[13.15977,48.30724],[13.15395,48.30513],[13.14635,48.30415],[13.14081,48.30364],[13.13399,48.30331],[13.12928,48.30101],[13.12454,48.29776],[13.11592,48.29473],[13.10547,48.29279],[13.09399,48.29199],[13.08508,48.28788],[13.07645,48.28405],[13.06515,48.28],[13.05561,48.27731],[13.0495,48.27497],[13.04545,48.27406],[13.04288,48.27389],[13.04099,48.27274],[13.0397,48.27233],[13.03763,48.27135],[13.03091,48.26922],[13.02879,48.26816],[13.02763,48.26756]]}},{"type":"Feature","properties":{"n":"Braunau-Pfarrkirchen"},"geometry":{"type":"LineString","coordinates":[[13.02763,48.26756],[13.02383,48.26836],[13.01813,48.27134],[13.01515,48.27565],[13.01342,48.27856],[13.01428,48.28182],[13.01473,48.28379],[13.01256,48.28696],[13.00712,48.29245],[13.00236,48.29736],[12.99284,48.30197],[12.98734,48.30852],[12.98318,48.31417],[12.98214,48.31848],[12.98333,48.32131],[12.98452,48.32562],[12.98734,48.33142],[12.98511,48.33573],[12.9805,48.33871],[12.98288,48.34495],[12.98199,48.34822],[12.9802,48.35834],[12.98258,48.36607],[12.98704,48.37291],[12.99017,48.37797],[12.9924,48.38243],[12.99224,48.38372],[12.99214,48.38575],[12.99296,48.38736],[12.99393,48.39015],[12.99292,48.39123],[12.9941,48.39213],[12.99726,48.39498],[12.99743,48.39577],[12.99343,48.39821],[12.99152,48.40044],[12.98533,48.40248],[12.98265,48.40417],[12.98116,48.40482],[12.97676,48.40636],[12.97291,48.4069],[12.97105,48.40761],[12.96895,48.40943],[12.96604,48.41066],[12.96368,48.4126],[12.96042,48.41386],[12.95901,48.41456],[12.95727,48.41505],[12.95624,48.4155],[12.95369,48.41714],[12.9517,48.41967],[12.94288,48.42257],[12.94288,48.42257]]}},{"type":"Feature","properties":{"n":"Braunau-Pfarrkirchen"},"geometry":{"type":"LineString","coordinates":[[12.94288,48.42257],[12.94278,48.42395],[12.94351,48.42719],[12.94247,48.42952],[12.94459,48.42983],[12.95309,48.43164],[12.95971,48.43299],[12.96374,48.43458]]}},{"type":"Feature","properties":{"n":"Quintana-Pfarrkirchen"},"geometry":{"type":"LineString","coordinates":[[12.96374,48.43458],[12.9688,48.44229],[12.97555,48.45294],[12.97861,48.45897],[12.97835,48.46272],[12.98459,48.47227],[12.9851,48.47917],[12.98834,48.4825],[12.99361,48.48649],[12.99717,48.49205],[12.99685,48.49484],[12.99798,48.49773],[13.00268,48.50597],[13.01068,48.50969],[13.01782,48.51629],[13.02523,48.51855],[13.03893,48.52209],[13.04745,48.52633],[13.05516,48.5293],[13.05876,48.53432],[13.06494,48.53993],[13.06863,48.54582],[13.07357,48.55712],[13.08029,48.56254],[13.08043,48.57486],[13.08172,48.59199],[13.08286,48.60185],[13.08686,48.61241],[13.10328,48.62926],[13.11227,48.63383],[13.10542,48.63968],[13.10099,48.64824],[13.09,48.65653],[13.09086,48.6603]]}},{"type":"Feature","properties":{"n":"Quintana-Pfarrkirchen"},"geometry":{"type":"LineString","coordinates":[[13.09086,48.6603],[13.09143,48.66281],[13.09143,48.66623],[13.09214,48.66966],[13.08993,48.67207],[13.09143,48.67494]]}},{"type":"Feature","properties":{"n":"Moos-Quintianis"},"geometry":{"type":"LineString","coordinates":[[12.88083,48.77291],[12.88922,48.76925],[12.89598,48.76392],[12.90521,48.75849],[12.91663,48.75288],[12.92834,48.7465],[12.93262,48.74222],[12.9409,48.73717],[12.94709,48.73727],[12.95604,48.7366],[12.96175,48.73651],[12.96841,48.73432],[12.97869,48.72328],[12.98421,48.71757],[12.9884,48.7129],[12.99756,48.70584],[13.00543,48.69996],[13.01352,48.69691],[13.02161,48.69425],[13.02818,48.68977],[13.03408,48.68654],[13.04341,48.68102],[13.0495,48.67483],[13.05531,48.66998],[13.06235,48.66769],[13.06797,48.66541],[13.07453,48.66312],[13.08186,48.66163],[13.09086,48.6603]]}},{"type":"Feature","properties":{"n":"Surontio-Poidikon"},"geometry":{"type":"LineString","coordinates":[[14.48269,47.49696],[14.49045,47.49715],[14.51424,47.48953],[14.53471,47.48382],[14.55565,47.47906],[14.57944,47.47549],[14.60086,47.47478],[14.62013,47.4705],[14.64297,47.46812],[14.65582,47.46146],[14.66129,47.45432],[14.68199,47.44789],[14.69073,47.44055],[14.70449,47.43529],[14.71555,47.42719],[14.73196,47.42743],[14.75256,47.42603],[14.76861,47.41601],[14.7786,47.40792],[14.79906,47.40102],[14.82714,47.39816],[14.84094,47.39792],[14.87081,47.39684],[14.8902,47.38841],[14.90852,47.3896],[14.92874,47.38674],[14.95611,47.37794],[14.98294,47.37298],[14.99894,47.36723],[15.00584,47.35724],[15.01145,47.34418],[15.01145,47.34418]]}},{"type":"Feature","properties":{"n":"Surontio-Poidikon"},"geometry":{"type":"LineString","coordinates":[[15.01145,47.34418],[15.0139,47.34176],[15.01707,47.33457],[15.02514,47.33141],[15.0295,47.33269],[15.03403,47.33538],[15.03365,47.33747],[15.03924,47.33747],[15.04569,47.337],[15.04899,47.33914],[15.05363,47.34045],[15.05637,47.34473],[15.05827,47.34913],[15.06386,47.35211],[15.07088,47.35401],[15.08897,47.35599],[15.09184,47.35696],[15.0928,47.35902],[15.09674,47.36125],[15.10747,47.366],[15.10956,47.36648],[15.11115,47.36998],[15.11001,47.37629],[15.10913,47.37995],[15.11156,47.38273],[15.1148,47.38861]]}},{"type":"Feature","properties":{"n":"Surontio-Poidikon"},"geometry":{"type":"LineString","coordinates":[[15.1148,47.38861],[15.1227,47.39021],[15.1247,47.39321],[15.12695,47.39418],[15.13031,47.39414],[15.14219,47.40023],[15.15199,47.40088],[15.15716,47.40157],[15.16387,47.40467],[15.17371,47.40594],[15.18467,47.40561],[15.19495,47.40931],[15.20132,47.41428],[15.20769,47.41471],[15.21219,47.41272],[15.21786,47.40893],[15.22263,47.40667],[15.23303,47.40476],[15.23465,47.40488],[15.24111,47.4061],[15.24926,47.40772],[15.25909,47.40874],[15.26178,47.40908],[15.26739,47.40938],[15.26964,47.40989]]}},{"type":"Feature","properties":{"n":"Candalicas-Monate"},"geometry":{"type":"LineString","coordinates":[[14.4227,47.1756],[14.43126,47.14979],[14.45554,47.11695],[14.43778,47.09675],[14.4335,47.08319],[14.43564,47.06748],[14.44601,47.05256]]}},{"type":"Feature","properties":{"n":"Candalicas-Monate"},"geometry":{"type":"LineString","coordinates":[[14.44601,47.05256],[14.43657,47.03808],[14.41942,47.02088],[14.40596,47.00159],[14.40161,46.96617]]}},{"type":"Feature","properties":{"n":"Laciacum-Ovilava"},"geometry":{"type":"LineString","coordinates":[[13.4168,47.98514],[13.42471,47.98601],[13.43452,47.98553],[13.43953,47.98645],[13.44841,47.98824],[13.45344,47.98779],[13.45778,47.99112],[13.46355,47.99505],[13.472,47.99556],[13.48342,47.99657],[13.49963,47.9943],[13.52054,47.99945],[13.54554,48.003],[13.56754,48.00138],[13.58544,47.99861],[13.59273,47.99873],[13.60944,48.00263],[13.62094,48.00167],[13.63607,48.00373],[13.65214,48.00734],[13.6579,48.00986],[13.66179,48.01118],[13.66983,48.00856],[13.67702,48.00695],[13.68221,48.00618],[13.68879,48.00668],[13.70779,48.00534],[13.717,48.00814],[13.72663,48.01276],[13.73101,48.0155],[13.73687,48.02048],[13.7449,48.02693],[13.75209,48.03264],[13.75674,48.03879],[13.76232,48.04817],[13.77393,48.05489],[13.77393,48.05489]]}},{"type":"Feature","properties":{"n":"Laciacum-Ovilava"},"geometry":{"type":"LineString","coordinates":[[13.77393,48.05489],[13.78229,48.05935],[13.78967,48.06137],[13.80315,48.06688],[13.81619,48.07618],[13.83104,48.08507],[13.85065,48.09023],[13.86185,48.0908],[13.86904,48.0914],[13.87469,48.09103],[13.88168,48.09072],[13.88544,48.09139],[13.89032,48.09429],[13.90039,48.10011],[13.90758,48.10222],[13.91632,48.10382],[13.92768,48.10725],[13.93202,48.1125],[13.93751,48.11832],[13.94613,48.12261],[13.95418,48.12792],[13.95761,48.13066],[13.96046,48.13272],[13.96183,48.13391],[13.96349,48.13648],[13.96807,48.14064],[13.97194,48.14247],[13.97627,48.14264],[13.97862,48.14267],[13.98179,48.14367],[13.98557,48.14633],[13.9911,48.14922],[13.99597,48.15161],[14.00437,48.15389],[14.02698,48.16157]]}},{"type":"Feature","properties":{"n":"Pons Aeni-Iovavi"},"geometry":{"type":"LineString","coordinates":[[13.06636,47.81179],[13.04774,47.8095],[13.0348,47.80838],[13.01008,47.8164],[12.97026,47.83782],[12.91806,47.83444],[12.87784,47.84301],[12.8511,47.84415],[12.82293,47.85685],[12.80151,47.86099],[12.77339,47.87537],[12.74369,47.87513],[12.71338,47.87346],[12.66075,47.87482],[12.63298,47.87453],[12.61561,47.88836],[12.59858,47.90321],[12.57164,47.91567],[12.55196,47.9267],[12.54223,47.94109],[12.51863,47.94023],[12.49816,47.94965],[12.46038,47.94623],[12.44734,47.95831],[12.42545,47.95156],[12.39861,47.94071],[12.3809,47.92177],[12.35482,47.90968],[12.33455,47.9072],[12.302,47.91044],[12.27554,47.90254],[12.22614,47.89721],[12.1757,47.87608],[12.14163,47.85657],[12.12911,47.85582]]}},{"type":"Feature","properties":{"n":"Vipitenum-Sebatume"},"geometry":{"type":"LineString","coordinates":[[11.62812,46.77653],[11.63029,46.77548],[11.63936,46.77901],[11.64127,46.78576],[11.64912,46.78564],[11.66697,46.79362],[11.67482,46.80595],[11.68561,46.81028],[11.6981,46.81415],[11.70881,46.81534],[11.71744,46.81504],[11.73142,46.81474],[11.74064,46.81474],[11.78763,46.81058],[11.81262,46.8079],[11.82817,46.80461],[11.83645,46.807],[11.84511,46.80233],[11.85539,46.7949],[11.87081,46.78862],[11.88166,46.79052],[11.8908,46.78519],[11.90336,46.78519]]}},{"type":"Feature","properties":{"n":"Teurnia-Santicum"},"geometry":{"type":"LineString","coordinates":[[13.42133,46.8273],[13.4412,46.82159],[13.45714,46.81505],[13.47044,46.80972],[13.47088,46.80154],[13.46809,46.79684],[13.4754,46.7928],[13.48385,46.79173],[13.4879,46.78631],[13.48938,46.78173],[13.4939,46.7815],[13.50092,46.779],[13.51294,46.7765],[13.53269,46.76912],[13.55232,46.76853],[13.56017,46.75877],[13.58117,46.74652],[13.59979,46.73872],[13.60746,46.73272],[13.62222,46.72183],[13.64107,46.71618],[13.66088,46.70642],[13.67177,46.69589],[13.68307,46.68959],[13.68736,46.68733],[13.69348,46.68299],[13.69961,46.67656],[13.71002,46.67252],[13.72055,46.66919],[13.73209,46.66484],[13.74292,46.66187],[13.74767,46.66032],[13.75868,46.65883],[13.7646,46.65357],[13.77278,46.64908],[13.78027,46.6492],[13.78869,46.65],[13.79437,46.6481],[13.80133,46.64301],[13.81674,46.63569],[13.82788,46.63079],[13.83662,46.62051],[13.84369,46.61832],[13.8557,46.62076],[13.8557,46.62076]]}},{"type":"Feature","properties":{"n":"Lauriacum-Loco Felicis"},"geometry":{"type":"LineString","coordinates":[[14.47687,48.21408],[14.487,48.21291],[14.50527,48.20463],[14.52183,48.19835],[14.53592,48.19568],[14.54696,48.18712],[14.55943,48.18807],[14.57142,48.18303],[14.58436,48.17893],[14.59379,48.1756],[14.60407,48.17141],[14.61453,48.16199],[14.62386,48.15247],[14.63186,48.14676],[14.64889,48.14286],[14.6665,48.14486],[14.66841,48.14143],[14.67488,48.13496],[14.68497,48.13077],[14.69934,48.12754],[14.71028,48.12611],[14.72152,48.12049],[14.7277,48.11716],[14.74103,48.11935],[14.74426,48.1164],[14.74969,48.11126],[14.75844,48.11354],[14.77244,48.1104],[14.78034,48.10679],[14.79059,48.10558],[14.80041,48.10202],[14.80041,48.10202]]}},{"type":"Feature","properties":{"n":"Namare-Cetio"},"geometry":{"type":"LineString","coordinates":[[15.33661,48.21736],[15.34976,48.2163],[15.3594,48.21345],[15.36768,48.2031],[15.37681,48.20188],[15.38502,48.20288],[15.39088,48.20824],[15.3938,48.20702],[15.3993,48.20274],[15.4023,48.20531],[15.40572,48.21073],[15.41043,48.21402],[15.418,48.21502],[15.42414,48.21395],[15.43428,48.21409],[15.43763,48.21138],[15.44263,48.20802],[15.44734,48.21059],[15.45291,48.21416],[15.4674,48.21209],[15.47882,48.21252],[15.48931,48.21423],[15.50145,48.2138],[15.51194,48.21145],[15.52565,48.20774],[15.53671,48.20338],[15.54699,48.20195],[15.55977,48.19981],[15.57248,48.19796],[15.58711,48.19838],[15.59789,48.1986],[15.61109,48.19831],[15.61109,48.19831]]}},{"type":"Feature","properties":{"n":"Ragundone-Halicanum"},"geometry":{"type":"LineString","coordinates":[[15.87279,46.41866],[15.88012,46.42215],[15.88797,46.42658]]}},{"type":"Feature","properties":{"n":"Ragundone-Halicanum"},"geometry":{"type":"LineString","coordinates":[[15.88797,46.42658],[15.90639,46.42458],[15.92152,46.42358],[15.94051,46.43186],[15.95579,46.43543],[15.96821,46.42729],[15.9812,46.42244],[15.99633,46.4223],[16.03659,46.42172],[16.04944,46.42372],[16.05787,46.42644],[16.06743,46.43],[16.07914,46.43086],[16.07728,46.44057],[16.08556,46.44956],[16.10027,46.45113],[16.11826,46.45613],[16.1371,46.45913],[16.15038,46.46084],[16.16166,46.46455],[16.17379,46.46955],[16.18707,46.47141],[16.20492,46.46627],[16.21805,46.46327],[16.2319,46.46455],[16.24746,46.46841],[16.26074,46.47412],[16.2733,46.47826],[16.28215,46.48269],[16.29415,46.48097],[16.30971,46.48226],[16.32556,46.48768],[16.33612,46.49611],[16.35568,46.49953],[16.36624,46.51095],[16.38609,46.51652],[16.40044,46.51933],[16.4061,46.51986]]}},{"type":"Feature","properties":{"n":"Arabiates-Halicanum"},"geometry":{"type":"LineString","coordinates":[[16.4061,46.51986],[16.41716,46.52082],[16.42335,46.51879],[16.42828,46.51576],[16.43376,46.51374],[16.43869,46.51356],[16.44131,46.51832],[16.44191,46.52391],[16.44262,46.53045],[16.44316,46.5339],[16.44206,46.53813],[16.44155,46.54475],[16.44429,46.55469],[16.44435,46.56862],[16.43311,46.58396],[16.43531,46.59186],[16.44728,46.59129],[16.45814,46.59262],[16.4628,46.60328],[16.46625,46.61825],[16.47279,46.63364],[16.47279,46.64744],[16.47146,46.65706],[16.47393,46.66448],[16.47689,46.6719],[16.48174,46.67904],[16.48041,46.68999],[16.48107,46.69903],[16.47432,46.70474],[16.47165,46.71216],[16.47308,46.72035],[16.47184,46.72854],[16.47946,46.73701],[16.47773,46.7447],[16.48034,46.75408],[16.48234,46.76132],[16.48317,46.76822],[16.47984,46.7746],[16.47812,46.78241],[16.47869,46.79278],[16.48231,46.80211],[16.47993,46.81753],[16.4765,46.83152],[16.49278,46.83514],[16.5003,46.83837]]}},{"type":"Feature","properties":{"n":"Arabiates-Halicanum"},"geometry":{"type":"LineString","coordinates":[[16.5003,46.83837],[16.50258,46.84399],[16.50306,46.85027],[16.49992,46.86293],[16.49668,46.8714],[16.49506,46.87597],[16.49535,46.87977],[16.49649,46.88415],[16.49649,46.89357],[16.49821,46.89938],[16.50135,46.90014],[16.50668,46.90043],[16.50944,46.90442],[16.51182,46.9108],[16.51391,46.9147],[16.51496,46.91965],[16.51629,46.92793],[16.51848,46.93031],[16.52057,46.93526],[16.52133,46.9405],[16.52524,46.94297],[16.52695,46.94735],[16.52638,46.9543],[16.52267,46.95715],[16.51439,46.96068],[16.51229,46.96277],[16.51515,46.96696],[16.51762,46.96981],[16.51924,46.974],[16.52238,46.97628],[16.52505,46.98],[16.52733,46.9819],[16.52781,46.98447],[16.53314,46.98904],[16.53618,46.99047],[16.53761,46.99351],[16.5377,47.00008],[16.5377,47.00008]]}},{"type":"Feature","properties":{"n":"Arabiates-Halicanum"},"geometry":{"type":"LineString","coordinates":[[16.5377,47.00008],[16.54208,47.00512],[16.54608,47.00636],[16.54836,47.00684],[16.55131,47.0116],[16.55122,47.01578],[16.55122,47.02464],[16.55151,47.02873],[16.55208,47.03254],[16.5555,47.03558],[16.55693,47.04005],[16.55522,47.0471],[16.55179,47.05024],[16.55122,47.05424],[16.55217,47.05738],[16.55246,47.06432],[16.55208,47.06689],[16.55217,47.07061],[16.55217,47.07584],[16.55198,47.08564],[16.55408,47.09288],[16.55655,47.09935],[16.56093,47.10744],[16.56493,47.1141],[16.57244,47.12143],[16.58149,47.13076],[16.58377,47.13466],[16.58368,47.13809],[16.58282,47.13999],[16.58072,47.14094],[16.58092,47.14351],[16.5792,47.14542],[16.57854,47.14799],[16.5793,47.15065],[16.58139,47.15294],[16.58644,47.1575],[16.58786,47.16179],[16.58663,47.16674],[16.58453,47.16997],[16.58577,47.17264],[16.58729,47.17483],[16.58777,47.17835],[16.58967,47.18111],[16.59034,47.18434],[16.59186,47.18815],[16.59548,47.19186],[16.59852,47.19472],[16.60138,47.19834],[16.605,47.20443],[16.60918,47.20728],[16.61414,47.20913],[16.61746,47.21109],[16.61954,47.21548],[16.6197,47.21785],[16.61786,47.22107],[16.61794,47.22499],[16.61737,47.22946],[16.61737,47.22946]]}},{"type":"Feature","properties":{"n":"Muteno-Arabiates"},"geometry":{"type":"LineString","coordinates":[[16.54048,47.48971],[16.54229,47.49469],[16.54304,47.50102],[16.54651,47.50811],[16.55028,47.51474],[16.54998,47.51866],[16.55148,47.52288],[16.55209,47.5259],[16.55013,47.53313],[16.55103,47.53931],[16.54998,47.54414],[16.54561,47.55002],[16.54108,47.55529],[16.53475,47.56057],[16.53219,47.56509],[16.53761,47.56826],[16.54395,47.57474],[16.54922,47.58334],[16.5508,47.58703],[16.5493,47.58925],[16.54759,47.59053],[16.5483,47.59303],[16.54894,47.59553],[16.54894,47.59774],[16.54958,47.60017],[16.55037,47.60188],[16.55158,47.60402],[16.55351,47.60731],[16.55679,47.60902],[16.56008,47.61045],[16.56536,47.61252],[16.56971,47.61644],[16.57821,47.61901],[16.57921,47.62244],[16.58249,47.62308],[16.58692,47.6238],[16.59084,47.62622],[16.59406,47.62758],[16.59805,47.62972],[16.59998,47.63229],[16.6028,47.63409],[16.59905,47.63857],[16.59898,47.642],[16.5992,47.64749],[16.59684,47.65378],[16.59199,47.6602],[16.5902,47.66427],[16.59349,47.67048],[16.59479,47.67212],[16.59503,47.67694],[16.59473,47.67926],[16.59646,47.68093],[16.59789,47.68247],[16.59664,47.68384],[16.59783,47.68503],[16.59777,47.68682],[16.5983,47.68836],[16.59902,47.68967],[16.59902,47.68967]]}},{"type":"Feature","properties":{"n":"Muteno-Arabiates"},"geometry":{"type":"LineString","coordinates":[[16.59902,47.68967],[16.59248,47.69071],[16.58456,47.69471],[16.57842,47.70299],[16.57107,47.71463],[16.564,47.72134],[16.55729,47.72776],[16.54772,47.7384],[16.54144,47.75018],[16.53944,47.7546],[16.53402,47.75567],[16.52667,47.76053],[16.51938,47.76353],[16.51374,47.76395],[16.51068,47.76602],[16.50161,47.7753],[16.49647,47.77523],[16.49183,47.77587],[16.49097,47.78116],[16.491,47.7917],[16.48883,47.79815],[16.48255,47.80521],[16.47798,47.81449],[16.4697,47.82256],[16.46692,47.82506],[16.46256,47.82834],[16.46099,47.8332],[16.45749,47.83598],[16.45721,47.83976],[16.46163,47.84383],[16.45585,47.84854],[16.4505,47.85226],[16.44479,47.85647],[16.44015,47.85932],[16.42973,47.86646],[16.4273,47.86882],[16.42387,47.87074],[16.42266,47.87481],[16.42137,47.87624]]}},{"type":"Feature","properties":{"n":"Comagena-Vindobona"},"geometry":{"type":"LineString","coordinates":[[16.37298,48.2107],[16.36522,48.21168],[16.35867,48.21424],[16.34592,48.21566],[16.33593,48.21681],[16.31746,48.22233],[16.29843,48.22927],[16.29014,48.2347],[16.28025,48.24022],[16.28129,48.24441],[16.2871,48.25012],[16.28891,48.25392],[16.29186,48.25526],[16.287,48.2583],[16.27682,48.2643],[16.27149,48.26725],[16.25921,48.26687],[16.2495,48.26535],[16.24275,48.26458],[16.23513,48.26839],[16.2278,48.27258],[16.22028,48.27372],[16.21259,48.27357],[16.20828,48.27511],[16.21086,48.27839],[16.21533,48.28286],[16.21457,48.28629],[16.21162,48.29152],[16.21419,48.29733],[16.21895,48.30028],[16.22523,48.29695],[16.23618,48.30228],[16.2475,48.3058],[16.25789,48.30955],[16.25789,48.30955]]}},{"type":"Feature","properties":{"n":"Cetio-Comagenis"},"geometry":{"type":"LineString","coordinates":[[16.05892,48.32978],[16.05035,48.3277],[16.04446,48.32383],[16.03584,48.31449],[16.02203,48.29932],[16.01579,48.2954],[16.008,48.29492],[15.98016,48.29557],[15.94791,48.2967],[15.92977,48.29599],[15.9121,48.28832],[15.90443,48.28225],[15.8917,48.27559],[15.87641,48.27243],[15.86208,48.27255],[15.84679,48.27091],[15.81972,48.26411],[15.80657,48.26066],[15.79384,48.26054],[15.78629,48.26196],[15.77784,48.26196],[15.77064,48.26256],[15.76327,48.25839],[15.75815,48.25822],[15.75512,48.25839],[15.75113,48.25673],[15.74459,48.25435],[15.72758,48.249],[15.71193,48.24394],[15.70461,48.24144],[15.69992,48.24105]]}},{"type":"Feature","properties":{"n":"Cetio-Comagenis"},"geometry":{"type":"LineString","coordinates":[[15.69992,48.24105],[15.69461,48.23716],[15.69141,48.23621],[15.6879,48.23412],[15.68207,48.23121],[15.67739,48.22874],[15.67184,48.22431],[15.66928,48.2227],[15.66167,48.21931],[15.65691,48.21771],[15.65459,48.21606],[15.65012,48.21384],[15.64697,48.21158],[15.64358,48.20878],[15.64103,48.20779],[15.63694,48.20752],[15.63151,48.20813],[15.6252,48.20861],[15.61485,48.20863]]}},{"type":"Feature","properties":{"n":"Cetio-Comagenis"},"geometry":{"type":"LineString","coordinates":[[15.61485,48.20863],[15.61479,48.20622],[15.6139,48.20307],[15.61182,48.19974],[15.61109,48.19831]]}},{"type":"Feature","properties":{"n":"Vindobona-Muteno"},"geometry":{"type":"LineString","coordinates":[[16.37298,48.2107],[16.36998,48.20383],[16.36862,48.19942],[16.36719,48.19633],[16.3666,48.19157],[16.36481,48.18788],[16.36196,48.18514],[16.3591,48.18149],[16.3577,48.17739],[16.35149,48.17313],[16.34875,48.1673],[16.3415,48.15683],[16.33567,48.14933],[16.32996,48.14386],[16.32615,48.1366],[16.31972,48.12958],[16.31782,48.12137],[16.3152,48.11411],[16.31425,48.09294],[16.31437,48.08437],[16.31366,48.07997],[16.31199,48.07402],[16.31223,48.07033],[16.31354,48.06545],[16.3127,48.06177],[16.3083,48.05546],[16.30664,48.04856],[16.30466,48.0449],[16.29651,48.04182],[16.29105,48.03762],[16.28939,48.03286],[16.28165,48.02619],[16.27642,48.02132],[16.27202,48.01549],[16.27202,48.01549]]}},{"type":"Feature","properties":{"n":"Vindobona-Muteno"},"geometry":{"type":"LineString","coordinates":[[16.27202,48.01549],[16.28879,48.01394],[16.29462,48.01251],[16.29997,48.00966],[16.30212,48.0049],[16.30152,48.00097],[16.29962,47.99645],[16.29759,47.99122],[16.30045,47.98967],[16.3039,47.98729],[16.30449,47.98551],[16.30307,47.98182],[16.30283,47.98063],[16.30449,47.97825],[16.30449,47.97468],[16.30176,47.9698],[16.30005,47.96575],[16.30347,47.96264],[16.302,47.95802],[16.30461,47.95552],[16.30566,47.95341],[16.30787,47.95169],[16.31887,47.94256],[16.32765,47.93599],[16.331,47.93256],[16.33393,47.93156],[16.33978,47.93128],[16.34485,47.92992],[16.35649,47.92685],[16.36334,47.92478],[16.36826,47.923],[16.37069,47.92014],[16.37233,47.91686],[16.37476,47.91486],[16.37812,47.91322],[16.38004,47.91086],[16.38311,47.9105],[16.38661,47.90972],[16.38747,47.90822],[16.38847,47.90701],[16.39025,47.90565],[16.39232,47.90401],[16.39496,47.90201],[16.39675,47.90037],[16.39725,47.8988],[16.4001,47.89716],[16.4001,47.89523],[16.39982,47.89352],[16.4021,47.89259],[16.40388,47.89116],[16.40496,47.89037],[16.40496,47.88937],[16.4081,47.88745],[16.4101,47.88588],[16.41238,47.88159],[16.41638,47.88081],[16.41773,47.88017],[16.41973,47.87838],[16.42137,47.87624],[16.42137,47.87624]]}},{"type":"Feature","properties":{"n":"Iovavi-Anisus"},"geometry":{"type":"LineString","coordinates":[[13.06636,47.81179],[13.08237,47.7852],[13.07801,47.76728],[13.08158,47.75643],[13.08437,47.74558],[13.08837,47.73616],[13.08765,47.72595],[13.09094,47.71596],[13.09251,47.70411],[13.10114,47.68426],[13.11878,47.67327],[13.12363,47.66128],[13.1287,47.64986],[13.13869,47.63322],[13.16218,47.60617],[13.17602,47.58711],[13.19194,47.57676],[13.16939,47.56363],[13.17081,47.55106],[13.17205,47.53935],[13.16786,47.52403],[13.16929,47.51251],[13.17976,47.49338],[13.19175,47.48482],[13.19842,47.4734],[13.20546,47.46226],[13.21717,47.45151],[13.22906,47.43761],[13.25552,47.43418],[13.28855,47.42971],[13.31101,47.41981],[13.34442,47.42666],[13.37259,47.42286],[13.3882,47.41477],[13.39582,47.39678],[13.412,47.38888],[13.42418,47.38488]]}},{"type":"Feature","properties":{"n":"Murioa-Teurnia"},"geometry":{"type":"LineString","coordinates":[[13.69886,47.09287],[13.72349,47.08567],[13.73006,47.07532],[13.71485,47.05941],[13.70065,47.03592],[13.66724,47.03485],[13.63333,47.02093],[13.61812,47.00772],[13.61537,47.00041],[13.61984,46.9938],[13.62266,46.98285],[13.62155,46.96871],[13.61798,46.96211],[13.61195,46.9519],[13.60567,46.94094],[13.59464,46.93181],[13.58472,46.92802],[13.57258,46.92181],[13.56094,46.91653],[13.54624,46.90993],[13.52929,46.90186],[13.51943,46.88973],[13.5103,46.87727],[13.50654,46.86921],[13.50174,46.86217],[13.49763,46.8564],[13.4943,46.84983],[13.49491,46.84309],[13.48937,46.83974],[13.48602,46.8358],[13.47094,46.83076],[13.46438,46.83065]]}},{"type":"Feature","properties":{"n":"Murioa-Teurnia"},"geometry":{"type":"LineString","coordinates":[[13.46438,46.83065],[13.46272,46.83076],[13.45979,46.83072],[13.45179,46.83038],[13.44995,46.83032],[13.4308,46.82938],[13.42358,46.83016],[13.42133,46.8273]]}},{"type":"Feature","properties":{"n":"Murioa-Beliandrum"},"geometry":{"type":"LineString","coordinates":[[13.69886,47.09287],[13.71178,47.1028],[13.72905,47.10794],[13.75404,47.11679],[13.77103,47.12221],[13.79044,47.13035],[13.80172,47.13506],[13.81,47.12507],[13.81329,47.11707],[13.81686,47.10922],[13.82028,47.10037],[13.81928,47.09195],[13.81314,47.08452],[13.81942,47.07739],[13.83185,47.07439],[13.84349,47.07603],[13.84752,47.07574],[13.85195,47.07417],[13.86023,47.0731],[13.86801,47.07078],[13.87176,47.07093],[13.87597,47.06943],[13.88007,47.06832],[13.88328,47.06839],[13.88678,47.06689],[13.89471,47.06582],[13.90049,47.06596],[13.90619,47.06827],[13.90999,47.07003],[13.91394,47.07032],[13.91542,47.07256],[13.92075,47.07422],[13.92656,47.07717],[13.93203,47.08088],[13.93737,47.0841],[13.94788,47.08444],[13.95284,47.08421],[13.95753,47.08399],[13.96792,47.08444],[13.97786,47.08553],[13.97786,47.08553]]}},{"type":"Feature","properties":{"n":"Murioa-Beliandrum"},"geometry":{"type":"LineString","coordinates":[[13.97786,47.08553],[13.98094,47.08204],[13.98277,47.07633],[13.98505,47.07045],[13.98505,47.06748],[13.98711,47.06571],[13.98876,47.06291],[13.99049,47.06196],[13.99213,47.05909],[13.99305,47.05709],[13.99539,47.05458],[13.99881,47.04898],[13.99961,47.04635],[14.00167,47.04384],[14.00258,47.04064],[14.00196,47.03836],[14.00407,47.03744],[14.00458,47.03573],[14.00664,47.03139],[14.00892,47.02859],[14.00887,47.02705],[14.0059,47.02345],[14.00441,47.02088],[14.00407,47.01774],[14.00641,47.01403],[14.01007,47.01169],[14.01132,47.00404],[14.01395,47.00101],[14.01515,46.99461],[14.01543,46.98993],[14.01355,46.98679],[14.00864,46.98302],[14.00601,46.97868],[14.00967,46.97485],[14.01429,46.97171],[14.01715,46.96852],[14.02337,46.96212],[14.02531,46.95367],[14.02491,46.94978],[14.03262,46.94247],[14.04016,46.93865],[14.05221,46.93654],[14.05356,46.93671]]}},{"type":"Feature","properties":{"n":"Graviacisn-Ad Pontem"},"geometry":{"type":"LineString","coordinates":[[13.97786,47.08553],[13.98322,47.09101],[13.99036,47.09506],[14.00024,47.09912],[14.00875,47.10272],[14.01846,47.1102],[14.02971,47.11442],[14.03965,47.11597],[14.05267,47.11225],[14.0654,47.1102],[14.08156,47.10637],[14.09618,47.10489],[14.10663,47.10489],[14.11863,47.10557],[14.13142,47.10751],[14.14038,47.10951],[14.14764,47.11334],[14.16654,47.11283],[14.17539,47.11414],[14.18801,47.11157],[14.19852,47.10894],[14.212,47.11243],[14.22462,47.12099],[14.23341,47.12819],[14.24746,47.13384],[14.25962,47.13658],[14.27944,47.13635],[14.30017,47.13395],[14.32107,47.13213],[14.35048,47.1279],[14.35876,47.1283],[14.36133,47.13487],[14.36944,47.13892],[14.38012,47.14886],[14.39434,47.15743],[14.4077,47.15828],[14.41661,47.16399],[14.42135,47.17239],[14.4227,47.1756]]}},{"type":"Feature","properties":{"n":"Tarnasicin-Candalicas"},"geometry":{"type":"LineString","coordinates":[[14.05356,46.93671],[14.0544,46.94336],[14.06225,46.94921],[14.07353,46.95035],[14.08652,46.9505],[14.10308,46.95035],[14.11893,46.95478],[14.12507,46.95563],[14.13849,46.95935],[14.14648,46.9642],[14.15433,46.97105],[14.18374,46.97905],[14.19574,46.98048],[14.20973,46.98105],[14.22372,46.98133],[14.23799,46.98262],[14.24656,46.98362],[14.25584,46.98504],[14.26098,46.97919],[14.26928,46.97404],[14.27983,46.97405],[14.29439,46.9732],[14.30438,46.97248],[14.31366,46.97177],[14.32465,46.96863],[14.33522,46.96934],[14.3455,46.96963],[14.35406,46.96991],[14.3602,46.96948],[14.36663,46.97091],[14.3819,46.96991],[14.38978,46.9666],[14.40161,46.96617],[14.40161,46.96617]]}},{"type":"Feature","properties":{"n":"Tarnasicin-Matucaium"},"geometry":{"type":"LineString","coordinates":[[14.05356,46.93671],[14.05511,46.9268],[14.05739,46.92123],[14.06767,46.91323],[14.08052,46.90952],[14.09837,46.90338],[14.10651,46.89996],[14.10936,46.89396],[14.10965,46.88939],[14.11621,46.87754],[14.12078,46.86897],[14.13021,46.86012],[14.13634,46.85427],[14.14363,46.85099],[14.16019,46.85213],[14.17218,46.85013],[14.1796,46.85241],[14.19017,46.85084],[14.1993,46.8497],[14.20516,46.84956],[14.21958,46.85798],[14.23043,46.86341],[14.23728,46.86341],[14.24428,46.86526],[14.25341,46.86341],[14.25727,46.8684],[14.26669,46.86798],[14.28939,46.87469],[14.30024,46.87883],[14.31223,46.88425],[14.32266,46.8931],[14.33322,46.89567],[14.3455,46.89467],[14.35378,46.89724],[14.36092,46.89938],[14.36763,46.90181],[14.3702,46.90467],[14.37534,46.90195],[14.38462,46.90253],[14.39547,46.90367],[14.40203,46.90495],[14.4076,46.90324],[14.41131,46.90067],[14.41517,46.90124],[14.42259,46.90024],[14.42887,46.89739],[14.4333,46.89524],[14.43758,46.89253],[14.44293,46.89234],[14.44293,46.89234]]}},{"type":"Feature","properties":{"n":"Teurnia-Santicum"},"geometry":{"type":"LineString","coordinates":[[13.87626,46.6358],[13.87338,46.65724],[13.84444,46.67856],[13.83394,46.69052],[13.83626,46.70973],[13.81901,46.71955],[13.79956,46.72538],[13.7832,46.73609],[13.77231,46.75268],[13.76083,46.76761],[13.75599,46.77944],[13.74242,46.78924],[13.71982,46.79976],[13.70617,46.80098],[13.69734,46.79845],[13.67985,46.79712],[13.67081,46.79203],[13.64945,46.78308],[13.63851,46.78102],[13.62884,46.78908],[13.61409,46.79569],[13.60713,46.80116],[13.58638,46.81013],[13.56727,46.81794],[13.55234,46.8232],[13.54214,46.82558],[13.53001,46.83122],[13.51518,46.83308],[13.50781,46.83153],[13.49767,46.83099],[13.48411,46.82908],[13.46536,46.82984],[13.46438,46.83065]]}},{"type":"Feature","properties":{"n":"Santicum-Saloca"},"geometry":{"type":"LineString","coordinates":[[13.87626,46.6358],[13.88748,46.64132],[13.89003,46.65541],[13.90068,46.66023],[13.91264,46.66333],[13.92352,46.66541],[13.93492,46.66817],[13.94669,46.67067],[13.95889,46.67451],[13.96844,46.67971],[13.97537,46.68569],[13.98375,46.69069],[13.99556,46.69479],[14.00806,46.69598],[14.01739,46.69961],[14.02772,46.70238],[14.04048,46.69917],[14.05086,46.70208],[14.06115,46.70565],[14.06489,46.71231],[14.0773,46.71883],[14.09157,46.72082],[14.1038,46.72204],[14.10975,46.71187],[14.11974,46.70473],[14.12361,46.69697],[14.13027,46.69241],[14.14035,46.68914],[14.146,46.6831],[14.14484,46.67668],[14.14856,46.67281],[14.15305,46.6704]]}},{"type":"Feature","properties":{"n":"Vetonina-Vipitenum"},"geometry":{"type":"LineString","coordinates":[[11.38426,47.26645],[11.38685,47.26395],[11.38988,47.26053],[11.39209,47.25093],[11.39019,47.23844],[11.39293,47.22594],[11.39483,47.21762],[11.40387,47.20548],[11.39816,47.19287],[11.39804,47.18347],[11.40435,47.18383],[11.41708,47.17586],[11.43433,47.16348],[11.44242,47.1542],[11.44682,47.14088],[11.45015,47.12839],[11.45158,47.11447],[11.45836,47.10174],[11.46241,47.09651],[11.45931,47.09008],[11.46015,47.08448],[11.46836,47.0808],[11.47537,47.07616],[11.48037,47.07175],[11.48025,47.06236],[11.48156,47.0526],[11.4793,47.04368],[11.47573,47.03416],[11.48941,47.02797],[11.50274,47.0225],[11.50714,47.01334],[11.50274,46.99787],[11.49121,46.98112],[11.47221,46.97027],[11.46136,46.95941],[11.449,46.94087],[11.44523,46.9267],[11.44085,46.91856],[11.42759,46.90876],[11.42548,46.90137]]}},{"type":"Feature","properties":{"n":"Sebato-Littamo"},"geometry":{"type":"LineString","coordinates":[[11.90336,46.78519],[11.91678,46.78983],[11.92887,46.79509],[11.94181,46.79642],[11.95285,46.79414],[11.96504,46.79147],[11.9795,46.79033],[11.98959,46.78938],[12.00368,46.78538],[12.01129,46.78348],[12.01586,46.77815],[12.02092,46.77341],[12.02938,46.77453],[12.03628,46.77099],[12.04214,46.77007],[12.04308,46.76749],[12.04613,46.76578],[12.04765,46.76254],[12.05184,46.76083],[12.05546,46.76102],[12.06002,46.76026],[12.06326,46.76083],[12.06535,46.76235],[12.06973,46.76368],[12.07297,46.76273],[12.0764,46.76216],[12.08402,46.76346],[12.08686,46.76064],[12.09181,46.75949],[12.09628,46.76018],[12.09913,46.75968],[12.10349,46.75804],[12.10548,46.75526],[12.10977,46.75354],[12.12162,46.74819],[12.12647,46.74512],[12.13283,46.74377],[12.14589,46.74105],[12.15652,46.7382],[12.15967,46.73627],[12.1668,46.73634],[12.17487,46.73627],[12.18279,46.73598],[12.19314,46.73477],[12.19757,46.73256],[12.20499,46.73092],[12.21099,46.73042],[12.21741,46.72927],[12.22298,46.72885],[12.22755,46.73106],[12.23283,46.72977],[12.24119,46.72699],[12.24911,46.72656],[12.25625,46.72799],[12.25846,46.72892],[12.26374,46.72942],[12.26931,46.73187],[12.27528,46.73332],[12.27873,46.73463],[12.27873,46.73463]]}},{"type":"Feature","properties":{"n":"Littamo-Aguntum"},"geometry":{"type":"LineString","coordinates":[[12.27873,46.73463],[12.30043,46.72963],[12.32435,46.73035],[12.3337,46.73306],[12.34776,46.73484],[12.35975,46.73813],[12.36968,46.74012],[12.38117,46.74048],[12.38838,46.74248],[12.39416,46.74305],[12.40044,46.74319],[12.4073,46.74441],[12.41505,46.74502],[12.43108,46.74736],[12.44469,46.74603],[12.46272,46.74751],[12.48324,46.74556],[12.49453,46.74939],[12.51823,46.75795],[12.53869,46.759],[12.55116,46.76109],[12.56505,46.7629],[12.57714,46.76861],[12.58809,46.7689],[12.60122,46.77118],[12.61607,46.77556],[12.63215,46.77756],[12.65386,46.78156],[12.66794,46.78384],[12.68964,46.78536],[12.71268,46.79222],[12.72828,46.79403],[12.74247,46.79983],[12.75522,46.80964],[12.76217,46.82277],[12.77035,46.82658]]}},{"type":"Feature","properties":{"n":"Aguntum-Oberdrauburg"},"geometry":{"type":"LineString","coordinates":[[12.77035,46.82658],[12.77599,46.82584],[12.78887,46.82102],[12.7964,46.81713],[12.80804,46.81392],[12.82396,46.80813],[12.83402,46.80199],[12.84073,46.79678],[12.84673,46.79671],[12.87059,46.78959]]}},{"type":"Feature","properties":{"n":"Aguntum-Oberdrauburg"},"geometry":{"type":"LineString","coordinates":[[12.87059,46.78959],[12.88178,46.78179],[12.89156,46.77822],[12.90976,46.76987],[12.91683,46.76166],[12.92268,46.76123],[12.92611,46.75688],[12.93096,46.75274],[12.94138,46.74846],[12.94838,46.7451],[12.95456,46.74489],[12.9618,46.74564],[12.96979,46.74655]]}},{"type":"Feature","properties":{"n":"Oberdrauburg-Teurnia"},"geometry":{"type":"LineString","coordinates":[[12.96979,46.74655],[12.9825,46.75046],[12.99663,46.7466],[13.00955,46.74303],[13.02269,46.74196],[13.04075,46.74125],[13.06045,46.73903],[13.08087,46.73761],[13.10414,46.74168],[13.12127,46.74467],[13.13269,46.74417],[13.14268,46.74653],[13.1813,46.75088],[13.20457,46.75324],[13.22306,46.7501],[13.23691,46.75131],[13.24748,46.75124],[13.26382,46.75517],[13.27839,46.75624],[13.29709,46.75702],[13.31115,46.75752],[13.32407,46.76045],[13.32914,46.76216],[13.3407,46.77044],[13.35041,46.78501],[13.35555,46.80585],[13.35341,46.81641],[13.34558,46.8295],[13.35459,46.83381],[13.36458,46.83188],[13.37124,46.83022],[13.38195,46.83081],[13.3976,46.82926],[13.42133,46.8273],[13.42133,46.8273]]}},{"type":"Feature","properties":{"n":"Santicum-Virunum"},"geometry":{"type":"LineString","coordinates":[[14.34482,46.69046],[14.32901,46.67768],[14.31921,46.66884]]}},{"type":"Feature","properties":{"n":"Santicum-Virunum"},"geometry":{"type":"LineString","coordinates":[[14.17077,46.66072],[14.16965,46.66354],[14.16667,46.66702],[14.16382,46.66846],[14.16232,46.67047],[14.16111,46.67136],[14.15851,46.6717],[14.15552,46.67147],[14.15305,46.6704]]}},{"type":"Feature","properties":{"n":"Santicum-Virunum"},"geometry":{"type":"LineString","coordinates":[[14.15305,46.6704],[14.1516,46.66904],[14.15035,46.6671],[14.15014,46.66618],[14.14922,46.66484],[14.14815,46.66395],[14.14791,46.66309],[14.14659,46.66226],[14.13867,46.66261],[14.13706,46.66299],[14.13198,46.66189],[14.12783,46.66171],[14.12264,46.65898],[14.11764,46.65732],[14.09956,46.65696],[14.09575,46.65601],[14.08964,46.6537],[14.08849,46.65149],[14.0854,46.64994],[14.08171,46.6497],[14.07874,46.64899],[14.07564,46.64768],[14.07267,46.64697],[14.07005,46.64673],[14.06589,46.64673],[14.06089,46.64602],[14.05554,46.64495],[14.05209,46.64459],[14.04888,46.64483],[14.04566,46.64602],[14.04281,46.64661],[14.0396,46.64697],[14.02936,46.64697],[14.02675,46.64673],[14.0209,46.64793],[14.01211,46.64863],[14.00783,46.65054],[14.00378,46.65161],[13.99819,46.65256],[13.99201,46.65113],[13.98677,46.6503],[13.97642,46.65054],[13.97142,46.65113],[13.96536,46.65137],[13.9625,46.65078],[13.96179,46.65042],[13.95679,46.64982],[13.95215,46.6453],[13.94611,46.64166],[13.94192,46.64007],[13.93169,46.63733],[13.92657,46.63614],[13.91884,46.63483],[13.90801,46.63364],[13.9029,46.634],[13.89528,46.63257],[13.87586,46.63484],[13.87586,46.63484]]}},{"type":"Feature","properties":{"n":"Santicum-Virunum"},"geometry":{"type":"LineString","coordinates":[[14.31921,46.66884],[14.30996,46.66351],[14.30415,46.66088],[14.2968,46.66021],[14.28828,46.65992],[14.28266,46.66221],[14.276,46.66489],[14.27001,46.6657],[14.26647,46.66666],[14.26195,46.66676],[14.25384,46.67027],[14.24879,46.67052],[14.24222,46.6704],[14.23682,46.67047],[14.23089,46.67041],[14.2251,46.66927],[14.22196,46.66736],[14.21887,46.66599],[14.21218,46.66464],[14.20698,46.66331],[14.20198,46.66295],[14.19781,46.66294],[14.19457,46.66236],[14.18869,46.66105],[14.1848,46.66062],[14.17971,46.6601],[14.17597,46.65918],[14.17385,46.65948],[14.17077,46.66072]]}},{"type":"Feature","properties":{"n":"Virunum-Candalicas"},"geometry":{"type":"LineString","coordinates":[[14.44293,46.89234],[14.44992,46.8776],[14.44349,46.85619],[14.43992,46.81907],[14.40709,46.80479],[14.3915,46.794],[14.3829,46.78828],[14.37327,46.78222],[14.37291,46.77579],[14.38005,46.76758],[14.3854,46.75866],[14.38647,46.75509],[14.38469,46.74974],[14.38433,46.7476],[14.38326,46.74224],[14.38326,46.73582],[14.38112,46.72654],[14.37577,46.7194],[14.36399,46.70726],[14.3592,46.70142]]}},{"type":"Feature","properties":{"n":"Stiriate - Gabromago"},"geometry":{"type":"LineString","coordinates":[[14.30969,47.70695],[14.31243,47.70333],[14.31719,47.69217],[14.3255,47.68206],[14.3357,47.66203],[14.33474,47.65113],[14.33058,47.64295],[14.32864,47.64057],[14.33088,47.63551],[14.29628,47.6204],[14.29129,47.60779],[14.28129,47.59804],[14.27653,47.58781],[14.26773,47.58162],[14.25179,47.57424],[14.2456,47.57163],[14.23979,47.56742]]}},{"type":"Feature","properties":{"n":"Ernolatia-Gabromago"},"geometry":{"type":"LineString","coordinates":[[14.20465,47.76271],[14.21726,47.75865],[14.23109,47.75716],[14.2464,47.75166],[14.258,47.74809],[14.26425,47.74229],[14.27288,47.73991],[14.28626,47.73962],[14.29399,47.73263],[14.30158,47.72593],[14.30634,47.71136],[14.30969,47.70695]]}},{"type":"Feature","properties":{"n":"Ernolatia-Vetonianis"},"geometry":{"type":"LineString","coordinates":[[14.0682,47.99841],[14.07739,47.99561],[14.07968,47.99202],[14.07973,47.98168],[14.07916,47.96689],[14.08196,47.95684],[14.09121,47.95198],[14.09824,47.94787],[14.09624,47.9437],[14.08727,47.93982],[14.08333,47.93559],[14.08664,47.92908],[14.09658,47.92326],[14.1076,47.91977],[14.11908,47.90778],[14.12365,47.90293],[14.12702,47.8979],[14.12891,47.89064],[14.12748,47.88351],[14.12833,47.8778],[14.13536,47.87066],[14.14255,47.86866],[14.15026,47.86358],[14.15169,47.85998],[14.15043,47.8545],[14.15392,47.85153],[14.1622,47.85033],[14.17208,47.84982],[14.17682,47.84793],[14.17465,47.84622],[14.16939,47.84439],[14.16254,47.83914],[14.15843,47.83326],[14.15437,47.82726],[14.1558,47.82229],[14.16117,47.81664],[14.16037,47.81281],[14.16031,47.80967],[14.16065,47.80408],[14.16283,47.79951],[14.16009,47.79359],[14.15831,47.78871],[14.15928,47.78437],[14.16982,47.77412],[14.20465,47.76271],[14.20465,47.76271]]}},{"type":"Feature","properties":{"n":"Ovilavis-Lauriacum"},"geometry":{"type":"LineString","coordinates":[[14.03418,48.15148],[14.03899,48.152],[14.04384,48.1519],[14.04765,48.15114],[14.05393,48.15476],[14.06126,48.15799],[14.06526,48.15771],[14.07126,48.15771],[14.07506,48.15894],[14.07735,48.16066],[14.08905,48.16304],[14.09324,48.16209],[14.10314,48.16275],[14.11827,48.16361],[14.13169,48.16675],[14.1453,48.17084],[14.15159,48.17579],[14.16025,48.17893],[14.17472,48.18407],[14.18128,48.1854],[14.18814,48.18874],[14.19794,48.18921],[14.20774,48.19112],[14.21859,48.19683],[14.22716,48.19749],[14.23354,48.19997],[14.24124,48.20235],[14.24581,48.20473],[14.25447,48.20634],[14.26447,48.20901],[14.27551,48.21177],[14.2776,48.21053],[14.2776,48.21053]]}},{"type":"Feature","properties":{"n":"Loco Felicis-Ad Pontem"},"geometry":{"type":"LineString","coordinates":[[14.80041,48.10202],[14.80118,48.09993],[14.80118,48.09794],[14.80794,48.09898],[14.81355,48.09993],[14.8206,48.10279],[14.82983,48.10688],[14.83725,48.11069],[14.83982,48.11364],[14.84249,48.11459],[14.8461,48.11592],[14.84896,48.11735],[14.85286,48.11849],[14.85753,48.11973],[14.86742,48.12202],[14.87723,48.12468],[14.88808,48.12773],[14.89426,48.12934],[14.90569,48.12782],[14.91387,48.12649],[14.92053,48.12773],[14.92596,48.13011],[14.92986,48.12953],[14.93157,48.13134],[14.93443,48.13306],[14.93349,48.13752],[14.93491,48.14077],[14.93871,48.14572],[14.94109,48.14838],[14.94461,48.15019],[14.94794,48.15285],[14.95204,48.15076],[14.95908,48.148],[14.96546,48.14429],[14.97164,48.14172],[14.9726,48.14457],[14.97431,48.14619],[14.97735,48.14819],[14.98145,48.14838],[14.98383,48.14724],[14.98554,48.14619],[14.98678,48.14828],[14.99363,48.14819],[14.99896,48.14905],[15.00144,48.15047],[15.00058,48.15219],[14.99725,48.15453],[14.9981,48.15676],[15.00048,48.15866],[15.00534,48.15866],[15.00981,48.15961],[15.01219,48.15971],[15.01704,48.16123],[15.02038,48.16275],[15.02237,48.16332],[15.02714,48.1625],[15.03541,48.1598],[15.03846,48.15942],[15.0436,48.15761],[15.0436,48.15761]]}},{"type":"Feature","properties":{"n":"Ad Pontem - Namare"},"geometry":{"type":"LineString","coordinates":[[15.33661,48.21736],[15.33005,48.21799],[15.32468,48.21785],[15.31327,48.21514],[15.30978,48.21537]]}},{"type":"Feature","properties":{"n":"Ad Pontem - Namare"},"geometry":{"type":"LineString","coordinates":[[15.30978,48.21537],[15.3035,48.21702],[15.29801,48.21616],[15.29408,48.21702],[15.28965,48.21787],[15.28458,48.21859],[15.27837,48.21752],[15.27373,48.21623],[15.27081,48.21437],[15.26667,48.21159],[15.26131,48.21031],[15.25303,48.20956],[15.24111,48.20874],[15.23105,48.20838],[15.21663,48.20809],[15.20456,48.20816]]}},{"type":"Feature","properties":{"n":"Ad Pontem - Namare"},"geometry":{"type":"LineString","coordinates":[[15.20456,48.20816],[15.19559,48.20743],[15.17887,48.20738],[15.1738,48.20738],[15.16723,48.20724],[15.16338,48.20781],[15.16023,48.20952],[15.15638,48.21052],[15.1511,48.21052],[15.14353,48.20923],[15.13739,48.20816],[15.13254,48.20709],[15.12775,48.20517],[15.1224,48.20388],[15.11698,48.20124],[15.11519,48.19474],[15.11569,48.19068],[15.11786,48.1867],[15.12204,48.18204],[15.12212,48.17725],[15.11826,48.1729],[15.11348,48.1689],[15.10755,48.16334],[15.10341,48.16355],[15.09978,48.16598],[15.08645,48.17358],[15.08182,48.17492],[15.07851,48.17273],[15.0773,48.17102],[15.07541,48.16966],[15.07419,48.1687],[15.07305,48.16845],[15.07212,48.16852],[15.07127,48.16895],[15.06991,48.16863],[15.06939,48.16789],[15.06796,48.16608],[15.06406,48.16437],[15.05968,48.16313],[15.05635,48.16151],[15.05159,48.1599],[15.04722,48.15809],[15.0436,48.15761],[15.0436,48.15761]]}},{"type":"Feature","properties":{"n":"Poidikon-Ragumdone"},"geometry":{"type":"LineString","coordinates":[[15.27303,47.4108],[15.28038,47.40761],[15.28857,47.40105],[15.29529,47.39456],[15.31066,47.39331],[15.30764,47.37685],[15.3337,47.36936],[15.34762,47.35068],[15.3613,47.33033],[15.37296,47.31047],[15.34179,47.29666],[15.31859,47.2906],[15.31133,47.27918],[15.32679,47.27549],[15.32608,47.26692],[15.31525,47.24836],[15.33494,47.23496],[15.33924,47.22444],[15.33905,47.2141],[15.34119,47.20256],[15.33845,47.18899],[15.33167,47.1765],[15.32525,47.15901],[15.33738,47.14152],[15.34619,47.13082],[15.36261,47.12249],[15.37605,47.11226],[15.39033,47.10726],[15.40448,47.09429],[15.41829,47.06907],[15.42864,47.031],[15.42864,47.031]]}},{"type":"Feature","properties":{"n":"Poidikon-Ragumdone"},"geometry":{"type":"LineString","coordinates":[[15.42864,47.031],[15.43351,47.02338],[15.43899,47.0147],[15.44244,47.00911],[15.44992,46.99962],[15.4585,46.98424],[15.46742,46.96782],[15.47206,46.96021],[15.47373,46.94855],[15.47504,46.93808],[15.47634,46.91952],[15.47753,46.90857],[15.47218,46.90239],[15.47289,46.88692],[15.47896,46.87669],[15.50057,46.86256],[15.51557,46.85257],[15.51735,46.83829],[15.52342,46.8208],[15.52984,46.80688],[15.54048,46.79946],[15.545,46.78639],[15.55088,46.7689],[15.55166,46.76639]]}},{"type":"Feature","properties":{"n":"Oberdrauburg-Loncium"},"geometry":{"type":"LineString","coordinates":[[12.96979,46.74655],[12.96919,46.74202],[12.96572,46.73705],[12.96557,46.7286],[12.96436,46.72257],[12.96783,46.71428],[12.9719,46.70388],[12.97899,46.69664],[12.98366,46.69438],[12.99014,46.69227],[12.99647,46.6888],[13.0019,46.68428],[13.00386,46.67976],[13.00371,46.67493],[13.00024,46.66981],[13.00176,46.66279]]}},{"type":"Feature","properties":{"n":"Anisus-Murioa"},"geometry":{"type":"LineString","coordinates":[[13.42418,47.38488],[13.43227,47.38355],[13.43636,47.38279],[13.44064,47.38383],[13.44597,47.38478],[13.45092,47.38659],[13.45597,47.3864],[13.46035,47.38602],[13.4652,47.38659],[13.47053,47.3864],[13.47329,47.38574]]}},{"type":"Feature","properties":{"n":"Anisus-Murioa"},"geometry":{"type":"LineString","coordinates":[[13.47329,47.38574],[13.47405,47.37841],[13.48052,47.37041],[13.49233,47.36327],[13.50023,47.35185],[13.50308,47.34338],[13.50736,47.33301],[13.50908,47.32387],[13.5106,47.31645],[13.5066,47.30769],[13.50613,47.30188],[13.50527,47.29218],[13.50651,47.28485],[13.50194,47.27571],[13.49937,47.26096],[13.50974,47.2523],[13.51907,47.25391],[13.53087,47.25173],[13.53982,47.25087],[13.5581,47.2483],[13.57209,47.24002],[13.57685,47.23336],[13.58303,47.21461],[13.58579,47.20699],[13.59055,47.20004],[13.59912,47.19062],[13.61263,47.18529],[13.62976,47.17796],[13.63709,47.17159],[13.64832,47.16587],[13.65194,47.15921],[13.65365,47.15245],[13.65975,47.14522],[13.6724,47.14303],[13.68383,47.13037],[13.69591,47.10972],[13.7001,47.10068],[13.69886,47.09287],[13.69886,47.09287]]}},{"type":"Feature","properties":{"n":"Iovavi-Tarnantoneo"},"geometry":{"type":"LineString","coordinates":[[13.4168,47.98514],[13.39447,47.98865],[13.38453,47.97574],[13.37382,47.96468],[13.3577,47.95611],[13.34146,47.96087],[13.32368,47.96426],[13.30446,47.95956],[13.29352,47.95243],[13.28376,47.9444],[13.27359,47.94118],[13.25604,47.94434],[13.2428,47.94395],[13.23635,47.94124],[13.23242,47.93285],[13.22451,47.92655],[13.20566,47.91834],[13.19669,47.9099],[13.19024,47.90122],[13.1784,47.8906],[13.17281,47.88263],[13.16052,47.87717],[13.14481,47.87134],[13.13385,47.86797],[13.12779,47.86175],[13.12163,47.85512],[13.10552,47.84821],[13.09741,47.84364],[13.08919,47.83907],[13.08274,47.82891],[13.07645,47.82086],[13.06703,47.81263],[13.06636,47.81179]]}},{"type":"Feature","properties":{"n":"Cambodunum-Abodiacum"},"geometry":{"type":"LineString","coordinates":[[10.34156,47.74001],[10.40346,47.75535],[10.46321,47.77168],[10.47965,47.78618],[10.48131,47.78979],[10.49631,47.79796],[10.50902,47.80376],[10.5165,47.80877],[10.52872,47.81919],[10.55399,47.82288],[10.5596,47.82408],[10.56976,47.82631],[10.58738,47.82617],[10.60521,47.82428],[10.61657,47.8238],[10.64174,47.82661],[10.66007,47.81817],[10.68967,47.82244],[10.71991,47.8301],[10.72426,47.83374],[10.72803,47.84092],[10.73185,47.84737],[10.74306,47.8567],[10.74755,47.87103],[10.75451,47.87099],[10.77489,47.8749],[10.80326,47.87672],[10.83179,47.88613],[10.84424,47.90146],[10.85327,47.91354],[10.86485,47.90983],[10.87412,47.89942],[10.90593,47.90581]]}},{"type":"Feature","properties":{"n":"Castra Regina-Vallatum"},"geometry":{"type":"LineString","coordinates":[[12.10178,49.01252],[12.10155,49.01018],[12.09988,49.00612],[12.09905,49.00051],[12.10273,48.99381],[12.10357,48.99186]]}},{"type":"Feature","properties":{"n":"Castra Regina-Vallatum"},"geometry":{"type":"LineString","coordinates":[[12.10357,48.99186],[12.06962,48.99055],[12.06506,48.9855],[12.06178,48.96931],[12.04923,48.96116],[12.04267,48.95067],[12.04267,48.94056],[12.0381,48.93456],[12.02156,48.92782],[12.00587,48.92173],[11.99104,48.9176],[11.9725,48.91611],[11.97222,48.91086],[11.96808,48.9057],[11.95268,48.90364],[11.9212,48.90654],[11.90485,48.9039],[11.89802,48.90566],[11.88153,48.90878],[11.87113,48.91103],[11.86341,48.90986],[11.8591,48.90673],[11.85836,48.90078],[11.84841,48.89101],[11.83073,48.89052],[11.8236,48.88906],[11.80919,48.88495],[11.79686,48.87968],[11.79626,48.86903],[11.78206,48.86452],[11.77049,48.85375],[11.77049,48.85375]]}},{"type":"Feature","properties":{"n":"Augusta Vindelicum-Abodiacum"},"geometry":{"type":"LineString","coordinates":[[10.90638,47.91291],[10.90317,47.91426],[10.9002,47.91518],[10.89848,47.91661],[10.89586,47.91777],[10.89414,47.9194],[10.89479,47.91984],[10.89361,47.92072],[10.89099,47.92295],[10.88891,47.92549],[10.88665,47.92733],[10.88422,47.9292],[10.88196,47.92987],[10.87691,47.93119],[10.87483,47.93242],[10.8706,47.93186],[10.87063,47.93184],[10.86732,47.93058],[10.86872,47.93334],[10.86483,47.93642],[10.864,47.94057],[10.86566,47.94541],[10.8646,47.95015],[10.8631,47.9551],[10.86189,47.96004],[10.85256,47.97849]]}},{"type":"Feature","properties":{"n":"Augusta Vindelicum-Abodiacum"},"geometry":{"type":"LineString","coordinates":[[10.85256,47.97849],[10.86249,48.02457],[10.85526,48.02953],[10.85317,48.03436],[10.845,48.03957],[10.83701,48.04809],[10.83169,48.05648],[10.8275,48.06601],[10.83245,48.07401],[10.82969,48.08138],[10.83825,48.09186],[10.83207,48.1357],[10.83359,48.14699],[10.83967,48.15384],[10.84043,48.1579],[10.83587,48.16424],[10.8429,48.18047],[10.85488,48.20379],[10.8661,48.22305],[10.8661,48.23053],[10.86991,48.23838]]}},{"type":"Feature","properties":{"n":"Augusta Vindelicum-Abodiacum"},"geometry":{"type":"LineString","coordinates":[[10.86991,48.23838],[10.8661,48.26319],[10.87162,48.28344],[10.88036,48.30508],[10.88816,48.32101],[10.88809,48.32576],[10.89414,48.34361],[10.89603,48.35315],[10.89808,48.35966],[10.89866,48.36002],[10.89881,48.36193],[10.89984,48.36385]]}},{"type":"Feature","properties":{"n":"Augusta Vindelicum-Abodiacum"},"geometry":{"type":"LineString","coordinates":[[10.89984,48.36385],[10.89966,48.36496],[10.89866,48.36694],[10.89824,48.36733],[10.89828,48.36843],[10.8981,48.36933],[10.89593,48.3707],[10.89448,48.37169]]}},{"type":"Feature","properties":{"n":"Augusta Vindelicum-Munich"},"geometry":{"type":"LineString","coordinates":[[10.93952,48.35078],[10.95846,48.35216],[10.97282,48.35126],[10.9834,48.3526],[10.98604,48.35212]]}},{"type":"Feature","properties":{"n":"Augusta Vindelicum-Munich"},"geometry":{"type":"LineString","coordinates":[[11.3083,48.33048],[11.31647,48.31968],[11.32531,48.31238],[11.33608,48.3065],[11.35334,48.30389],[11.36838,48.30047],[11.38086,48.29312],[11.40303,48.27955],[11.42086,48.26982],[11.4282,48.26233],[11.4323,48.2608],[11.43467,48.25942],[11.4345,48.2576],[11.43833,48.25552],[11.445,48.24803],[11.44801,48.246],[11.45153,48.24273],[11.45161,48.23801],[11.45298,48.23292],[11.45807,48.22922],[11.46282,48.22827],[11.46695,48.22594],[11.4769,48.21966],[11.484,48.21336],[11.49181,48.20536],[11.50422,48.20185],[11.51936,48.19872],[11.52948,48.19493],[11.53953,48.19231],[11.56517,48.16885],[11.56095,48.15332]]}},{"type":"Feature","properties":{"n":"Augusta Vindelicum-Munich"},"geometry":{"type":"LineString","coordinates":[[10.98604,48.35212],[11.02915,48.35308],[11.03734,48.36024],[11.04507,48.36411],[11.05998,48.36374],[11.07246,48.3635],[11.08779,48.36364],[11.09937,48.36637],[11.10757,48.36703],[11.11702,48.36426],[11.14089,48.36405],[11.1523,48.36737],[11.16291,48.36417],[11.17015,48.36273],[11.17687,48.36437],[11.18387,48.36625],[11.18702,48.36754],[11.19236,48.36839],[11.20247,48.3635],[11.20844,48.36178],[11.21497,48.36496],[11.22029,48.3648],[11.23128,48.36474],[11.24231,48.36841],[11.25831,48.36469],[11.26693,48.35761],[11.27513,48.35205],[11.2772,48.34727],[11.28411,48.34574],[11.28925,48.34149],[11.29676,48.33882],[11.30189,48.33466],[11.30446,48.33198],[11.3083,48.33048]]}},{"type":"Feature","properties":{"n":"Haldenwang"},"geometry":{"type":"LineString","coordinates":[[10.4834,48.43054],[10.48328,48.43302],[10.48317,48.43327],[10.48291,48.43343],[10.46729,48.43433],[10.4662,48.43433],[10.46503,48.43427],[10.46356,48.43438],[10.46192,48.43455],[10.45995,48.43458],[10.45774,48.43479],[10.45627,48.43495],[10.45576,48.43506],[10.4554,48.43545],[10.45515,48.43646],[10.45501,48.43684],[10.45361,48.43673],[10.45251,48.43667],[10.44988,48.43643],[10.44913,48.43638],[10.44834,48.43638],[10.44798,48.43663],[10.44826,48.43696],[10.44771,48.43777],[10.44731,48.43842],[10.44732,48.43915],[10.44768,48.43962],[10.44823,48.44009],[10.44859,48.44068],[10.44858,48.44115],[10.44835,48.44147],[10.44789,48.4418],[10.44719,48.44213],[10.44679,48.44306],[10.44603,48.44529],[10.44589,48.44581],[10.44548,48.44625],[10.445,48.44704],[10.44477,48.44754],[10.44483,48.44831],[10.44472,48.44918],[10.44331,48.45066],[10.44242,48.45166],[10.44148,48.45263],[10.4413,48.45272],[10.4413,48.45272]]}},{"type":"Feature","properties":{"n":"Rusiava-Hundersingen"},"geometry":{"type":"LineString","coordinates":[[9.83129,48.26603],[9.82748,48.26513],[9.82224,48.26342],[9.81869,48.26015],[9.81569,48.26013],[9.81339,48.26072],[9.80574,48.26128],[9.80122,48.26065],[9.79846,48.26538],[9.78338,48.26186],[9.77386,48.25752],[9.76762,48.255],[9.75774,48.25223],[9.74904,48.25052],[9.74348,48.24788],[9.7391,48.24707],[9.73435,48.24396],[9.72844,48.239],[9.72312,48.23342],[9.71399,48.2252],[9.70424,48.21403],[9.69207,48.20885],[9.68513,48.20686],[9.67988,48.20692],[9.67548,48.20547],[9.6688,48.20258],[9.66431,48.20181],[9.65878,48.20134],[9.65412,48.19965],[9.65145,48.1974],[9.64643,48.19299],[9.63763,48.19264],[9.62789,48.19271],[9.61329,48.19261],[9.59951,48.18741],[9.59946,48.18732]]}},{"type":"Feature","properties":{"n":"Veldidena-Parthanum"},"geometry":{"type":"LineString","coordinates":[[11.11677,47.48711],[11.13509,47.48504],[11.15702,47.48771],[11.19395,47.48812],[11.22369,47.48861],[11.24975,47.47851],[11.2685,47.46827],[11.27727,47.46015],[11.27159,47.45249],[11.26413,47.44382],[11.25951,47.43568],[11.25826,47.42025],[11.26286,47.4034],[11.26464,47.39032],[11.23966,47.38141],[11.22905,47.36113],[11.21625,47.35029],[11.206,47.34476],[11.19894,47.34025],[11.19875,47.33185],[11.19935,47.32158],[11.20083,47.3151],[11.19982,47.3082],[11.20063,47.30243],[11.20745,47.29775],[11.2106,47.29296],[11.22971,47.28676],[11.23284,47.27886],[11.27182,47.26712],[11.31356,47.26661],[11.33866,47.26222],[11.38426,47.26645]]}},{"type":"Feature","properties":{"n":"Landshut-Turum"},"geometry":{"type":"LineString","coordinates":[[12.13771,48.52801],[12.14883,48.52034],[12.15917,48.50892],[12.15989,48.48947],[12.15739,48.4797],[12.15192,48.46718],[12.15014,48.45228],[12.14254,48.43928],[12.13719,48.42721],[12.12685,48.41428],[12.12661,48.40418],[12.13077,48.39526],[12.12816,48.38382],[12.12233,48.3704],[12.12507,48.35761],[12.13077,48.34182],[12.12685,48.32736],[12.11912,48.3155],[12.11924,48.30626],[12.12447,48.29519],[12.12697,48.28855],[12.13814,48.28388],[12.15166,48.2756],[12.15501,48.26798],[12.16413,48.25683],[12.15264,48.24187],[12.13588,48.2277],[12.13386,48.21646],[12.1379,48.20767],[12.14586,48.19706],[12.15121,48.18184],[12.16179,48.17154],[12.16369,48.16536]]}},{"type":"Feature","properties":{"n":"Veldidena-Turum"},"geometry":{"type":"LineString","coordinates":[[12.12911,47.85582],[12.11986,47.80231],[12.11055,47.75625],[12.12322,47.72433],[12.15545,47.69466],[12.16994,47.66532],[12.18414,47.62643],[12.16112,47.58684],[12.12076,47.56308],[12.08906,47.54168],[12.04578,47.52291],[12.03359,47.50357],[12.00271,47.4889],[11.95872,47.47717],[11.90396,47.46464],[11.87617,47.45183],[11.8551,47.42815],[11.83182,47.41732],[11.79982,47.40462],[11.77017,47.39202],[11.73172,47.37906],[11.70459,47.35773],[11.67081,47.33299],[11.65123,47.32658],[11.6173,47.31087],[11.58442,47.30647],[11.55665,47.29627],[11.51663,47.28049],[11.475,47.26693],[11.44136,47.25702],[11.38985,47.26813],[11.38426,47.26645]]}},{"type":"Feature","properties":{"n":"Augusta Vindelicum"},"geometry":{"type":"LineString","coordinates":[[10.98604,48.35212],[10.99119,48.3501],[10.99416,48.34605],[10.99901,48.348],[11.00457,48.34847],[11.00706,48.34766],[11.0102,48.34619],[11.01241,48.34539],[11.01405,48.34349],[11.01548,48.34245],[11.01698,48.34098],[11.0209,48.34027],[11.02232,48.34103],[11.02517,48.34183],[11.02824,48.34217],[11.03138,48.34245],[11.0348,48.34212],[11.04122,48.34274],[11.04507,48.34278],[11.04792,48.3433],[11.04992,48.34378],[11.05149,48.34387],[11.05227,48.34515],[11.05284,48.34577],[11.05477,48.34548],[11.05769,48.3451],[11.05983,48.34463],[11.06047,48.34345],[11.06076,48.34236],[11.06197,48.34198],[11.06218,48.3406],[11.06289,48.33989],[11.06831,48.3388],[11.07323,48.33657],[11.08208,48.33544],[11.08543,48.3352],[11.08764,48.33591],[11.08956,48.33591],[11.09085,48.33487],[11.09284,48.33491],[11.09926,48.33482],[11.1024,48.33515],[11.10454,48.3352],[11.10675,48.33444],[11.1086,48.33264],[11.11152,48.33217],[11.11438,48.33107],[11.11488,48.33074],[11.11816,48.33117],[11.12243,48.3315],[11.12564,48.33122],[11.1275,48.3315],[11.13327,48.33217],[11.13327,48.33217]]}},{"type":"Feature","properties":{"n":"Turum-Erding"},"geometry":{"type":"LineString","coordinates":[[12.16369,48.16536],[12.1578,48.16669],[12.15137,48.16636],[12.14122,48.16726],[12.13746,48.16696],[12.13295,48.16537],[12.12297,48.16355],[12.11624,48.16189],[12.11264,48.16045],[12.10719,48.15932],[12.10232,48.15761],[12.09842,48.15613],[12.09445,48.15444],[12.0904,48.15368],[12.08589,48.15194],[12.08136,48.14973],[12.06978,48.14506],[12.06443,48.14314],[12.06024,48.1428],[12.05094,48.14096],[12.04428,48.13876],[12.03321,48.13998],[12.0259,48.14032],[12.02218,48.1399],[12.00494,48.14347],[11.98934,48.14472],[11.96349,48.14704],[11.93577,48.15004],[11.9096,48.15331],[11.90252,48.15706],[11.89618,48.16156],[11.89508,48.16511],[11.89199,48.16846],[11.89199,48.16846]]}},{"type":"Feature","properties":{"n":"Turum-Erding"},"geometry":{"type":"LineString","coordinates":[[11.91612,48.30166],[11.91644,48.30339],[11.91673,48.30612],[11.9168,48.30657],[11.9168,48.30799],[11.91662,48.30828],[11.91773,48.30892],[11.91751,48.31013],[11.91748,48.31018],[11.91851,48.31022],[11.91948,48.31083],[11.92047,48.31304],[11.9229,48.31761],[11.92382,48.31991],[11.92397,48.32397],[11.92393,48.3256],[11.92518,48.32747],[11.92557,48.33046],[11.92582,48.33214],[11.92554,48.33594],[11.92643,48.33954],[11.9271,48.34205],[11.92878,48.34459],[11.92953,48.34556],[11.93063,48.34897],[11.93192,48.35238],[11.93281,48.35755],[11.93295,48.36292],[11.93156,48.36487],[11.93028,48.36636],[11.92999,48.36858],[11.93085,48.37053],[11.93238,48.37363],[11.93117,48.38017],[11.93038,48.38268],[11.93038,48.38268]]}},{"type":"Feature","properties":{"n":"Turum-Erding"},"geometry":{"type":"LineString","coordinates":[[11.89199,48.16846],[11.89348,48.17591],[11.89595,48.18637],[11.89702,48.18798],[11.89608,48.19328],[11.89619,48.19556],[11.8956,48.19916],[11.89488,48.20099],[11.89394,48.20299],[11.89158,48.20792],[11.89136,48.21188],[11.89311,48.21615],[11.89596,48.2188],[11.89837,48.22342],[11.90205,48.22934],[11.90282,48.23351],[11.90028,48.23806],[11.89775,48.24272],[11.901,48.24891],[11.90256,48.25406],[11.90392,48.25616],[11.90376,48.26246],[11.90612,48.26646],[11.90958,48.26899],[11.91269,48.27319],[11.91259,48.27521],[11.91231,48.27647],[11.91284,48.2788],[11.91167,48.28477],[11.91234,48.28655],[11.91195,48.28893],[11.9117,48.29334],[11.9148,48.29922],[11.91612,48.30166]]}},{"type":"Feature","properties":{"n":"Abodiacum-Foetes"},"geometry":{"type":"LineString","coordinates":[[10.87207,47.82817],[10.87106,47.82198],[10.85862,47.81246],[10.85523,47.79872],[10.83656,47.78622],[10.81895,47.7795],[10.81903,47.77345],[10.81829,47.76563],[10.81834,47.75684],[10.8244,47.74644],[10.82371,47.73976],[10.8252,47.73119],[10.82874,47.72217],[10.82023,47.71617],[10.80578,47.70966],[10.79909,47.70556],[10.79571,47.70068],[10.79536,47.69668],[10.78289,47.69323],[10.77606,47.69207],[10.76742,47.69052],[10.75733,47.68626],[10.75284,47.68322],[10.75342,47.67723],[10.75182,47.67266],[10.75291,47.66542],[10.74879,47.65937],[10.74748,47.65651],[10.7462,47.65297],[10.7411,47.65014],[10.74095,47.63706],[10.70733,47.58007],[10.69939,47.56735],[10.69939,47.56735]]}},{"type":"Feature","properties":{"n":"Augusta Vindelicum-Urusa"},"geometry":{"type":"LineString","coordinates":[[11.10861,47.91382],[11.11094,47.92013],[11.11043,47.92899],[11.10676,47.94056],[11.10495,47.94351],[11.10333,47.94793],[11.10267,47.95674],[11.10109,47.96406],[11.09985,47.97062],[11.09901,47.97621],[11.09714,47.98214],[11.09161,47.98442],[11.08926,47.99122],[11.08327,47.99711],[11.07788,48.00392],[11.076,48.0116],[11.0702,48.01326],[11.06355,48.01368],[11.06052,48.01593],[11.06019,48.01941],[11.05624,48.02404],[11.0544,48.02994],[11.05019,48.03628],[11.04723,48.04131],[11.04711,48.04856],[11.04318,48.05458],[11.04158,48.0619],[11.04099,48.06528],[11.03885,48.06704],[11.03678,48.06799],[11.03667,48.06907],[11.0384,48.07165],[11.03823,48.07409]]}},{"type":"Feature","properties":{"n":"Augusta Vindelicum-Urusa"},"geometry":{"type":"LineString","coordinates":[[11.03823,48.07409],[11.03125,48.07695],[11.02721,48.08213],[11.02409,48.08386],[11.0224,48.08607],[11.02376,48.08953],[11.02621,48.09313],[11.03255,48.10586],[11.0374,48.10811],[11.03374,48.11487],[11.02921,48.12002],[11.02639,48.12219],[11.02598,48.1243],[11.02655,48.12596],[11.0222,48.1325],[11.02049,48.1374],[11.01963,48.14213],[11.01689,48.1474],[11.01514,48.15006],[11.01296,48.15242],[11.01023,48.1543],[11.00783,48.15719],[11.00457,48.16074],[10.99879,48.16292],[10.99311,48.1645],[10.98806,48.16575],[10.97837,48.17798],[10.97771,48.18382],[10.98113,48.18646],[10.98428,48.18909],[10.98226,48.19022],[10.98226,48.19218],[10.9819,48.19971],[10.98505,48.20149],[10.98555,48.20664],[10.98511,48.20965]]}},{"type":"Feature","properties":{"n":"Augusta Vindelicum-Rapis"},"geometry":{"type":"LineString","coordinates":[[10.89448,48.37169],[10.89182,48.37057],[10.88284,48.36626],[10.88154,48.36164],[10.87419,48.35537],[10.8711,48.3466],[10.8695,48.343],[10.8674,48.33622],[10.86582,48.32872],[10.8614,48.31884],[10.85689,48.31323],[10.8536,48.30708],[10.85086,48.29567],[10.84533,48.28699],[10.84101,48.27896],[10.83878,48.2768],[10.83013,48.26835],[10.81943,48.2704],[10.81457,48.2654],[10.81129,48.25969],[10.80739,48.25393],[10.80215,48.24751],[10.79744,48.24279],[10.78686,48.2341],[10.78091,48.22856],[10.77729,48.22178],[10.77407,48.21161],[10.76366,48.20013],[10.75416,48.1934],[10.75352,48.18697],[10.75737,48.18412],[10.75787,48.17776]]}},{"type":"Feature","properties":{"n":"Gro\u00dfberghofen"},"geometry":{"type":"LineString","coordinates":[[11.3083,48.33048],[11.30887,48.33066],[11.30965,48.33114],[11.31051,48.3319],[11.31107,48.33225],[11.3124,48.33248],[11.31327,48.33269],[11.31478,48.33288],[11.31612,48.33294],[11.31768,48.33309],[11.31946,48.33331],[11.32021,48.3333],[11.32157,48.33367],[11.32378,48.33357],[11.32532,48.3334],[11.32642,48.3334],[11.32701,48.33371],[11.3271,48.33371]]}},{"type":"Feature","properties":{"n":"Epetium-Pitunium"},"geometry":{"type":"LineString","coordinates":[[16.52575,43.50734],[16.5288,43.50616],[16.53016,43.50573],[16.53337,43.50431],[16.53379,43.50378],[16.53417,43.50316],[16.53445,43.50249],[16.53469,43.50106],[16.53484,43.5004],[16.53507,43.49973],[16.53545,43.49888],[16.53579,43.49826],[16.53603,43.49759],[16.53617,43.49697],[16.5365,43.49621],[16.53683,43.49559],[16.53736,43.49526],[16.53774,43.49474],[16.53798,43.49426],[16.53845,43.49364],[16.53869,43.49317],[16.53907,43.4925],[16.53926,43.49183],[16.5395,43.49131],[16.54002,43.49098],[16.54059,43.49069],[16.54131,43.49045],[16.54221,43.49026],[16.54269,43.48993],[16.54388,43.48902],[16.5445,43.48869],[16.54511,43.48826],[16.54583,43.48793],[16.54754,43.48707],[16.54811,43.48669],[16.54887,43.4865],[16.5494,43.48622],[16.55035,43.48555],[16.55168,43.48484],[16.55221,43.4846],[16.55273,43.48442],[16.55273,43.48442]]}},{"type":"Feature","properties":{"n":"Salona-Spalatum"},"geometry":{"type":"LineString","coordinates":[[16.48449,43.53885],[16.48534,43.53837],[16.48753,43.53728],[16.48972,43.53614],[16.49063,43.53557],[16.49148,43.53495],[16.49248,43.53438],[16.49358,43.5339],[16.49458,43.53357],[16.49572,43.53319],[16.49681,43.53281],[16.49772,43.53166],[16.4971,43.53071],[16.49624,43.5299],[16.49581,43.52929],[16.49462,43.52829],[16.49353,43.52695],[16.49272,43.52648],[16.49172,43.52576],[16.49053,43.52495],[16.48915,43.52424],[16.48844,43.52319],[16.4871,43.5231],[16.4852,43.52286],[16.48368,43.52258],[16.48049,43.522],[16.47873,43.52115],[16.4773,43.521],[16.47383,43.52015],[16.47092,43.52086],[16.4675,43.52139],[16.46455,43.52181],[16.46193,43.52229],[16.45826,43.52238],[16.4526,43.52196],[16.44903,43.52086],[16.44656,43.51977],[16.44475,43.51877],[16.44285,43.51782],[16.44318,43.51501],[16.44299,43.51272],[16.44204,43.51172],[16.44035,43.50882],[16.44118,43.50778],[16.44245,43.50688],[16.44245,43.50688]]}},{"type":"Feature","properties":{"n":"Spalatum-Epetium"},"geometry":{"type":"LineString","coordinates":[[16.44245,43.50688],[16.44375,43.50649],[16.44618,43.50625],[16.4476,43.50616],[16.44937,43.5062],[16.45075,43.5063],[16.45208,43.5062],[16.45431,43.50639],[16.45593,43.50659],[16.45831,43.50701],[16.46112,43.50801],[16.46374,43.50849],[16.46531,43.50887],[16.46702,43.50911],[16.46864,43.5093],[16.47097,43.50916],[16.47321,43.50868],[16.47497,43.50825],[16.47678,43.50763],[16.47968,43.50744],[16.48239,43.50735],[16.4843,43.5073],[16.48715,43.5072],[16.48886,43.50716],[16.49039,43.5072],[16.49348,43.50706],[16.49581,43.50697],[16.4981,43.50701],[16.49981,43.50706],[16.50181,43.50697],[16.50381,43.50692],[16.50619,43.50682],[16.50795,43.50668],[16.50995,43.50697],[16.51209,43.50687],[16.5138,43.50668],[16.5158,43.50644],[16.51728,43.5063],[16.5188,43.50625],[16.52056,43.5062],[16.52332,43.50592],[16.52442,43.50552],[16.52575,43.50734],[16.52575,43.50734]]}},{"type":"Feature","properties":{"n":"Pitunium-Oneum"},"geometry":{"type":"LineString","coordinates":[[16.55273,43.48442],[16.55663,43.48212],[16.56034,43.47875],[16.56382,43.47594],[16.56924,43.47403],[16.5731,43.47132],[16.57724,43.46785],[16.58171,43.46514],[16.58557,43.46552],[16.58999,43.46423],[16.59537,43.46228],[16.59951,43.46161],[16.60422,43.46109],[16.60893,43.45942],[16.61264,43.45804],[16.61736,43.45595],[16.6234,43.45381],[16.62859,43.45067],[16.63092,43.44648],[16.63582,43.44648],[16.64091,43.44305],[16.64443,43.44096],[16.64934,43.44158],[16.65433,43.44239],[16.66176,43.44129],[16.66861,43.44044],[16.67537,43.44058],[16.68203,43.44048],[16.68726,43.44396],[16.69112,43.44719],[16.69464,43.44834],[16.69198,43.44477],[16.69214,43.444]]}},{"type":"Feature","properties":{"n":"Oneum-Muccurum"},"geometry":{"type":"LineString","coordinates":[[16.69214,43.444],[16.70297,43.44089],[16.70759,43.42809],[16.71815,43.41833],[16.73,43.41367],[16.74585,43.40953],[16.75884,43.40939],[16.7755,43.40782],[16.78901,43.40729],[16.803,43.40482],[16.81319,43.40439],[16.82523,43.40196],[16.84084,43.40196],[16.8504,43.40196],[16.86159,43.40044],[16.87367,43.39906],[16.88633,43.40158],[16.89423,43.39221],[16.90275,43.38602],[16.91132,43.38107],[16.92136,43.37574],[16.92935,43.36989],[16.93859,43.36261],[16.94925,43.35661],[16.95805,43.34595],[16.9669,43.33857],[16.97637,43.33086],[16.98518,43.32435],[16.99384,43.31759],[17.00145,43.30855],[17.01254,43.30126],[17.02074,43.29521]]}},{"type":"Feature","properties":{"n":"Foetes-Cambodunum"},"geometry":{"type":"LineString","coordinates":[[10.66214,47.54589],[10.65607,47.55523],[10.66109,47.57332],[10.66023,47.58627],[10.65606,47.59494],[10.65587,47.60854],[10.6612,47.61591],[10.65929,47.62317],[10.65152,47.62682],[10.64075,47.62612],[10.62823,47.62643],[10.61654,47.62599],[10.60102,47.62957],[10.58975,47.62883],[10.57781,47.62901],[10.56556,47.63535],[10.55512,47.63986],[10.54424,47.64159],[10.50981,47.6405],[10.49842,47.6426],[10.4761,47.65107],[10.46329,47.65375],[10.44168,47.6542],[10.42761,47.65736],[10.41614,47.66527],[10.40934,47.67374],[10.399,47.67692],[10.388,47.67464],[10.37712,47.67642],[10.3682,47.68693],[10.36651,47.70062],[10.36529,47.70788],[10.3614,47.71592],[10.3572,47.72401],[10.34156,47.74001],[10.34156,47.74001]]}},{"type":"Feature","properties":{"n":"Cambodunum-Piniana"},"geometry":{"type":"LineString","coordinates":[[10.32651,47.77529],[10.32454,47.7898],[10.30171,47.81085],[10.28541,47.83421],[10.27979,47.85585],[10.26517,47.86712],[10.24882,47.87608],[10.24371,47.90034],[10.23142,47.9144],[10.20301,47.93523],[10.1891,47.95794],[10.16933,47.97148],[10.15192,47.9829],[10.14654,48.00579],[10.1324,48.02333],[10.13656,48.04989],[10.13876,48.07304],[10.12966,48.10394],[10.1136,48.11915],[10.11012,48.13144],[10.11479,48.14304],[10.12937,48.15862],[10.13017,48.17402],[10.12502,48.18984],[10.12379,48.21113],[10.12348,48.23385],[10.1144,48.25027],[10.11491,48.26369],[10.11363,48.27674],[10.11433,48.29048],[10.10206,48.3056],[10.09112,48.3178],[10.08777,48.33678],[10.08176,48.35671],[10.0831,48.36913],[10.08619,48.38711],[10.08747,48.39218]]}},{"type":"Feature","properties":{"n":"Guntia-Summuntorium"},"geometry":{"type":"LineString","coordinates":[[10.73883,48.62127],[10.72499,48.61397],[10.71921,48.60893],[10.71976,48.60377],[10.71948,48.59845],[10.72091,48.59347],[10.71845,48.58599],[10.71412,48.58122],[10.71298,48.57701],[10.70558,48.57126],[10.69697,48.5616],[10.68515,48.55201],[10.67429,48.543],[10.65769,48.53187],[10.64935,48.52484],[10.64276,48.51875],[10.63705,48.50945],[10.63101,48.50739],[10.62628,48.50237],[10.62265,48.49803],[10.62094,48.49462],[10.61693,48.49146],[10.60937,48.4876],[10.60036,48.48421],[10.5774,48.48622],[10.55649,48.48302],[10.53567,48.47555],[10.52152,48.46802],[10.50193,48.46992],[10.491,48.47253],[10.46788,48.46364],[10.46172,48.46253],[10.45326,48.45768],[10.4413,48.45272],[10.4413,48.45272]]}},{"type":"Feature","properties":{"n":"Guntia-Summuntorium"},"geometry":{"type":"LineString","coordinates":[[10.4413,48.45272],[10.43891,48.45171],[10.43682,48.45131],[10.43444,48.45106],[10.43244,48.44988],[10.43104,48.44926],[10.42741,48.44687],[10.41796,48.44419],[10.41,48.44126],[10.40613,48.44108],[10.40201,48.44216],[10.39823,48.44496],[10.39164,48.44796],[10.38831,48.44941],[10.38609,48.44939],[10.3852,48.45067],[10.38287,48.45151],[10.37844,48.45188],[10.37715,48.45183],[10.37375,48.45265],[10.37224,48.45308],[10.36905,48.45342],[10.36106,48.45536],[10.35959,48.45534],[10.35382,48.45495],[10.35122,48.45556],[10.34782,48.45628],[10.34573,48.45638],[10.34106,48.45616],[10.32545,48.45481],[10.31714,48.45428],[10.31134,48.45452],[10.30712,48.45418],[10.30333,48.45264],[10.3017,48.45196],[10.30141,48.45161]]}},{"type":"Feature","properties":{"n":"Pons Drusi-Foetes"},"geometry":{"type":"LineString","coordinates":[[10.48894,46.93045],[10.48944,46.93215],[10.49493,46.93725],[10.49869,46.93907],[10.5023,46.94164],[10.50647,46.94379],[10.50889,46.94839],[10.51208,46.95135],[10.51255,46.95532],[10.51827,46.95914],[10.52287,46.96165],[10.52912,46.96651],[10.53928,46.97129],[10.54909,46.97447],[10.55859,46.97906],[10.56422,46.98479],[10.5739,46.99054],[10.58229,46.99664],[10.59632,47.00524],[10.60196,47.01404],[10.61846,47.02239],[10.62803,47.02891],[10.63054,47.03867],[10.64067,47.04556],[10.64638,47.05321],[10.65781,47.06002],[10.66323,47.0688],[10.66162,47.07789],[10.66494,47.08644],[10.66531,47.09722],[10.6609,47.10666],[10.6546,47.11349],[10.64685,47.11385],[10.63623,47.11498],[10.63623,47.11498]]}},{"type":"Feature","properties":{"n":"Pons Drusi-Foetes"},"geometry":{"type":"LineString","coordinates":[[10.74396,47.23495],[10.74818,47.25272],[10.77002,47.26638],[10.79503,47.27821],[10.8214,47.28878],[10.83488,47.30096],[10.83905,47.31396],[10.82207,47.32593],[10.81984,47.34268],[10.82812,47.35302],[10.84148,47.35321],[10.82482,47.35734],[10.83073,47.36155],[10.84782,47.35835],[10.85447,47.35952],[10.87153,47.3652],[10.88808,47.37779],[10.89581,47.38606],[10.88815,47.39286],[10.8841,47.40085],[10.86207,47.41086],[10.84004,47.41787],[10.79952,47.41729],[10.77557,47.43082],[10.7411,47.4426],[10.7233,47.45701],[10.72552,47.46856],[10.73552,47.48128],[10.74653,47.49427],[10.72079,47.51999],[10.66214,47.54589],[10.66214,47.54589]]}},{"type":"Feature","properties":{"n":"Pons Drusi-Foetes"},"geometry":{"type":"LineString","coordinates":[[10.63623,47.11498],[10.63033,47.11455],[10.6239,47.11449],[10.61843,47.11547],[10.60316,47.1199],[10.59704,47.12351],[10.58738,47.12536],[10.58154,47.12685],[10.57739,47.12817],[10.57488,47.1299],[10.56932,47.1333],[10.56729,47.13856],[10.56999,47.14499],[10.57989,47.1491],[10.58474,47.15446],[10.59151,47.16406],[10.5966,47.16846],[10.60287,47.16957],[10.6145,47.17537],[10.62316,47.18189],[10.63714,47.18476],[10.64675,47.19086],[10.67057,47.1999],[10.67838,47.20207],[10.68578,47.20274],[10.69066,47.20659],[10.69952,47.20963],[10.72196,47.2152],[10.72428,47.22054],[10.73021,47.22412],[10.73212,47.22625],[10.73499,47.22995],[10.73538,47.23188],[10.74181,47.23425],[10.74396,47.23495]]}},{"type":"Feature","properties":{"n":"Pons Drusi-Foetes"},"geometry":{"type":"LineString","coordinates":[[10.66214,47.54589],[10.66159,47.54846],[10.66228,47.54904],[10.66366,47.54971],[10.66416,47.54987],[10.66479,47.54998],[10.66529,47.55024],[10.66601,47.55026],[10.66809,47.55042],[10.66971,47.55077],[10.67235,47.55117],[10.67341,47.55138],[10.67994,47.55346],[10.68159,47.55401],[10.6826,47.55453],[10.68366,47.55517],[10.68459,47.55545],[10.68551,47.55554],[10.68648,47.55589],[10.68794,47.55658],[10.68923,47.55701],[10.69043,47.55736],[10.69199,47.55738],[10.69448,47.55823],[10.69484,47.55842],[10.69511,47.55888],[10.69588,47.55945],[10.69623,47.55985],[10.69652,47.56059],[10.69633,47.56083],[10.6959,47.56109],[10.69578,47.56127],[10.69567,47.5616],[10.69524,47.56252],[10.69541,47.56298],[10.69603,47.56295],[10.69643,47.56299],[10.6988,47.5642],[10.69973,47.56491],[10.70032,47.56526],[10.70038,47.56542],[10.70013,47.56606],[10.70015,47.56659],[10.70002,47.56694],[10.69939,47.56735],[10.69939,47.56735]]}},{"type":"Feature","properties":{"n":"Quintana-Boiodurum"},"geometry":{"type":"LineString","coordinates":[[13.45362,48.57196],[13.43767,48.57291],[13.4212,48.57218],[13.40931,48.57514],[13.4018,48.5801],[13.39511,48.58413],[13.38499,48.59141],[13.36384,48.59783],[13.34721,48.60001],[13.34055,48.59929],[13.32778,48.60153],[13.31521,48.60356],[13.30642,48.60502],[13.29724,48.60635],[13.28458,48.60977],[13.27534,48.60902],[13.26233,48.60475],[13.24956,48.60609],[13.23489,48.61118],[13.21843,48.61999],[13.20393,48.62568],[13.19868,48.62868],[13.1894,48.62969],[13.18145,48.63469],[13.16547,48.64457],[13.15522,48.65146],[13.14793,48.65641],[13.13614,48.65752],[13.12675,48.65952],[13.11273,48.65807],[13.09086,48.6603],[13.09086,48.6603]]}},{"type":"Feature","properties":{"n":"Surontio-Ad Portem"},"geometry":{"type":"LineString","coordinates":[[14.4227,47.1756],[14.42397,47.18082],[14.42722,47.18273],[14.42828,47.1856],[14.43,47.18809],[14.43113,47.19326],[14.43553,47.19716],[14.43497,47.19961],[14.43693,47.20329],[14.44068,47.20683],[14.45506,47.2134],[14.45908,47.2158],[14.48776,47.21667],[14.50064,47.21508],[14.51625,47.21096],[14.53244,47.21142],[14.53618,47.21208],[14.53876,47.211],[14.54738,47.21051],[14.55436,47.21152],[14.55435,47.21446],[14.55355,47.21524],[14.55422,47.22371],[14.55881,47.22661]]}},{"type":"Feature","properties":{"n":"Surontio-Ad Portem"},"geometry":{"type":"LineString","coordinates":[[14.55881,47.22661],[14.5437,47.23552],[14.51692,47.25525],[14.50841,47.25653],[14.5069,47.25839],[14.49409,47.26129],[14.48164,47.27597],[14.4808,47.28136],[14.48718,47.29296],[14.48718,47.30676],[14.47394,47.32639],[14.47347,47.35016],[14.46233,47.36799],[14.46231,47.38369],[14.46559,47.41014],[14.46083,47.41944],[14.46328,47.42629],[14.46977,47.43197],[14.48008,47.43275],[14.5007,47.43786],[14.51019,47.44636],[14.49454,47.45301],[14.48649,47.46038],[14.48506,47.48118],[14.48269,47.49696]]}},{"type":"Feature","properties":{"n":"Monate-Sankt Michael in Obersteiermark"},"geometry":{"type":"LineString","coordinates":[[14.55881,47.22661],[14.56576,47.22114],[14.57411,47.21809],[14.5759,47.2167],[14.58204,47.21607],[14.60619,47.21678],[14.61119,47.21681],[14.61443,47.21692],[14.62183,47.21254],[14.62875,47.20886],[14.6358,47.20583],[14.64956,47.20617],[14.66037,47.20626],[14.67626,47.2089],[14.68247,47.20936],[14.68954,47.20928],[14.69847,47.21033],[14.70611,47.21064],[14.71028,47.2113],[14.71899,47.21282],[14.72633,47.21249],[14.7377,47.21296],[14.7606,47.21595],[14.78651,47.21303]]}},{"type":"Feature","properties":{"n":"Monate-Sankt Michael in Obersteiermark"},"geometry":{"type":"LineString","coordinates":[[14.78651,47.21303],[14.794,47.21697],[14.80056,47.22177],[14.80369,47.22495],[14.81542,47.22625],[14.82135,47.22541],[14.82928,47.22842],[14.83137,47.23413],[14.83755,47.24292],[14.84641,47.24934],[14.8604,47.25062],[14.87033,47.25177],[14.88276,47.2554],[14.896,47.25763],[14.90164,47.25977],[14.9085,47.26794],[14.91076,47.27011],[14.91494,47.27428],[14.91871,47.27882],[14.93022,47.28189],[14.93721,47.28356],[14.94141,47.28641],[14.94149,47.29101],[14.93455,47.29734],[14.93398,47.30013],[14.93841,47.30563],[14.94162,47.30895],[14.95043,47.314],[14.95526,47.31867],[14.95687,47.32034],[14.96253,47.3227],[14.97139,47.32611],[14.97512,47.32873],[14.98177,47.33317],[14.9859,47.33465],[14.9941,47.33636],[14.99896,47.33966],[15.00564,47.34071],[15.01038,47.34274],[15.01145,47.34418],[15.01145,47.34418]]}},{"type":"Feature","properties":{"n":"Vindobona-Cannabiaca"},"geometry":{"type":"LineString","coordinates":[[16.25789,48.30955],[16.26385,48.30868],[16.27009,48.30902],[16.27618,48.3103],[16.28379,48.30859],[16.28962,48.30595],[16.29323,48.30568],[16.30039,48.30663],[16.3063,48.30691],[16.31437,48.30637],[16.31982,48.30695],[16.32329,48.30701],[16.32505,48.30526],[16.32887,48.29825],[16.33316,48.29647],[16.33845,48.29124],[16.34706,48.28351],[16.35459,48.27688],[16.36294,48.26847],[16.36673,48.26398],[16.36959,48.25539],[16.36787,48.25268],[16.36344,48.24521],[16.36242,48.24226],[16.35734,48.23667],[16.35695,48.23057],[16.35654,48.22729],[16.36086,48.22104],[16.36493,48.21733],[16.36875,48.21324],[16.37298,48.2107],[16.37298,48.2107]]}},{"type":"Feature","properties":{"n":"Aquae-Poidikon"},"geometry":{"type":"LineString","coordinates":[[15.27303,47.4108],[15.2692,47.42735],[15.2758,47.43645],[15.29264,47.44644],[15.31549,47.45404],[15.32913,47.46574],[15.34059,47.46766],[15.37509,47.47544],[15.39867,47.48703],[15.41996,47.49687],[15.43077,47.50063],[15.4458,47.50368],[15.45328,47.51167],[15.46379,47.51417],[15.47436,47.51874],[15.48388,47.52354],[15.4912,47.52584],[15.50345,47.52871],[15.5329,47.53975],[15.55477,47.542],[15.56665,47.54671],[15.58097,47.55608],[15.60426,47.55816],[15.63234,47.57192],[15.65211,47.58172],[15.66174,47.59158],[15.67187,47.60364],[15.69349,47.60651],[15.71228,47.60417],[15.73143,47.60466],[15.75532,47.61608],[15.77737,47.61846],[15.79075,47.62087]]}},{"type":"Feature","properties":{"n":"Aquae-Poidikon"},"geometry":{"type":"LineString","coordinates":[[15.93083,47.67027],[15.93586,47.67539],[15.93709,47.67588],[15.93982,47.67553],[15.94483,47.67352],[15.9497,47.67301],[15.9548,47.67279],[15.95663,47.67314],[15.96499,47.67233],[15.9718,47.67411],[15.97479,47.67397],[15.99461,47.67982],[16.00612,47.68459],[16.01676,47.69098],[16.02201,47.69555],[16.02652,47.69927],[16.03276,47.70295],[16.03716,47.70567],[16.04338,47.70925],[16.04713,47.7103],[16.05437,47.71371],[16.06384,47.71727],[16.06907,47.72173],[16.07346,47.72168],[16.07741,47.72348],[16.08048,47.72394],[16.0852,47.72291]]}},{"type":"Feature","properties":{"n":"Aquae-Poidikon"},"geometry":{"type":"LineString","coordinates":[[15.79075,47.62087],[15.79937,47.62203],[15.80889,47.62546],[15.8182,47.62785],[15.82771,47.63158],[15.83225,47.63424],[15.82824,47.63489],[15.8254,47.63728],[15.82747,47.64035],[15.82862,47.64516],[15.83024,47.64721],[15.8275,47.64932],[15.82497,47.65022],[15.82226,47.6508],[15.82052,47.64982],[15.81887,47.65076],[15.81646,47.65118],[15.81575,47.65158],[15.81579,47.65449],[15.8181,47.6563],[15.82036,47.65801],[15.8246,47.65845],[15.82932,47.65924],[15.83397,47.66059],[15.83842,47.66264],[15.84373,47.66185],[15.84771,47.66205],[15.85114,47.66202],[15.85729,47.6608],[15.86286,47.65905],[15.86756,47.65825],[15.87419,47.65959],[15.88107,47.65897],[15.88971,47.65978],[15.89903,47.65908],[15.91035,47.65955],[15.92096,47.66263],[15.93083,47.67027],[15.93083,47.67027]]}},{"type":"Feature","properties":{"n":"Aquae-Poidikon"},"geometry":{"type":"LineString","coordinates":[[16.0852,47.72291],[16.08798,47.72431],[16.09007,47.72738],[16.09215,47.72862],[16.12614,47.74647],[16.15364,47.76108],[16.18748,47.77899],[16.20451,47.78789],[16.22409,47.79807],[16.23155,47.80228],[16.2443,47.80871],[16.24432,47.80878]]}},{"type":"Feature","properties":{"n":"Saloca"},"geometry":{"type":"LineString","coordinates":[[14.17077,46.66072],[14.17292,46.65803],[14.17494,46.65663],[14.18041,46.65381],[14.18079,46.65278],[14.18434,46.65147],[14.18694,46.64998],[14.19094,46.64928],[14.19357,46.64869],[14.19518,46.64861],[14.19601,46.64741],[14.19674,46.64536],[14.19765,46.6442],[14.19987,46.64337],[14.19974,46.64221],[14.20072,46.64175],[14.20302,46.6413],[14.20533,46.64053],[14.20582,46.63905],[14.20551,46.63741],[14.20439,46.63338],[14.20545,46.6316],[14.20682,46.63053],[14.20823,46.63022],[14.20887,46.62983],[14.21014,46.62946],[14.21105,46.62882],[14.21359,46.62843],[14.21562,46.62782],[14.21887,46.62738],[14.22149,46.62751],[14.22951,46.62778],[14.24044,46.62764],[14.24924,46.62416],[14.25446,46.62357],[14.25722,46.62354],[14.26027,46.62174],[14.27115,46.61992],[14.2837,46.62043],[14.299,46.62332],[14.3034,46.62411],[14.3034,46.62411]]}},{"type":"Feature","properties":{"n":"Saloca"},"geometry":{"type":"LineString","coordinates":[[14.3034,46.62411],[14.31652,46.62594],[14.3229,46.62577],[14.33234,46.62536],[14.34013,46.62585],[14.35271,46.62968],[14.36585,46.62929],[14.37414,46.6288],[14.38766,46.63125],[14.40044,46.63324],[14.40848,46.63585],[14.41818,46.63708],[14.42917,46.64072],[14.43922,46.64131],[14.45518,46.64137],[14.45923,46.64163],[14.48152,46.6458],[14.49501,46.64925],[14.4973,46.64948],[14.50366,46.64978]]}},{"type":"Feature","properties":{"n":"Lentia-Ad Mauros"},"geometry":{"type":"LineString","coordinates":[[14.02287,48.30706],[14.02467,48.30626],[14.02538,48.30545],[14.02762,48.30414],[14.02965,48.30281],[14.03152,48.30026],[14.03539,48.29518],[14.03734,48.29357],[14.04465,48.291],[14.04809,48.29047],[14.05303,48.29062],[14.05852,48.28922],[14.0637,48.28907],[14.06559,48.28877],[14.07116,48.28826],[14.08493,48.28791],[14.09099,48.28613],[14.09662,48.28566],[14.1028,48.28632],[14.10766,48.28687],[14.11126,48.28735],[14.1136,48.28834],[14.12844,48.28879],[14.13227,48.28924],[14.15001,48.29378],[14.16384,48.29754],[14.1678,48.30042],[14.17122,48.31002],[14.17493,48.31698],[14.17712,48.32101],[14.17508,48.32228],[14.17369,48.32376],[14.17392,48.32535],[14.17575,48.32719],[14.17854,48.3283],[14.18079,48.32803],[14.18478,48.3265],[14.18706,48.32449],[14.18982,48.32308],[14.19815,48.32166],[14.20357,48.32018],[14.20579,48.31846],[14.20826,48.31541],[14.21518,48.31137],[14.21883,48.30943],[14.2219,48.30885],[14.23002,48.30651],[14.23615,48.30693],[14.24202,48.30749],[14.24696,48.30815],[14.25684,48.30757],[14.26316,48.30619],[14.26907,48.30402],[14.27196,48.3037],[14.27712,48.30453],[14.28583,48.3067],[14.28583,48.3067]]}},{"type":"Feature","properties":{"n":"Erding-Steinkirchen"},"geometry":{"type":"LineString","coordinates":[[12.88083,48.77291],[12.86303,48.75899],[12.8505,48.75566],[12.83599,48.74983],[12.82835,48.74338],[12.80988,48.73856],[12.78702,48.73295],[12.76772,48.72931],[12.73934,48.72324],[12.72533,48.71115],[12.67538,48.67864],[12.66385,48.67727],[12.65396,48.67815],[12.64721,48.68002],[12.63352,48.67641],[12.62386,48.67447],[12.60992,48.67156],[12.59124,48.66866],[12.5743,48.66322],[12.56242,48.65433],[12.54091,48.65072],[12.50448,48.64876],[12.47436,48.64259],[12.44759,48.63969],[12.42851,48.63949],[12.40285,48.63433],[12.3742,48.62883],[12.35555,48.62997],[12.34138,48.62361],[12.33408,48.62308],[12.30553,48.61718],[12.2591,48.60564],[12.23554,48.59617],[12.23126,48.59342]]}},{"type":"Feature","properties":{"n":"Augusta Vindelicum-Vetellum"},"geometry":{"type":"LineString","coordinates":[[11.44342,48.71302],[11.44496,48.71106],[11.44525,48.70703],[11.44565,48.7041],[11.44787,48.70191],[11.45164,48.70026],[11.4538,48.69898],[11.45529,48.69672],[11.45688,48.6899],[11.45865,48.68199],[11.4594,48.67495],[11.45718,48.66828],[11.45524,48.66514],[11.45272,48.66131],[11.44975,48.65454],[11.4499,48.64757],[11.45495,48.63923],[11.45465,48.63668],[11.44871,48.63216],[11.44247,48.62441],[11.44083,48.6194],[11.44039,48.61527],[11.43653,48.61115],[11.43177,48.6081],[11.42435,48.6026],[11.41142,48.59681],[11.4086,48.59396],[11.40429,48.58905],[11.39776,48.58423],[11.39226,48.58138],[11.38453,48.5804],[11.35705,48.58069],[11.34888,48.5805],[11.34368,48.57912],[11.33314,48.5748],[11.32675,48.57421],[11.32348,48.57293],[11.31813,48.57273],[11.31085,48.57047],[11.30521,48.56978],[11.29882,48.56919],[11.29422,48.56782],[11.28976,48.56457],[11.28923,48.5634],[11.28923,48.5634]]}},{"type":"Feature","properties":{"n":"Poetovio-Neviodunum"},"geometry":{"type":"LineString","coordinates":[[15.48232,45.91775],[15.47866,45.92704],[15.48183,45.93684],[15.48756,45.95011],[15.48484,45.96142],[15.47896,45.97499],[15.47203,45.98177],[15.46132,45.98539],[15.43961,45.98769],[15.4268,45.98961],[15.4145,45.98769],[15.4072,45.98478],[15.39966,45.98313],[15.39227,45.98569],[15.38655,45.98769],[15.3775,45.98629],[15.36906,45.98705],[15.35532,45.9915],[15.34493,45.99097],[15.33559,45.99489],[15.33076,46.00107],[15.32175,46.0013],[15.3086,46.00182],[15.29805,46.00484],[15.29189,46.01041],[15.28433,46.01629],[15.27507,46.01761],[15.26548,46.02052],[15.26201,46.02866],[15.26593,46.03619],[15.26548,46.04358],[15.25689,46.04645],[15.25025,46.04509],[15.24758,46.04186],[15.23903,46.03831],[15.23257,46.03603],[15.22734,46.04298],[15.22055,46.04479],[15.20834,46.04343],[15.20427,46.05278],[15.20255,46.06068],[15.20255,46.06068]]}},{"type":"Feature","properties":{"n":"Poetovio-Neviodunum"},"geometry":{"type":"LineString","coordinates":[[15.20255,46.06068],[15.19371,46.06242],[15.18904,46.06424],[15.18655,46.06762],[15.18256,46.07223],[15.17955,46.07449],[15.17397,46.0763],[15.17141,46.07992],[15.17201,46.08338],[15.17668,46.08715],[15.18332,46.08836],[15.18829,46.08941],[15.19085,46.09228],[15.19492,46.09544],[15.20141,46.0971],[15.20533,46.09967],[15.20879,46.10253],[15.21392,46.10524],[15.21784,46.1066],[15.2201,46.10766],[15.22191,46.11097],[15.21859,46.11278],[15.21603,46.1161],[15.21422,46.11927],[15.2106,46.12077],[15.20608,46.12168],[15.20273,46.12213],[15.19734,46.12695],[15.19678,46.13283],[15.19779,46.1369],[15.2002,46.13856],[15.20488,46.14097],[15.20548,46.14565],[15.20789,46.14655],[15.21287,46.14535],[15.21814,46.14625],[15.22613,46.1461],[15.23246,46.14489],[15.2385,46.14444],[15.2394,46.14685],[15.23593,46.15138],[15.23322,46.15786],[15.23156,46.16856],[15.23774,46.17686],[15.23895,46.18575],[15.23729,46.18937],[15.23173,46.19167],[15.23155,46.19427],[15.23337,46.1951],[15.23865,46.19525],[15.2397,46.19887],[15.23774,46.20384],[15.24196,46.20626],[15.2492,46.20671],[15.25734,46.20761],[15.26247,46.2156],[15.26669,46.22374],[15.26772,46.23404],[15.26772,46.23404]]}},{"type":"Feature","properties":{"n":"Flanona-Lauriana"},"geometry":{"type":"LineString","coordinates":[[14.17268,45.13821],[14.17497,45.13809],[14.17674,45.13798],[14.18161,45.13665],[14.19284,45.13284],[14.19969,45.13113],[14.20597,45.1336],[14.21092,45.13874],[14.21796,45.14655],[14.22386,45.15454],[14.22786,45.16235],[14.22843,45.16958],[14.23167,45.17681],[14.24004,45.18214],[14.2429,45.18785],[14.24062,45.19414],[14.23966,45.19889],[14.24195,45.20403],[14.24309,45.20994],[14.24404,45.2145],[14.24804,45.21888],[14.25185,45.2265],[14.25242,45.23506],[14.25699,45.24039],[14.26041,45.2461],[14.2606,45.25219],[14.26308,45.25771],[14.26346,45.26438],[14.26841,45.26685],[14.26993,45.2739],[14.26974,45.28075],[14.27336,45.28817],[14.27536,45.29028],[14.27584,45.29127]]}},{"type":"Feature","properties":{"n":"Lauriana-Tharsatica"},"geometry":{"type":"LineString","coordinates":[[14.32266,45.35594],[14.32818,45.35841],[14.33294,45.35803],[14.33694,45.35518],[14.34208,45.35327],[14.34714,45.3506],[14.35196,45.35075],[14.35618,45.34939],[14.36206,45.34955],[14.36749,45.34849],[14.37246,45.34834],[14.37774,45.34864],[14.38226,45.34789],[14.38649,45.34743],[14.39025,45.34653],[14.39553,45.34397],[14.40066,45.3414],[14.40488,45.34035],[14.40985,45.34005],[14.41423,45.33794],[14.41784,45.33598],[14.42161,45.33341],[14.42598,45.33176],[14.43111,45.33055],[14.43669,45.32964],[14.44136,45.32934],[14.44498,45.32949],[14.44664,45.33191],[14.44694,45.33447],[14.45553,45.33507],[14.45765,45.33447]]}},{"type":"Feature","properties":{"n":"Lauriana-Tharsatica"},"geometry":{"type":"LineString","coordinates":[[14.45765,45.33447],[14.4587,45.33356],[14.46021,45.33281],[14.46141,45.33176],[14.46187,45.33106],[14.46247,45.33031]]}},{"type":"Feature","properties":{"n":"Tharsatica-Raparia"},"geometry":{"type":"LineString","coordinates":[[14.46247,45.33031],[14.46324,45.32969],[14.46427,45.32946],[14.46524,45.32917],[14.46633,45.32917],[14.4685,45.32874],[14.47076,45.32799],[14.47227,45.32814],[14.47438,45.32814],[14.47619,45.32799],[14.478,45.32723],[14.47981,45.32723],[14.48237,45.32693],[14.48433,45.32648],[14.48644,45.32572],[14.4884,45.32452],[14.48961,45.32361],[14.49111,45.32301],[14.49323,45.32226],[14.49534,45.32181],[14.49714,45.3206],[14.49865,45.31985],[14.50076,45.31864],[14.50302,45.31804],[14.50498,45.31698],[14.50725,45.31623],[14.50951,45.31593],[14.51162,45.31517],[14.51282,45.31442],[14.51493,45.31397],[14.51674,45.31442],[14.51916,45.31397],[14.52127,45.31336],[14.52473,45.31216],[14.52715,45.3117],[14.52896,45.3114],[14.5296,45.31101],[14.53006,45.31044],[14.53069,45.30993],[14.53126,45.30941],[14.5316,45.30884],[14.53223,45.3085],[14.53332,45.3081],[14.53411,45.30793],[14.53491,45.30747],[14.53529,45.30678],[14.53529,45.30678]]}},{"type":"Feature","properties":{"n":"Raparia-Ad Turres"},"geometry":{"type":"LineString","coordinates":[[14.53529,45.30678],[14.5368,45.30896],[14.54207,45.30884],[14.54825,45.30492],[14.55263,45.3016],[14.55971,45.29934],[14.56514,45.29678],[14.57011,45.29437],[14.57645,45.29105],[14.58398,45.28894],[14.58866,45.28351],[14.59318,45.27823],[14.59635,45.27447],[14.60072,45.27009],[14.60313,45.26391],[14.60479,45.26029],[14.606,45.25637],[14.60735,45.25095],[14.61127,45.24612],[14.61549,45.2419],[14.62032,45.23662],[14.62816,45.2324],[14.63645,45.2223],[14.64399,45.21687],[14.64715,45.21099],[14.65288,45.20753],[14.65771,45.203],[14.66148,45.19939],[14.66766,45.19456],[14.67278,45.1914],[14.67806,45.18778],[14.68304,45.18356],[14.68891,45.17677],[14.68926,45.17494]]}},{"type":"Feature","properties":{"n":"Ad Turres-Senia"},"geometry":{"type":"LineString","coordinates":[[14.68926,45.17494],[14.69188,45.17523],[14.69404,45.17632],[14.70384,45.17059],[14.71394,45.16441],[14.72254,45.15928],[14.73128,45.15431],[14.73776,45.14918],[14.74424,45.14496],[14.75374,45.13878],[14.76399,45.13471],[14.77545,45.13169],[14.78812,45.13049],[14.79626,45.12627],[14.80877,45.124],[14.81556,45.12446],[14.8252,45.12235],[14.83229,45.124],[14.83923,45.11888],[14.84601,45.12129],[14.85385,45.12687],[14.86811,45.12692],[14.87739,45.11835],[14.8862,45.1086],[14.89714,45.10336],[14.905,45.09218],[14.90262,45.07861],[14.90999,45.06791],[14.92022,45.05577],[14.92736,45.04221],[14.93212,45.03031],[14.92328,45.01741],[14.90394,45.00769],[14.89948,45.00197],[14.90064,44.99241],[14.90087,44.99047]]}},{"type":"Feature","properties":{"n":"Senia-Lopsica"},"geometry":{"type":"LineString","coordinates":[[14.90087,44.99047],[14.90076,44.99013],[14.90085,44.98966],[14.90118,44.98939],[14.90172,44.98921],[14.90216,44.98903],[14.90255,44.98895]]}},{"type":"Feature","properties":{"n":"Senia-Lopsica"},"geometry":{"type":"LineString","coordinates":[[14.90255,44.98895],[14.90276,44.98856],[14.90365,44.98779],[14.90487,44.98683],[14.90517,44.98651],[14.90552,44.98627],[14.90582,44.986],[14.90609,44.98588],[14.90647,44.98576],[14.90716,44.98538],[14.90772,44.98526],[14.90856,44.98532],[14.90888,44.98541],[14.90936,44.98532],[14.91047,44.98534],[14.91261,44.9832],[14.91451,44.98082],[14.91594,44.97892],[14.91951,44.97535],[14.92022,44.97273],[14.92189,44.97011],[14.92284,44.96749],[14.92379,44.9644],[14.92498,44.96155],[14.92546,44.95917],[14.92475,44.95798],[14.92641,44.95583],[14.92736,44.95441],[14.92784,44.9525],[14.92665,44.94941],[14.92475,44.94703],[14.92546,44.94537],[14.92379,44.94322],[14.92237,44.94108],[14.92213,44.93894],[14.92141,44.93513],[14.92165,44.93204],[14.92135,44.93145],[14.92123,44.93098],[14.9209,44.93071],[14.92057,44.93032],[14.92036,44.92982],[14.92016,44.92943],[14.92,44.92887],[14.92,44.92887]]}},{"type":"Feature","properties":{"n":"Lopsica-Burnum"},"geometry":{"type":"LineString","coordinates":[[14.92,44.92887],[14.9187,44.92592],[14.91666,44.91967],[14.92046,44.90991],[14.90928,44.89468],[14.90761,44.87636],[14.90547,44.85875],[14.90214,44.83995],[14.90928,44.82211],[14.92284,44.80878],[14.92713,44.78927],[14.92284,44.77071],[14.92475,44.75215],[14.92546,44.73526],[14.9345,44.72027],[14.94259,44.70694],[14.9483,44.69124],[14.94878,44.67506],[14.95401,44.65888],[14.9671,44.64531],[14.98376,44.62723],[14.99898,44.63794],[15.01683,44.61629],[15.03016,44.60272],[15.04158,44.59202],[15.06037,44.58369],[15.07037,44.57084],[15.08465,44.56513],[15.10297,44.55989],[15.11415,44.54562],[15.13509,44.54181],[15.1427,44.52896],[15.1427,44.52896]]}},{"type":"Feature","properties":{"n":"Lopsica-Burnum"},"geometry":{"type":"LineString","coordinates":[[15.93236,44.17171],[15.94426,44.16279],[15.95139,44.15863],[15.95675,44.15506],[15.95972,44.15208],[15.96448,44.1497],[15.96627,44.14613],[15.96864,44.13959],[15.96881,44.13767]]}},{"type":"Feature","properties":{"n":"Lopsica-Burnum"},"geometry":{"type":"LineString","coordinates":[[15.81286,44.26303],[15.81514,44.26365],[15.81704,44.26365],[15.81919,44.2646],[15.82156,44.26698],[15.82275,44.26936],[15.82585,44.27007],[15.82918,44.26984],[15.83537,44.26984],[15.83727,44.27079],[15.83965,44.27103],[15.84155,44.26936],[15.84369,44.26936],[15.84679,44.26793],[15.84964,44.26555],[15.85178,44.26413],[15.85511,44.26365],[15.85821,44.26341],[15.86011,44.26246],[15.86344,44.26222],[15.86749,44.26175],[15.87466,44.25797],[15.87823,44.25083],[15.88596,44.24548],[15.89131,44.24072],[15.89786,44.23715],[15.90321,44.23536],[15.90975,44.22763],[15.9157,44.22228],[15.91808,44.21692],[15.91927,44.21216],[15.92344,44.208],[15.92581,44.20324],[15.92819,44.1967],[15.92938,44.18837],[15.92879,44.18242],[15.92998,44.17588],[15.93236,44.17171],[15.93236,44.17171]]}},{"type":"Feature","properties":{"n":"Lopsica-Burnum"},"geometry":{"type":"LineString","coordinates":[[15.64429,44.28768],[15.65167,44.28483],[15.65548,44.28435],[15.65976,44.2834],[15.66381,44.28316],[15.6669,44.28221],[15.67118,44.28245],[15.67547,44.2815],[15.68141,44.28007],[15.68641,44.27864],[15.69117,44.27769],[15.69688,44.27507],[15.70045,44.27412],[15.70331,44.27436],[15.70687,44.27245],[15.71116,44.27198],[15.71496,44.27103],[15.71925,44.27031],[15.72329,44.27007],[15.72567,44.2696],[15.72829,44.26817],[15.73138,44.26817],[15.734,44.26865],[15.73662,44.2696],[15.73995,44.27007],[15.74352,44.26912],[15.7459,44.26841],[15.74899,44.26793],[15.75137,44.26793],[15.75375,44.26722],[15.75637,44.26555],[15.75875,44.26436],[15.76113,44.26294],[15.76232,44.26127],[15.76374,44.25984],[15.76589,44.25818],[15.76803,44.2577],[15.77374,44.25841],[15.77731,44.25984],[15.78064,44.26103],[15.78254,44.26246],[15.78492,44.26317],[15.78706,44.26294],[15.7892,44.26151],[15.79087,44.26151],[15.7942,44.26222],[15.79801,44.26246],[15.80134,44.26246],[15.80396,44.26127],[15.80776,44.26127],[15.80967,44.26175],[15.81286,44.26303],[15.81286,44.26303]]}},{"type":"Feature","properties":{"n":"Lopsica-Burnum"},"geometry":{"type":"LineString","coordinates":[[15.1427,44.52896],[15.1527,44.5192],[15.16626,44.51278],[15.18125,44.50826],[15.19434,44.50017],[15.20743,44.48518],[15.22408,44.47923],[15.23574,44.46567],[15.24883,44.45353],[15.26025,44.44687],[15.27334,44.43616],[15.28928,44.42593],[15.30784,44.41831],[15.32497,44.4107],[15.33663,44.40213],[15.3471,44.39024],[15.36399,44.38524],[15.38041,44.38048],[15.39992,44.36835],[15.42086,44.37382],[15.44418,44.36811],[15.46441,44.36073],[15.48701,44.35169],[15.50272,44.34836],[15.52009,44.34384],[15.53008,44.33694],[15.54483,44.33313],[15.55411,44.31624],[15.57386,44.3129],[15.5898,44.30767],[15.60265,44.30172],[15.62312,44.29577],[15.64192,44.28959],[15.64429,44.28768]]}},{"type":"Feature","properties":{"n":"Senia-Ausancalio"},"geometry":{"type":"LineString","coordinates":[[15.67107,44.37173],[15.66532,44.37327]]}},{"type":"Feature","properties":{"n":"Senia-Ausancalio"},"geometry":{"type":"LineString","coordinates":[[15.66532,44.37327],[15.6516,44.37703],[15.63941,44.38311],[15.63104,44.3847],[15.61869,44.38838],[15.60998,44.38825],[15.59425,44.39156],[15.58406,44.40002],[15.57527,44.40337],[15.56751,44.41291],[15.56322,44.41904],[15.55772,44.42301],[15.55012,44.42841],[15.54247,44.42834],[15.53341,44.43142],[15.52238,44.43951],[15.51501,44.44387],[15.50974,44.45305],[15.50041,44.4605],[15.4926,44.4665],[15.48368,44.47488],[15.47065,44.48179],[15.4654,44.48478],[15.45732,44.48734],[15.44751,44.49242],[15.43232,44.49855],[15.41822,44.50871],[15.41395,44.51678],[15.40982,44.52624],[15.39588,44.53491],[15.38251,44.54051],[15.37762,44.544],[15.37762,44.544]]}},{"type":"Feature","properties":{"n":"Senia-Ausancalio"},"geometry":{"type":"LineString","coordinates":[[15.41402,44.60512],[15.41153,44.61249],[15.4057,44.62327],[15.39413,44.63558],[15.38564,44.64693],[15.3819,44.66228],[15.38277,44.67869],[15.37588,44.69412],[15.37238,44.70154],[15.3727,44.70698],[15.37571,44.71134],[15.37108,44.71862],[15.3685,44.72585],[15.36799,44.73364],[15.36406,44.73798],[15.36488,44.74458],[15.36007,44.75275],[15.36387,44.75737],[15.35852,44.76586],[15.35395,44.77227],[15.3611,44.78005],[15.35623,44.78459],[15.34586,44.78789],[15.33499,44.79287],[15.32881,44.79928],[15.31999,44.80804],[15.3169,44.81386],[15.31064,44.81855],[15.29951,44.82861],[15.28061,44.84961],[15.27072,44.85642],[15.25368,44.86688],[15.24092,44.86924]]}},{"type":"Feature","properties":{"n":"Senia-Ausancalio"},"geometry":{"type":"LineString","coordinates":[[15.37762,44.544],[15.37774,44.54487],[15.37574,44.54592],[15.37518,44.54645],[15.37398,44.54748],[15.37755,44.55143],[15.37987,44.55543],[15.38721,44.56695],[15.39061,44.57595],[15.39186,44.58007],[15.3946,44.58264],[15.39489,44.58451],[15.39475,44.5867],[15.39665,44.58875],[15.40134,44.59301],[15.41059,44.60319],[15.41402,44.60512]]}},{"type":"Feature","properties":{"n":"Iader-Ausancalio"},"geometry":{"type":"LineString","coordinates":[[15.23707,44.11235],[15.26449,44.11629],[15.32447,44.1474],[15.35238,44.16461],[15.37355,44.17076],[15.38549,44.17778],[15.39937,44.18863],[15.42124,44.19174],[15.43891,44.19724],[15.44931,44.20464],[15.46446,44.21224],[15.48037,44.2124],[15.48883,44.21298],[15.49964,44.21331],[15.50768,44.21558],[15.51569,44.22248],[15.5263,44.22219],[15.53228,44.226],[15.54149,44.22461],[15.54791,44.2287],[15.5564,44.23029],[15.56908,44.23251],[15.58433,44.23523],[15.59609,44.2474],[15.60249,44.2556],[15.61287,44.25665],[15.6229,44.25516],[15.63311,44.25681],[15.6445,44.26157],[15.64368,44.26579],[15.6434,44.27202],[15.64125,44.27867],[15.64023,44.28527],[15.64337,44.28743],[15.64429,44.28768]]}},{"type":"Feature","properties":{"n":"Iader-Ausancalio"},"geometry":{"type":"LineString","coordinates":[[15.64429,44.28768],[15.65045,44.28744],[15.65207,44.28969],[15.65122,44.29377],[15.65108,44.29644],[15.65158,44.29874],[15.64887,44.30089],[15.64843,44.30263],[15.65235,44.30367],[15.65813,44.30051],[15.6658,44.29802],[15.66136,44.30213],[15.65314,44.30726],[15.65083,44.31268],[15.64911,44.31701],[15.64609,44.32199],[15.64437,44.32543],[15.64244,44.32881],[15.63967,44.33119],[15.64342,44.33563],[15.64362,44.33893],[15.64194,44.34295],[15.63931,44.34553],[15.6385,44.35027],[15.63993,44.3535],[15.64152,44.3556],[15.64378,44.35704],[15.64733,44.35635],[15.65317,44.35628],[15.65554,44.36007],[15.65565,44.36433],[15.65936,44.37092],[15.66532,44.37327],[15.66532,44.37327]]}},{"type":"Feature","properties":{"n":"Iader-Ausancalio"},"geometry":{"type":"LineString","coordinates":[[15.66532,44.37327],[15.6674,44.37385]]}},{"type":"Feature","properties":{"n":"Rapain Klanac-Novaki"},"geometry":{"type":"LineString","coordinates":[[15.288,45.17948],[15.28479,45.1887],[15.29408,45.19624],[15.30746,45.20616],[15.31159,45.21134],[15.31666,45.21529],[15.31977,45.2176],[15.3275,45.21972],[15.33155,45.22279],[15.33233,45.22635],[15.33412,45.23012],[15.33353,45.2318],[15.33476,45.23451],[15.33477,45.23775],[15.33247,45.24178],[15.33455,45.24425],[15.33349,45.2464],[15.33431,45.24896],[15.33821,45.25164],[15.33811,45.25525],[15.33817,45.25813],[15.33711,45.25996],[15.33927,45.26368],[15.34311,45.26519],[15.34661,45.2672],[15.34749,45.26976],[15.34899,45.27279],[15.35321,45.27633],[15.35574,45.28087],[15.35779,45.28524],[15.35835,45.28954],[15.35839,45.29287],[15.3581,45.29475],[15.35778,45.29762],[15.35758,45.29931],[15.35947,45.30126],[15.35975,45.30281],[15.36045,45.30917],[15.36358,45.31378],[15.36468,45.32428],[15.36398,45.33034],[15.36808,45.3353],[15.37505,45.34115],[15.37563,45.34374]]}},{"type":"Feature","properties":{"n":"Rapain Klanac-Novaki"},"geometry":{"type":"LineString","coordinates":[[15.5029,45.44353],[15.50249,45.44712],[15.50034,45.44977],[15.49762,45.45082],[15.4961,45.45151],[15.4946,45.45347],[15.49265,45.45496],[15.49196,45.45787],[15.49332,45.46037],[15.49684,45.46375],[15.50428,45.46552],[15.51123,45.4646],[15.52041,45.46298],[15.52865,45.46376],[15.53251,45.46643],[15.53663,45.46936],[15.54,45.47083],[15.54176,45.47447],[15.54396,45.47585],[15.54589,45.47881],[15.54682,45.48202],[15.54833,45.48916],[15.54714,45.4918],[15.54595,45.49953],[15.5452,45.50271],[15.54335,45.50661],[15.54089,45.51433]]}},{"type":"Feature","properties":{"n":"Rapain Klanac-Novaki"},"geometry":{"type":"LineString","coordinates":[[15.48982,45.4286],[15.4911,45.4304],[15.49364,45.43517],[15.49841,45.43761],[15.50065,45.43949],[15.5029,45.44353]]}},{"type":"Feature","properties":{"n":"Rapain Klanac-Novaki"},"geometry":{"type":"LineString","coordinates":[[15.37479,45.34833],[15.37749,45.35101],[15.38226,45.35436],[15.38751,45.35675],[15.39357,45.35986],[15.39655,45.36206],[15.40169,45.36365],[15.40547,45.36571],[15.40656,45.36892],[15.40904,45.37171],[15.41166,45.37516],[15.41583,45.37956],[15.41822,45.38398],[15.42532,45.3872],[15.42634,45.39033],[15.43196,45.39633],[15.43652,45.40159],[15.44219,45.40411],[15.4457,45.40552],[15.44823,45.40656],[15.44959,45.40843],[15.45056,45.4095],[15.45158,45.41132],[15.45287,45.41362],[15.45604,45.4161],[15.46081,45.41894],[15.46721,45.41973],[15.47179,45.4208],[15.47576,45.421],[15.47914,45.42203],[15.4857,45.4252],[15.48982,45.4286],[15.48982,45.4286]]}},{"type":"Feature","properties":{"n":"Rapain Klanac-Novaki"},"geometry":{"type":"LineString","coordinates":[[15.37563,45.34374],[15.37425,45.34587],[15.37479,45.34833]]}},{"type":"Feature","properties":{"n":"Rapain Klanac-Novaki"},"geometry":{"type":"LineString","coordinates":[[15.54089,45.51433],[15.54226,45.52178],[15.54414,45.53522],[15.53956,45.55536],[15.54627,45.56044],[15.55335,45.56525],[15.55982,45.56829],[15.5709,45.56713],[15.58243,45.56842],[15.5926,45.57112],[15.59421,45.58282],[15.599,45.59844],[15.59812,45.6126],[15.60261,45.62437],[15.61313,45.64053],[15.63364,45.65431],[15.64226,45.66397],[15.65326,45.67431],[15.66151,45.67907],[15.68271,45.68428],[15.693,45.68511],[15.70699,45.6864],[15.72046,45.69004],[15.73667,45.69138],[15.7473,45.69276],[15.74948,45.69627],[15.75804,45.69685],[15.76512,45.69878],[15.77061,45.70383],[15.77576,45.71107],[15.78036,45.71955],[15.78363,45.72456],[15.78951,45.73356],[15.79411,45.73747],[15.79832,45.73927],[15.80845,45.75111],[15.80481,45.76539],[15.79852,45.78139],[15.8034,45.78698]]}},{"type":"Feature","properties":{"n":"Budicina"},"geometry":{"type":"LineString","coordinates":[[16.27691,45.36381],[16.27712,45.36531],[16.27732,45.36617],[16.28104,45.37076],[16.28216,45.37233],[16.28212,45.37334],[16.28302,45.37487],[16.28462,45.37518],[16.28653,45.37612],[16.28864,45.37816],[16.29171,45.38145],[16.29244,45.38255],[16.29356,45.38319],[16.29754,45.38404],[16.30199,45.38516],[16.30517,45.38564],[16.31592,45.3882],[16.32645,45.38709],[16.33434,45.38633],[16.33845,45.38494],[16.34447,45.38504],[16.35231,45.38572],[16.35677,45.38783]]}},{"type":"Feature","properties":{"n":"Iader-Scardonia"},"geometry":{"type":"LineString","coordinates":[[15.23707,44.11235],[15.24177,44.10816],[15.24713,44.10758],[15.2546,44.10527],[15.26963,44.10411],[15.28618,44.10012],[15.30411,44.09451],[15.31379,44.09276]]}},{"type":"Feature","properties":{"n":"Iader-Scardonia"},"geometry":{"type":"LineString","coordinates":[[15.77975,43.8364],[15.78622,43.83788],[15.79155,43.83992],[15.7982,43.84222],[15.80541,43.84139],[15.81677,43.84156],[15.82459,43.84178],[15.83066,43.84233],[15.84168,43.84003],[15.8472,43.83808],[15.85238,43.83763],[15.85865,43.83601],[15.86381,43.835],[15.87062,43.83415],[15.87309,43.83491],[15.87899,43.83423],[15.89458,43.83266]]}},{"type":"Feature","properties":{"n":"Iader-Scardonia"},"geometry":{"type":"LineString","coordinates":[[15.89458,43.83266],[15.9042,43.83058],[15.90825,43.82851],[15.915,43.82517],[15.91977,43.8224],[15.92262,43.82054],[15.92314,43.81779]]}},{"type":"Feature","properties":{"n":"Iader-Scardonia"},"geometry":{"type":"LineString","coordinates":[[15.31379,44.09276],[15.33814,44.07828],[15.35384,44.06966],[15.36332,44.06109],[15.37375,44.05444],[15.38546,44.04688],[15.39909,44.03876],[15.4079,44.03525],[15.42168,44.02786],[15.42476,44.02521],[15.43192,44.02153],[15.441,44.01439],[15.44892,44.00786],[15.46059,43.99928],[15.47967,43.98622],[15.49894,43.97692],[15.5165,43.96892],[15.53751,43.96063],[15.55401,43.95229],[15.57197,43.94308],[15.58552,43.93623],[15.59291,43.92882],[15.60346,43.92235],[15.61304,43.91767],[15.62151,43.91303],[15.63984,43.90217],[15.65041,43.89614],[15.66005,43.89084],[15.66742,43.88705],[15.67045,43.8843],[15.69706,43.86759],[15.71901,43.86087],[15.73122,43.85211],[15.74531,43.84443],[15.76354,43.83444],[15.77975,43.8364],[15.77975,43.8364]]}},{"type":"Feature","properties":{"n":"Scardona-Siculi"},"geometry":{"type":"LineString","coordinates":[[15.92314,43.81779],[15.92677,43.80969],[15.9306,43.80644],[15.94091,43.80143],[15.94618,43.79856],[15.95615,43.79145],[15.96403,43.78543],[15.96622,43.78393],[15.96452,43.77897],[15.96016,43.77619],[15.9566,43.77504],[15.95119,43.77389],[15.9476,43.77208],[15.94411,43.77128],[15.94125,43.771],[15.93903,43.77022],[15.93772,43.76841],[15.9381,43.76512],[15.93779,43.76316],[15.93795,43.7611],[15.94059,43.75915],[15.95004,43.75468],[15.95394,43.75316],[15.95699,43.75059],[15.95872,43.7487],[15.9607,43.74683],[15.96553,43.74396],[15.97221,43.73976],[15.97752,43.7363],[15.98342,43.73496],[15.98726,43.73233],[15.98848,43.73084],[15.98976,43.72955],[15.99274,43.72702],[15.99662,43.72435],[16.00082,43.72133],[16.00439,43.71884],[16.00599,43.71738],[16.00832,43.71617],[16.0105,43.71378],[16.01242,43.71163],[16.01457,43.70984],[16.01736,43.7079],[16.02263,43.70546],[16.02619,43.70437],[16.02619,43.70437]]}},{"type":"Feature","properties":{"n":"Scardona-Siculi"},"geometry":{"type":"LineString","coordinates":[[16.02619,43.70437],[16.03444,43.70318],[16.04205,43.70233],[16.05635,43.70064],[16.08634,43.69528],[16.09583,43.68614],[16.10405,43.67867],[16.10933,43.6735],[16.10638,43.66559],[16.10796,43.65987],[16.11364,43.65378],[16.12067,43.65047],[16.13653,43.64514],[16.14357,43.64052],[16.15372,43.63575],[16.1691,43.63167],[16.18673,43.63101],[16.20559,43.6251],[16.21925,43.62208],[16.22559,43.617],[16.22512,43.59688],[16.23206,43.58384],[16.23352,43.57881],[16.23315,43.57628],[16.23632,43.57424],[16.23978,43.57175],[16.24241,43.56901],[16.24571,43.56709],[16.248,43.56321],[16.25409,43.56228],[16.26212,43.56016],[16.26602,43.55644],[16.27498,43.55249],[16.27988,43.54409],[16.28579,43.53717],[16.28717,43.53375]]}},{"type":"Feature","properties":{"n":"Salona-Siculi"},"geometry":{"type":"LineString","coordinates":[[16.28717,43.53375],[16.29933,43.53815],[16.31403,43.545],[16.32669,43.54841],[16.33409,43.55025],[16.34437,43.55242],[16.35427,43.55395],[16.36721,43.55343],[16.38171,43.55052],[16.3962,43.54862],[16.40797,43.54704],[16.42332,43.54792],[16.4325,43.54835],[16.44215,43.54567],[16.45112,43.54306],[16.46787,43.54089],[16.47453,43.54043],[16.48449,43.53885]]}},{"type":"Feature","properties":{"n":"Titurium-Salona"},"geometry":{"type":"LineString","coordinates":[[16.59206,43.59929],[16.60153,43.59926],[16.61099,43.59998],[16.61477,43.60152],[16.61827,43.60211],[16.62477,43.60266],[16.63242,43.60338],[16.63878,43.60332],[16.64373,43.60323],[16.64605,43.60343],[16.65007,43.60337],[16.65578,43.60351],[16.65939,43.60271],[16.663,43.60063],[16.66718,43.6007],[16.67002,43.59977],[16.67165,43.5978],[16.67496,43.59731],[16.67929,43.59673],[16.68053,43.60049],[16.6829,43.60203],[16.68661,43.60246],[16.68852,43.60361],[16.69188,43.60462],[16.69481,43.60355],[16.69944,43.60134],[16.70178,43.60221],[16.70421,43.60373],[16.70755,43.60519],[16.71026,43.60557],[16.71249,43.60699],[16.7151,43.60796],[16.71635,43.61021],[16.71747,43.61185],[16.72044,43.61304],[16.72005,43.61429],[16.71913,43.61533],[16.72115,43.61731],[16.72486,43.61709],[16.72777,43.61783],[16.72777,43.61783]]}},{"type":"Feature","properties":{"n":"Ad Turres- Aquae Sulphurae"},"geometry":{"type":"LineString","coordinates":[[18.24665,43.84678],[18.21607,43.83952],[18.20405,43.82384],[18.19046,43.81253],[18.18683,43.80597],[18.18066,43.80008],[18.18118,43.79191],[18.17309,43.78444],[18.15534,43.7871],[18.14214,43.78549],[18.13402,43.78465],[18.12349,43.78662],[18.11237,43.78859],[18.09883,43.7944],[18.08746,43.79312],[18.07436,43.78257],[18.05739,43.77187],[18.05379,43.75923],[18.04615,43.75129],[18.03469,43.75142],[18.01975,43.74813],[18.01438,43.74167],[18.01003,43.73341],[18.00394,43.72666],[18.00017,43.72204],[17.99489,43.71681],[17.99428,43.71073],[17.99257,43.70241],[17.98668,43.69666],[17.98591,43.68715],[17.98668,43.67978],[17.98298,43.67104],[17.97431,43.66494],[17.96797,43.659],[17.96161,43.656]]}},{"type":"Feature","properties":{"n":"Ad Turres- Aquae Sulphurae"},"geometry":{"type":"LineString","coordinates":[[17.96161,43.656],[17.96826,43.64421],[17.97987,43.63818],[18.00026,43.63194],[18.01137,43.62085],[18.01445,43.61241],[18.02037,43.60385],[18.032,43.59721],[18.04417,43.58824],[18.05203,43.57568],[18.06595,43.56095],[18.06872,43.54555],[18.06883,43.53462],[18.07946,43.52794],[18.08552,43.51672],[18.09427,43.5093],[18.10592,43.4995],[18.12608,43.49768],[18.13255,43.4891],[18.14123,43.48631],[18.14639,43.47682],[18.15634,43.46561],[18.16114,43.45229],[18.14504,43.44631],[18.12802,43.43612],[18.12414,43.42121],[18.12798,43.3984],[18.12007,43.36256],[18.10452,43.33977],[18.09346,43.30459],[18.11418,43.25798],[18.11418,43.25798]]}},{"type":"Feature","properties":{"n":"Ad Drinum-Aquae Sulphurae"},"geometry":{"type":"LineString","coordinates":[[18.24665,43.84678],[18.25016,43.84497],[18.25319,43.8435],[18.25596,43.84201],[18.26214,43.83834],[18.26469,43.83723],[18.26525,43.83627],[18.27271,43.83349],[18.27493,43.83389],[18.2774,43.83402],[18.27817,43.83451]]}},{"type":"Feature","properties":{"n":"Ad Drinum-Aquae Sulphurae"},"geometry":{"type":"LineString","coordinates":[[18.30745,43.83296],[18.31721,43.83743],[18.32385,43.84178],[18.33719,43.84461],[18.39619,43.8555],[18.42465,43.85696],[18.4366,43.86021],[18.43984,43.85894],[18.44735,43.8573],[18.44802,43.85942],[18.44948,43.86042],[18.4516,43.85802],[18.45476,43.85665],[18.45949,43.85411],[18.46458,43.85138],[18.46833,43.8477],[18.47224,43.84637],[18.47702,43.84386],[18.48126,43.84162],[18.48613,43.84042],[18.4889,43.83816],[18.49189,43.8371],[18.49433,43.83827],[18.49411,43.84096],[18.49636,43.84475],[18.50063,43.84577],[18.50865,43.84762],[18.51395,43.85154],[18.51809,43.85209],[18.52244,43.85262],[18.53114,43.85272],[18.53734,43.85106],[18.5424,43.85152]]}},{"type":"Feature","properties":{"n":"Ad Drinum-Aquae Sulphurae"},"geometry":{"type":"LineString","coordinates":[[18.27817,43.83451],[18.2805,43.83348],[18.28613,43.83271],[18.28995,43.83148],[18.29275,43.83039],[18.29688,43.82977],[18.30051,43.83092],[18.30349,43.83209],[18.30745,43.83296]]}},{"type":"Feature","properties":{"n":"Ad Drinum-Aquae Sulphurae"},"geometry":{"type":"LineString","coordinates":[[18.75727,43.92149],[18.77803,43.92635],[18.80957,43.94272],[18.83791,43.95854],[18.85911,43.97992],[18.86732,43.9875],[18.88313,43.9985],[18.89023,44.00913],[18.9065,44.03369],[18.92955,44.04858],[18.94422,44.06368],[18.95374,44.0834],[18.96574,44.09937],[18.9875,44.11192],[18.99697,44.1184],[19.00908,44.11898],[19.017,44.12359],[19.03328,44.12765],[19.02514,44.13152],[19.02266,44.13851],[19.00555,44.14135],[18.99736,44.14874],[18.98954,44.15811],[18.98889,44.16336],[18.98821,44.16516],[18.99508,44.16773],[19.00257,44.16887],[19.0122,44.17008],[19.02963,44.16892],[19.0448,44.16437],[19.06805,44.16522],[19.07663,44.17039]]}},{"type":"Feature","properties":{"n":"Ad Drinum-Aquae Sulphurae"},"geometry":{"type":"LineString","coordinates":[[18.5424,43.85152],[18.547,43.85535],[18.54529,43.86025],[18.55111,43.86609],[18.55966,43.87147],[18.56744,43.87241],[18.57766,43.87452],[18.58602,43.87243],[18.59442,43.87176],[18.6006,43.87573],[18.61172,43.88688],[18.62194,43.89219],[18.63202,43.89261],[18.63784,43.8919],[18.6426,43.89252],[18.64804,43.8917],[18.65053,43.89451],[18.65391,43.89602],[18.65716,43.89848],[18.65966,43.90028],[18.66283,43.90369],[18.66595,43.90405],[18.66959,43.90773],[18.6749,43.91202],[18.67719,43.9172],[18.68601,43.91882],[18.69842,43.91889],[18.70818,43.91802],[18.71465,43.91746],[18.72071,43.91634],[18.72566,43.9164],[18.73296,43.91709],[18.73952,43.91879],[18.74497,43.92107],[18.75166,43.92271],[18.75637,43.9226],[18.75727,43.92149]]}},{"type":"Feature","properties":{"n":"Visegrad-Pale"},"geometry":{"type":"LineString","coordinates":[[18.5424,43.85152],[18.55184,43.84547],[18.55593,43.83784],[18.56127,43.83162],[18.56556,43.8264],[18.56996,43.81848],[18.58523,43.81146],[18.59423,43.81073],[18.60051,43.81038],[18.60629,43.81263],[18.61172,43.81718],[18.62043,43.81709],[18.63007,43.81651],[18.63461,43.81456],[18.63888,43.8105],[18.63807,43.80627],[18.64505,43.79754],[18.65366,43.78823],[18.65968,43.78315],[18.66343,43.77599],[18.67353,43.77105],[18.68551,43.76708],[18.69783,43.76381],[18.71139,43.77147],[18.72217,43.77359],[18.73047,43.77524],[18.74109,43.77796],[18.75563,43.7796],[18.76234,43.77537],[18.7648,43.76645],[18.76634,43.75954],[18.7677,43.75358]]}},{"type":"Feature","properties":{"n":"Visegrad-Pale"},"geometry":{"type":"LineString","coordinates":[[18.7677,43.75358],[18.77463,43.75032],[18.78128,43.75126],[18.78822,43.7518],[18.7992,43.75281],[18.80669,43.75348],[18.81818,43.75955],[18.82878,43.76499],[18.83745,43.76504],[18.85028,43.76179],[18.86175,43.76163],[18.87053,43.76505],[18.87981,43.77033],[18.8896,43.77472],[18.8958,43.77189],[18.90397,43.76562],[18.90808,43.76673],[18.91154,43.76841],[18.91568,43.77023],[18.9178,43.77239],[18.92078,43.7756],[18.92291,43.77776],[18.92682,43.77877],[18.92808,43.78111],[18.93248,43.7807],[18.93507,43.78086],[18.93671,43.77815],[18.93997,43.77794],[18.94261,43.77715],[18.94499,43.77752],[18.95153,43.7793],[18.9568,43.78171],[18.95922,43.78554],[18.96616,43.79135],[18.96811,43.79254]]}},{"type":"Feature","properties":{"n":"Visegrad-Pale"},"geometry":{"type":"LineString","coordinates":[[18.96811,43.79254],[18.98237,43.79489],[19.00133,43.79874],[19.01421,43.80957],[19.02315,43.81563],[19.03996,43.82266],[19.04768,43.8257],[19.04789,43.8318],[19.04305,43.83889],[19.0406,43.84952],[19.06578,43.85708],[19.10036,43.8495],[19.12022,43.85205],[19.12728,43.86738],[19.14038,43.8747],[19.15096,43.87353],[19.16003,43.87132],[19.17474,43.87293],[19.1973,43.86861],[19.21284,43.87011],[19.23294,43.87255],[19.2422,43.86724],[19.25024,43.86233],[19.25858,43.85796],[19.26164,43.85197],[19.2596,43.84382],[19.25868,43.83703],[19.26546,43.83202],[19.27294,43.82418],[19.28698,43.80564],[19.29627,43.78605],[19.29627,43.78605]]}},{"type":"Feature","properties":{"n":"Pra\u010da-Preteci"},"geometry":{"type":"LineString","coordinates":[[18.86483,43.61042],[18.83882,43.61788],[18.82025,43.62437],[18.81648,43.63288],[18.81665,43.6401],[18.81056,43.64656],[18.80983,43.6518],[18.80872,43.66177],[18.80483,43.66984],[18.79432,43.67399],[18.7916,43.6775],[18.78693,43.68071],[18.78188,43.68273],[18.77634,43.68577],[18.77442,43.68998],[18.77217,43.69417],[18.77074,43.69726],[18.7694,43.70063],[18.76653,43.70443],[18.7603,43.70877],[18.75891,43.71287],[18.76076,43.71761],[18.75765,43.72184],[18.75701,43.72603],[18.75843,43.7309],[18.75631,43.73593],[18.7568,43.7391],[18.76005,43.74194],[18.76389,43.74696],[18.76579,43.75056],[18.7677,43.75358]]}},{"type":"Feature","properties":{"n":"Visegrad-Foca"},"geometry":{"type":"LineString","coordinates":[[19.29318,43.78536],[19.27658,43.75933],[19.2468,43.7525],[19.2254,43.75026],[19.21388,43.74408],[19.20855,43.73857],[19.19681,43.73477],[19.18461,43.73279],[19.17007,43.72762],[19.16842,43.71554],[19.16894,43.69603],[19.16334,43.68628],[19.1516,43.68359],[19.13968,43.67997],[19.13156,43.68456],[19.10851,43.68748],[19.09535,43.68816],[19.0832,43.69015],[19.06809,43.68047],[19.04939,43.67807],[19.02497,43.67748],[18.99531,43.68257],[18.97769,43.66954],[18.96243,43.65864],[18.96486,43.64262],[18.96242,43.62801],[18.94585,43.62944],[18.9282,43.61859],[18.90657,43.62403],[18.89187,43.61421],[18.87216,43.61391],[18.86483,43.61042]]}},{"type":"Feature","properties":{"n":"Visegrad-Foca"},"geometry":{"type":"LineString","coordinates":[[18.86483,43.61042],[18.86201,43.60764],[18.85946,43.60528],[18.85786,43.60388],[18.85317,43.59927],[18.84845,43.59693],[18.84451,43.59529],[18.84095,43.59321],[18.83724,43.59004],[18.8352,43.58838],[18.83002,43.58927],[18.82508,43.5904],[18.82091,43.59049],[18.81895,43.59003],[18.81602,43.58898],[18.81374,43.58827],[18.81034,43.58785],[18.80671,43.5882],[18.8016,43.58832],[18.79563,43.58637],[18.79368,43.58437],[18.79186,43.58272],[18.79106,43.58095],[18.79181,43.57713],[18.79334,43.57379],[18.79597,43.57],[18.79741,43.56847],[18.80097,43.5668],[18.80164,43.5653],[18.80289,43.56355],[18.80211,43.56036],[18.79815,43.55486],[18.79509,43.55269],[18.79344,43.5491],[18.7926,43.54497],[18.79224,43.53858],[18.79331,43.53544],[18.79212,43.532],[18.78563,43.53005],[18.77977,43.52848],[18.77649,43.52386],[18.77638,43.52045],[18.77706,43.51556],[18.77439,43.51208],[18.77122,43.50852],[18.77122,43.50852]]}},{"type":"Feature","properties":{"n":"Leusinio-Foca"},"geometry":{"type":"LineString","coordinates":[[18.77122,43.50852],[18.76955,43.50662],[18.76691,43.50337],[18.76634,43.5007],[18.76503,43.49858],[18.76286,43.49537],[18.76047,43.49286],[18.75856,43.49143],[18.75534,43.49141],[18.75252,43.49202],[18.74792,43.4929],[18.74505,43.49226],[18.74335,43.49199]]}},{"type":"Feature","properties":{"n":"Leusinio-Foca"},"geometry":{"type":"LineString","coordinates":[[18.74335,43.49199],[18.74603,43.47064],[18.75251,43.4499],[18.75954,43.43315],[18.7611,43.4191],[18.76473,43.40832],[18.76576,43.39679],[18.76325,43.38508],[18.75322,43.3804],[18.73714,43.37773],[18.71324,43.37659],[18.70463,43.37269],[18.69127,43.35448],[18.69069,43.33311],[18.67195,43.32033],[18.66104,43.31028],[18.64851,43.30232],[18.6344,43.29538],[18.61902,43.28927],[18.61986,43.27642],[18.62705,43.25505],[18.62144,43.25008],[18.61043,43.24291],[18.59811,43.23427],[18.57796,43.22275],[18.57455,43.21252],[18.57096,43.19805],[18.56724,43.18573],[18.56632,43.16486],[18.56635,43.15025],[18.57417,43.14291],[18.57436,43.13761]]}},{"type":"Feature","properties":{"n":"Foca-Pljevija"},"geometry":{"type":"LineString","coordinates":[[18.77122,43.50852],[18.81991,43.49165],[18.8565,43.49651],[18.89308,43.48936],[18.89534,43.476],[18.906,43.47077],[18.91545,43.47146],[18.92715,43.46789],[18.93322,43.46422],[18.93691,43.45517],[18.94761,43.44974],[18.9681,43.44164],[18.9822,43.43357],[18.98867,43.42697],[18.99814,43.424],[19.01498,43.41984],[19.04287,43.42118],[19.06314,43.41853],[19.08688,43.41701],[19.11617,43.40861],[19.14377,43.40422],[19.16238,43.39246],[19.17745,43.38833],[19.20205,43.39236],[19.21815,43.38646],[19.23987,43.38014],[19.25041,43.37402],[19.26659,43.36525],[19.28346,43.36574],[19.30834,43.36176],[19.35724,43.35771],[19.35724,43.35771]]}},{"type":"Feature","properties":{"n":"Mursa-Jagma"},"geometry":{"type":"LineString","coordinates":[[17.73915,45.3576],[17.74511,45.35672],[17.74969,45.35527],[17.75596,45.35572],[17.75904,45.35564],[17.7651,45.35782],[17.77056,45.35746],[17.77849,45.36023],[17.78708,45.36212],[17.79286,45.36296],[17.79906,45.36347],[17.80577,45.36499],[17.81152,45.36476],[17.81821,45.36521],[17.82469,45.36488],[17.8307,45.36613],[17.83396,45.36792],[17.83895,45.371],[17.84589,45.37381],[17.84954,45.37609],[17.85679,45.37913],[17.85816,45.38046],[17.85913,45.3822],[17.86108,45.38381]]}},{"type":"Feature","properties":{"n":"Mursa-Jagma"},"geometry":{"type":"LineString","coordinates":[[17.86108,45.38381],[17.86671,45.38502],[17.86942,45.38617],[17.87485,45.38572],[17.88175,45.38506],[17.88518,45.38372],[17.89296,45.38259],[17.90011,45.38146],[17.90364,45.38143],[17.90918,45.38087],[17.91424,45.37948],[17.91716,45.37767],[17.9206,45.37498],[17.92326,45.37454]]}},{"type":"Feature","properties":{"n":"Mursa-Jagma"},"geometry":{"type":"LineString","coordinates":[[17.92326,45.37454],[17.926,45.37016],[17.93058,45.3651],[17.93748,45.35652],[17.94213,45.35314],[17.94508,45.35283],[17.94961,45.34858],[17.95118,45.34783],[17.95497,45.34772],[17.96027,45.34986],[17.96727,45.35135],[17.97088,45.35197],[17.9746,45.35335],[17.98038,45.35216],[17.98407,45.35194],[17.98817,45.35111],[17.99921,45.34893],[18.00327,45.34832],[18.00576,45.3477],[18.01131,45.34856],[18.01587,45.34975],[18.02014,45.34952],[18.02721,45.34982],[18.02927,45.34905],[18.03155,45.34875],[18.03474,45.34637],[18.03968,45.34605],[18.04124,45.34529],[18.04542,45.34472],[18.04798,45.34473],[18.05034,45.3458],[18.05343,45.34774],[18.05704,45.34836],[18.06028,45.35015],[18.06373,45.35232],[18.06373,45.35232]]}},{"type":"Feature","properties":{"n":"Mursa-Jagma"},"geometry":{"type":"LineString","coordinates":[[18.06373,45.35232],[18.08239,45.35658],[18.09351,45.3619],[18.10063,45.36997],[18.1112,45.37402],[18.12398,45.38592],[18.12917,45.38784],[18.13895,45.38971],[18.14432,45.38814],[18.14824,45.38654],[18.15386,45.38683],[18.15732,45.38648],[18.16112,45.38815],[18.16388,45.38803],[18.17001,45.3895],[18.17321,45.39088],[18.17484,45.39183],[18.17916,45.39209],[18.18046,45.39271],[18.18226,45.39298],[18.18484,45.39192],[18.18774,45.39235],[18.19038,45.39122],[18.20475,45.38886],[18.21174,45.38936],[18.22358,45.39466],[18.23275,45.39498],[18.26531,45.40053],[18.31406,45.41232],[18.33669,45.43058],[18.35597,45.44709],[18.37951,45.48146],[18.40397,45.49161],[18.47823,45.51051],[18.53904,45.51214],[18.57657,45.52371],[18.60588,45.5285],[18.62851,45.53292],[18.65898,45.5462],[18.67641,45.55479],[18.69518,45.55476],[18.69676,45.55709]]}},{"type":"Feature","properties":{"n":"Nasica-Bektez"},"geometry":{"type":"LineString","coordinates":[[18.0862,45.48911],[18.07045,45.48569],[18.0613,45.48843],[18.0547,45.48332],[18.04863,45.48217],[18.04358,45.47798],[18.03654,45.47368],[18.03082,45.46913],[18.02505,45.46504],[18.01991,45.46153],[18.01316,45.45581],[18.01048,45.4513],[18.00436,45.4493],[18.00081,45.44712],[18.00036,45.44361],[17.99833,45.44066],[18.00138,45.43724],[18.00015,45.4344],[17.99733,45.43232],[17.99227,45.43198],[17.98587,45.43252],[17.98159,45.43335],[17.97734,45.43086],[17.97345,45.42777],[17.96971,45.42448],[17.96841,45.42236],[17.96461,45.41787],[17.96009,45.41246],[17.95638,45.40563],[17.9503,45.39882],[17.94472,45.39463],[17.92792,45.38807],[17.92326,45.37454],[17.92326,45.37454]]}},{"type":"Feature","properties":{"n":"Populi-Aquae Lasae"},"geometry":{"type":"LineString","coordinates":[[16.33369,46.31165],[16.34262,46.29451],[16.34723,46.28559],[16.35358,46.27388],[16.35618,46.26801],[16.3588,46.26297],[16.3605,46.26157]]}},{"type":"Feature","properties":{"n":"Populi-Aquae Lasae"},"geometry":{"type":"LineString","coordinates":[[16.3605,46.26157],[16.37641,46.25312],[16.39027,46.2431],[16.40243,46.23202],[16.39959,46.22694],[16.40221,46.22341],[16.41082,46.22191],[16.41685,46.21732],[16.41941,46.2122],[16.4321,46.20833],[16.44258,46.20285],[16.45116,46.19449],[16.45383,46.1855],[16.45903,46.18033],[16.45977,46.17235],[16.46858,46.16751],[16.47278,46.16397],[16.47982,46.15822],[16.48711,46.15209],[16.49426,46.1461],[16.50029,46.14292],[16.50773,46.14072],[16.51382,46.13646],[16.51181,46.13108],[16.50819,46.12245],[16.50781,46.11326],[16.5074,46.10243],[16.51345,46.09857],[16.521,46.09009],[16.52786,46.08084],[16.52492,46.06432],[16.53176,46.0538],[16.53654,46.04583],[16.5408,46.03465],[16.5464,46.02239],[16.5464,46.02239]]}},{"type":"Feature","properties":{"n":"Ad Drinum-Drinum Fl."},"geometry":{"type":"LineString","coordinates":[[19.10314,44.38779],[19.10384,44.39017],[19.10422,44.39102],[19.10499,44.39199],[19.10545,44.39354],[19.10597,44.3943],[19.10698,44.39517],[19.10754,44.39606],[19.1113,44.39903],[19.11255,44.40038],[19.11471,44.4021],[19.11783,44.40434],[19.12115,44.40605],[19.12264,44.40663],[19.12352,44.4077],[19.12378,44.40965],[19.12395,44.4117],[19.1229,44.41492],[19.12329,44.41673]]}},{"type":"Feature","properties":{"n":"Ad Drinum-Drinum Fl."},"geometry":{"type":"LineString","coordinates":[[19.12329,44.41673],[19.12666,44.4213],[19.12803,44.42491],[19.12893,44.43054],[19.13195,44.43694],[19.13797,44.44676],[19.13794,44.45319],[19.13438,44.45781],[19.1289,44.46114],[19.12594,44.46725],[19.12456,44.47383],[19.12276,44.4816],[19.11479,44.48926],[19.11093,44.49608],[19.11325,44.49956],[19.11045,44.50299],[19.10895,44.50731],[19.10779,44.51075],[19.10947,44.51528],[19.11049,44.51878],[19.11373,44.52171],[19.11826,44.52565],[19.12505,44.53304],[19.1334,44.53469],[19.13812,44.53527],[19.1421,44.53541],[19.14758,44.53308],[19.15576,44.53001],[19.16087,44.52441],[19.16709,44.52525],[19.17306,44.53287],[19.17414,44.53634]]}},{"type":"Feature","properties":{"n":"Ad Drinum-Drinum Fl."},"geometry":{"type":"LineString","coordinates":[[19.17414,44.53634],[19.17963,44.5426],[19.18278,44.54985],[19.17949,44.55642],[19.17801,44.56363],[19.17673,44.57347],[19.17358,44.57672],[19.17431,44.58153],[19.17861,44.58454],[19.18002,44.59042],[19.17583,44.59544],[19.17409,44.60269],[19.17964,44.60848],[19.18483,44.61745],[19.19247,44.62132],[19.2009,44.6267],[19.20784,44.63288],[19.21245,44.64076],[19.21539,44.645],[19.21644,44.64899],[19.21825,44.65183],[19.22614,44.65925],[19.22637,44.66371],[19.22733,44.66913],[19.22712,44.67545],[19.22892,44.68841],[19.22481,44.69495],[19.22149,44.70041],[19.21772,44.70427],[19.21691,44.71156],[19.21774,44.71853],[19.21816,44.72627],[19.21746,44.73537],[19.2167,44.74145],[19.21625,44.74737],[19.21655,44.75105],[19.21564,44.75538],[19.21552,44.75639]]}},{"type":"Feature","properties":{"n":"Ad Drinum-Drinum Fl."},"geometry":{"type":"LineString","coordinates":[[19.21552,44.75639],[19.22277,44.76053],[19.22948,44.76224],[19.23304,44.76536],[19.26938,44.77587],[19.28251,44.7798],[19.28484,44.78863],[19.2829,44.79651],[19.28145,44.80305],[19.28299,44.80836],[19.28333,44.81416],[19.28573,44.82025],[19.28732,44.82477],[19.28555,44.82898],[19.28526,44.83044],[19.28397,44.83286],[19.28336,44.83518],[19.28398,44.83782],[19.28338,44.84115],[19.28152,44.84456],[19.27983,44.84855],[19.27917,44.85118],[19.27986,44.85553],[19.28004,44.85763],[19.28038,44.8588],[19.28088,44.86349]]}},{"type":"Feature","properties":{"n":"Karakaj-Bijeljina"},"geometry":{"type":"LineString","coordinates":[[19.21552,44.75639],[19.20546,44.74795],[19.19766,44.74453],[19.17646,44.73699],[19.1656,44.7328],[19.15808,44.72526],[19.14946,44.71984],[19.14184,44.71502],[19.13648,44.71094],[19.12503,44.70795],[19.12141,44.70387],[19.11517,44.70002],[19.10584,44.6956],[19.09218,44.692],[19.08431,44.69049],[19.0791,44.6885],[19.06772,44.68978],[19.05619,44.69074],[19.03868,44.69131],[19.02243,44.69345],[19.00554,44.69704],[18.97923,44.68992],[18.95672,44.68614],[18.94234,44.68568],[18.93816,44.67885],[18.93716,44.67282],[18.93336,44.66532],[18.93132,44.65558],[18.93297,44.65187],[18.93132,44.64939],[18.92852,44.64678],[18.92415,44.6441],[18.92113,44.6429],[18.91454,44.64173],[18.90716,44.63994],[18.90583,44.63782]]}},{"type":"Feature","properties":{"n":"Karakaj-Bijeljina"},"geometry":{"type":"LineString","coordinates":[[18.90583,44.63782],[18.91149,44.62017],[18.91845,44.60726],[18.93258,44.60253],[18.95244,44.59815],[18.9564,44.59333],[18.95812,44.58475],[18.96674,44.57721],[18.96745,44.56991],[18.97196,44.5552],[18.96834,44.54976],[18.96603,44.54541],[18.96322,44.54192],[18.96145,44.53907],[18.95953,44.53509],[18.96123,44.53062],[18.96117,44.52657],[18.96274,44.52362],[18.97245,44.52134],[18.98087,44.51733],[18.98975,44.51507],[18.99402,44.50839],[19.00054,44.50035],[19.00382,44.49032],[19.01723,44.4771],[19.02993,44.46911],[19.0405,44.46227],[19.05099,44.45751],[19.06625,44.45521],[19.07825,44.44235],[19.08313,44.43546],[19.09678,44.42546],[19.12329,44.41673]]}},{"type":"Feature","properties":{"n":"Servitium-Leusaba"},"geometry":{"type":"LineString","coordinates":[[17.08496,44.41748],[17.1002,44.42108],[17.10627,44.42987],[17.11408,44.43546],[17.11914,44.43945],[17.1245,44.44341],[17.13393,44.44645],[17.13664,44.45035],[17.13857,44.45685],[17.14711,44.46042],[17.13828,44.46482],[17.13673,44.47746],[17.12788,44.48563],[17.12114,44.49858],[17.14672,44.51031],[17.15096,44.52315],[17.14466,44.54409],[17.13817,44.55909],[17.13284,44.57974],[17.13,44.599],[17.14414,44.61649],[17.14876,44.63489],[17.14536,44.65302],[17.14631,44.67406],[17.15542,44.67194],[17.16781,44.67952],[17.18957,44.68734],[17.19205,44.69777],[17.16504,44.71396],[17.15459,44.73734],[17.16372,44.75309],[17.19245,44.76956],[17.19689,44.77418]]}},{"type":"Feature","properties":{"n":"Servitium-Leusaba"},"geometry":{"type":"LineString","coordinates":[[17.19689,44.77418],[17.20564,44.7831],[17.20693,44.7951],[17.21124,44.8101],[17.21527,44.81963],[17.21844,44.83192],[17.23068,44.84727],[17.24515,44.86027],[17.25784,44.86798],[17.27263,44.86991],[17.27993,44.87209],[17.28262,44.87447],[17.28375,44.88003],[17.29198,44.88915],[17.2988,44.90143],[17.29929,44.90497],[17.30178,44.90683],[17.31361,44.92052],[17.31596,44.92622],[17.31824,44.93697],[17.31794,44.94728],[17.31789,44.95546],[17.31728,44.97029],[17.31624,44.98136],[17.31543,44.98656],[17.31397,44.99906],[17.31269,45.00918],[17.31165,45.01921],[17.31061,45.02818],[17.30927,45.0391],[17.30805,45.04889],[17.30837,45.05734],[17.30872,45.06678],[17.30818,45.07215],[17.30687,45.07572],[17.30549,45.0782],[17.30073,45.08338],[17.29803,45.08614],[17.29675,45.08893],[17.2943,45.09195],[17.29344,45.09702],[17.29226,45.10352],[17.28867,45.11279],[17.28792,45.11522]]}},{"type":"Feature","properties":{"n":"Servitium-Leusaba"},"geometry":{"type":"LineString","coordinates":[[17.28792,45.11522],[17.27797,45.12717],[17.26937,45.13088],[17.2626,45.13535],[17.259,45.13827],[17.25431,45.14071],[17.25013,45.14351]]}},{"type":"Feature","properties":{"n":"Lausaba-Ninia"},"geometry":{"type":"LineString","coordinates":[[16.36736,44.18838],[16.36392,44.20227],[16.3383,44.22008],[16.31161,44.23999],[16.30146,44.27014],[16.30329,44.29492],[16.30745,44.30135],[16.31189,44.31143],[16.31864,44.31201],[16.32276,44.3179],[16.32164,44.32278],[16.32508,44.32605],[16.33258,44.32925],[16.33531,44.32964],[16.33534,44.33387],[16.33169,44.33862],[16.33775,44.34263],[16.34828,44.34673],[16.35998,44.3487],[16.36301,44.364],[16.38298,44.38228],[16.37168,44.39651],[16.38815,44.40507],[16.39793,44.42294],[16.40335,44.43973],[16.39293,44.45615],[16.39508,44.46523],[16.40098,44.47666],[16.40027,44.48849],[16.386,44.50265],[16.39405,44.53076],[16.40171,44.53863]]}},{"type":"Feature","properties":{"n":"Lausaba-Ninia"},"geometry":{"type":"LineString","coordinates":[[16.40171,44.53863],[16.41913,44.54551],[16.43489,44.55022],[16.43903,44.56002],[16.44681,44.56618],[16.45987,44.56761],[16.46883,44.56641],[16.474,44.56658],[16.4845,44.56489],[16.49963,44.56061],[16.50817,44.5582],[16.51945,44.55636],[16.52851,44.557],[16.5386,44.55586],[16.55058,44.5546],[16.56245,44.55485],[16.57377,44.55336],[16.58312,44.55107],[16.59416,44.55055],[16.60649,44.54778],[16.62459,44.54526],[16.63259,44.54726],[16.64331,44.55006],[16.65277,44.55197],[16.66249,44.55199],[16.67104,44.54921],[16.67701,44.54836],[16.68288,44.54735],[16.69022,44.54532],[16.6955,44.54736],[16.70387,44.55234],[16.71019,44.55841],[16.71939,44.56001],[16.72871,44.55819],[16.73659,44.55609],[16.74051,44.55508]]}},{"type":"Feature","properties":{"n":"Lausaba-Ninia"},"geometry":{"type":"LineString","coordinates":[[16.74051,44.55508],[16.74974,44.55003],[16.75628,44.54719],[16.75998,44.54131],[16.76786,44.53616],[16.77893,44.53351],[16.79169,44.52896],[16.81088,44.51785],[16.8213,44.5062],[16.8187,44.49563],[16.8236,44.48797],[16.82595,44.48112],[16.82901,44.47611],[16.83792,44.47531],[16.84829,44.47595],[16.85912,44.47959],[16.86614,44.4803],[16.88457,44.48054],[16.89725,44.48029],[16.91087,44.48651],[16.92899,44.49218],[16.94518,44.49269],[16.95536,44.48437],[16.9649,44.48065],[16.9711,44.47415],[16.97936,44.46942],[16.98714,44.45996],[16.99027,44.45095],[17.00574,44.44479],[17.01592,44.43977],[17.02809,44.4323],[17.02809,44.4323]]}},{"type":"Feature","properties":{"n":"Leusaba-Pelva"},"geometry":{"type":"LineString","coordinates":[[17.02809,44.4323],[17.01714,44.4267],[17.00931,44.42296],[17.00501,44.42265],[17.0017,44.42181],[16.99747,44.42153],[16.99411,44.42013],[16.99235,44.41823],[16.99176,44.41613],[16.99019,44.41253],[16.98006,44.40469],[16.97528,44.40013],[16.97745,44.39527],[16.97021,44.39184],[16.96751,44.38998],[16.96426,44.38568],[16.95769,44.381],[16.95325,44.3774],[16.95149,44.37296],[16.94656,44.37222],[16.94164,44.3715],[16.93791,44.36626],[16.93249,44.36371],[16.92397,44.36124],[16.92447,44.35531],[16.92275,44.35133],[16.9233,44.34751],[16.92168,44.34273],[16.92008,44.33775],[16.92201,44.33252],[16.92454,44.33079],[16.92359,44.3254],[16.92328,44.32493]]}},{"type":"Feature","properties":{"n":"Leusaba-Pelva"},"geometry":{"type":"LineString","coordinates":[[16.8204,44.07188],[16.81628,44.06798],[16.81218,44.0645],[16.80984,44.06281],[16.81081,44.06127],[16.80636,44.05885],[16.80496,44.05582],[16.7989,44.05056],[16.79328,44.04407],[16.79073,44.0402],[16.78555,44.04143],[16.77881,44.03959],[16.77352,44.03908],[16.76617,44.03847],[16.76185,44.03524],[16.75542,44.03101],[16.74827,44.02481],[16.74465,44.01587],[16.7432,44.00994],[16.74553,43.99854],[16.75357,43.99126],[16.76566,43.98318],[16.77177,43.97527],[16.77557,43.96968],[16.77565,43.9636],[16.77712,43.95856],[16.77753,43.94898],[16.78024,43.93768],[16.78269,43.93482],[16.78717,43.9331],[16.78764,43.92972],[16.78405,43.91758],[16.77476,43.89823],[16.77379,43.89168],[16.77594,43.88354],[16.7775,43.87555],[16.7775,43.87555]]}},{"type":"Feature","properties":{"n":"Leusaba-Pelva"},"geometry":{"type":"LineString","coordinates":[[16.92328,44.32493],[16.9164,44.32313],[16.90767,44.32123],[16.90056,44.31847],[16.89482,44.31423],[16.89142,44.30788],[16.88554,44.30369],[16.87955,44.30261],[16.87509,44.29671],[16.87521,44.28844],[16.86846,44.28532],[16.86158,44.28319],[16.85506,44.27423],[16.848,44.26536],[16.8477,44.25828],[16.84688,44.25011],[16.84451,44.24374],[16.83836,44.23792],[16.83252,44.23241],[16.83487,44.22615],[16.83685,44.22106],[16.83748,44.21785],[16.83375,44.21229],[16.828,44.20622],[16.82239,44.20162],[16.81782,44.19521],[16.81481,44.19004],[16.81547,44.17977],[16.81132,44.16492],[16.80436,44.15232],[16.80203,44.10611],[16.8204,44.07188]]}},{"type":"Feature","properties":{"n":"Osinium-Titurium"},"geometry":{"type":"LineString","coordinates":[[16.72777,43.61783],[16.72426,43.61879],[16.71919,43.62092],[16.71799,43.62152],[16.71642,43.62286],[16.71516,43.62363],[16.71404,43.62423],[16.70955,43.62673],[16.70569,43.62939],[16.70262,43.63131],[16.69715,43.63442],[16.6932,43.63684],[16.6911,43.63803],[16.69012,43.63847],[16.68503,43.63936],[16.68294,43.64011],[16.67308,43.64708],[16.67039,43.64878],[16.66811,43.65116],[16.66695,43.65255],[16.66494,43.65448],[16.66269,43.6591],[16.66177,43.66243],[16.66004,43.6655],[16.65978,43.66619],[16.65838,43.66817],[16.65793,43.67026],[16.65682,43.6724],[16.65596,43.6745],[16.65455,43.67633],[16.65348,43.67751],[16.6526,43.67943],[16.65106,43.68207],[16.65008,43.6827],[16.65008,43.6827]]}},{"type":"Feature","properties":{"n":"Pelva-Osinium"},"geometry":{"type":"LineString","coordinates":[[16.63696,43.702],[16.65366,43.7045],[16.66707,43.70613],[16.6778,43.70569],[16.68602,43.70738],[16.69142,43.71156],[16.68954,43.72592],[16.69444,43.72842],[16.7027,43.73272],[16.70827,43.73784],[16.73553,43.76549],[16.73994,43.76491],[16.74304,43.76603],[16.74437,43.76994],[16.74561,43.77332],[16.74636,43.77553],[16.74573,43.77819],[16.74626,43.78008],[16.74803,43.78187],[16.76566,43.78078],[16.78101,43.77796],[16.79115,43.78128],[16.79857,43.78509],[16.79284,43.79193],[16.79404,43.79784],[16.80228,43.79857],[16.79945,43.80253],[16.79991,43.8046],[16.8028,43.80912],[16.80644,43.81102],[16.81054,43.81139],[16.81516,43.8134],[16.81713,43.81495]]}},{"type":"Feature","properties":{"n":"Burnum-Andetrium"},"geometry":{"type":"LineString","coordinates":[[16.46163,43.69183],[16.456,43.693],[16.45275,43.69376],[16.44709,43.69533],[16.4425,43.69617],[16.43343,43.69978],[16.42355,43.70188],[16.41323,43.70423],[16.40896,43.70557],[16.399,43.71079],[16.39624,43.71456],[16.39382,43.71938],[16.38504,43.7219],[16.37716,43.72698],[16.37286,43.73115],[16.3673,43.74285],[16.36283,43.74997],[16.35269,43.75958],[16.34459,43.7651],[16.33416,43.77071],[16.32475,43.78106],[16.31279,43.7896],[16.30411,43.79534],[16.29283,43.80184],[16.28001,43.80818],[16.26806,43.81494],[16.26345,43.82427],[16.24361,43.82509],[16.21657,43.828],[16.17439,43.84676],[16.15659,43.85918],[16.15659,43.85918]]}},{"type":"Feature","properties":{"n":"Burnum-Andetrium"},"geometry":{"type":"LineString","coordinates":[[16.15659,43.85918],[16.15492,43.86082],[16.15399,43.86141],[16.1543,43.86194],[16.1537,43.86308],[16.154,43.86642],[16.15449,43.868],[16.15474,43.86961],[16.15441,43.87147],[16.15257,43.87267],[16.15073,43.8736],[16.14912,43.8748],[16.14706,43.87617],[16.14534,43.87743],[16.14436,43.87874],[16.14479,43.87945],[16.14457,43.88024],[16.14404,43.88057],[16.13957,43.88204],[16.13879,43.88242],[16.13797,43.88367],[16.13669,43.88466],[16.13519,43.88674],[16.13352,43.8881],[16.13251,43.88863],[16.12962,43.88986],[16.12694,43.89087],[16.12546,43.89172],[16.12372,43.89317],[16.12082,43.89571],[16.12185,43.90026],[16.12303,43.90372],[16.12315,43.90606],[16.12189,43.90773],[16.12061,43.91071],[16.11772,43.91382],[16.11351,43.91684],[16.11016,43.92153],[16.1051,43.92589],[16.10366,43.92853],[16.10267,43.92994],[16.09994,43.93232],[16.0965,43.93478],[16.09522,43.93563],[16.09349,43.93807],[16.08988,43.94014],[16.08585,43.94438],[16.08159,43.949],[16.07748,43.95395],[16.07606,43.9553],[16.07116,43.95887],[16.06929,43.96109],[16.06679,43.96709],[16.06531,43.96921],[16.06531,43.96921]]}},{"type":"Feature","properties":{"n":"Burnum-Andetrium"},"geometry":{"type":"LineString","coordinates":[[16.06531,43.96921],[16.06318,43.97134],[16.06116,43.97252],[16.05705,43.9797],[16.05548,43.98071],[16.054,43.98212],[16.05278,43.98285],[16.05203,43.98388],[16.04831,43.98584],[16.04715,43.98833],[16.04681,43.98937],[16.04504,43.99164],[16.04458,43.99399],[16.04351,43.99576],[16.0428,43.99626],[16.04074,43.99909],[16.04078,43.99998],[16.03994,44.00136],[16.0395,44.00315],[16.03895,44.00445],[16.03876,44.00523],[16.03945,44.00575],[16.03946,44.00624],[16.03798,44.00686],[16.03682,44.0073],[16.03615,44.00828],[16.0361,44.00923],[16.03675,44.01096],[16.03768,44.01161],[16.03669,44.01278],[16.03631,44.01343],[16.03554,44.01352],[16.03495,44.01415],[16.03354,44.01529],[16.03251,44.01628],[16.03066,44.01691],[16.02938,44.01725],[16.0283,44.01711],[16.02485,44.01732],[16.02409,44.01756],[16.02262,44.01843],[16.02262,44.01843]]}},{"type":"Feature","properties":{"n":"Burnum-Kom"},"geometry":{"type":"LineString","coordinates":[[16.02262,44.01843],[16.01529,44.0248],[16.00236,44.03767],[16.00139,44.04084],[15.99888,44.04653],[15.99695,44.05047],[15.99382,44.05491],[15.98919,44.05995],[15.98456,44.06394],[15.97849,44.07004],[15.97349,44.07448],[15.96555,44.08015],[15.96219,44.08249],[15.95987,44.08837],[15.95645,44.09023],[15.95595,44.09272],[15.95669,44.09384],[15.95793,44.095],[15.9586,44.09694],[15.96146,44.0999],[15.96254,44.10135],[15.96385,44.10177],[15.9629,44.10291],[15.96037,44.10471],[15.95869,44.10562],[15.95665,44.10702],[15.95575,44.10841],[15.95664,44.10981],[15.95686,44.11242],[15.95456,44.11812],[15.95578,44.12031],[15.95898,44.12175],[15.96024,44.12342],[15.96172,44.12652],[15.96325,44.12911],[15.96463,44.13098],[15.96572,44.13215],[15.96663,44.13331],[15.96671,44.13521],[15.96828,44.13696],[15.96881,44.13767]]}},{"type":"Feature","properties":{"n":"Burnum-Kom"},"geometry":{"type":"LineString","coordinates":[[15.96881,44.13767],[15.96915,44.13791],[15.96973,44.13878],[15.96995,44.13921],[15.97021,44.13947],[15.97072,44.14023],[15.97126,44.14123],[15.97166,44.14225],[15.97235,44.14382],[15.97301,44.14492],[15.9731,44.14553],[15.98074,44.1492],[15.98515,44.14971],[15.98779,44.15031],[15.99152,44.15293],[15.99436,44.15346],[15.99699,44.15422],[15.99875,44.15461],[15.99931,44.15617],[16.00147,44.15788],[16.00529,44.16023],[16.00778,44.16126],[16.01018,44.16241],[16.01208,44.16249],[16.01492,44.1642],[16.01766,44.16497],[16.02039,44.16688],[16.02294,44.1682],[16.02599,44.16921],[16.02812,44.17005],[16.03147,44.17098],[16.03439,44.17211],[16.03485,44.17319],[16.03466,44.17374],[16.03482,44.17448],[16.03528,44.17559],[16.0368,44.17632],[16.03795,44.1763],[16.04012,44.17639],[16.04187,44.17697],[16.04348,44.17739],[16.04514,44.17799],[16.04648,44.17862],[16.0476,44.17868],[16.04832,44.17909],[16.04941,44.17953],[16.05026,44.18029],[16.05016,44.18099],[16.04995,44.18311],[16.04995,44.18311]]}},{"type":"Feature","properties":{"n":"Erkum-Gracac"},"geometry":{"type":"LineString","coordinates":[[15.84418,44.29868],[15.84238,44.29759],[15.83924,44.29677],[15.83735,44.29487],[15.83583,44.29357],[15.8325,44.29189],[15.82996,44.28929],[15.82872,44.28793],[15.82772,44.28631],[15.82663,44.28546],[15.82505,44.28438],[15.82426,44.28331],[15.82263,44.28189],[15.82132,44.28034],[15.82074,44.27944],[15.82054,44.27863],[15.819,44.27633],[15.81698,44.27363],[15.81633,44.27322],[15.81495,44.2725],[15.81387,44.27133],[15.813,44.2701],[15.81182,44.26925],[15.81096,44.26816],[15.8111,44.26664],[15.81235,44.26483],[15.81293,44.26367],[15.81286,44.26303]]}},{"type":"Feature","properties":{"n":"Erkum-Gracac"},"geometry":{"type":"LineString","coordinates":[[15.79648,44.23084],[15.79547,44.22956],[15.79287,44.22862],[15.79158,44.22678],[15.78675,44.22644],[15.77932,44.22654],[15.77432,44.22501],[15.77005,44.2244],[15.76572,44.22387],[15.76267,44.22416],[15.76073,44.2243],[15.75843,44.22361],[15.75675,44.22301],[15.75122,44.22282],[15.74895,44.22238],[15.74532,44.22332],[15.73809,44.22395],[15.73553,44.22291],[15.73124,44.22272],[15.72618,44.22235],[15.72393,44.2214],[15.71868,44.22086],[15.71053,44.22077],[15.70356,44.2193],[15.69937,44.21766],[15.69511,44.21758],[15.69099,44.21646],[15.69067,44.21382],[15.6939,44.2121],[15.69271,44.21061],[15.69185,44.20824],[15.69351,44.20659],[15.69225,44.20494],[15.68855,44.20305],[15.68664,44.20372],[15.68345,44.20099],[15.68112,44.20047]]}},{"type":"Feature","properties":{"n":"Erkum-Gracac"},"geometry":{"type":"LineString","coordinates":[[15.81286,44.26303],[15.81291,44.26154],[15.81261,44.26037],[15.81224,44.25929],[15.81154,44.25804],[15.81118,44.2568],[15.81084,44.25574],[15.81091,44.2547],[15.81067,44.25372],[15.8097,44.25323],[15.80821,44.2526],[15.80865,44.25218],[15.80925,44.25175],[15.80973,44.25091],[15.80991,44.24949],[15.80967,44.24803],[15.80982,44.24724],[15.81026,44.24659],[15.81034,44.2458],[15.80978,44.24473],[15.80984,44.24384],[15.81062,44.24346],[15.81136,44.24332],[15.81216,44.24287],[15.81326,44.24267],[15.8143,44.24145],[15.81592,44.24053],[15.81654,44.23995],[15.81718,44.23844],[15.81713,44.23767],[15.8168,44.23692],[15.81679,44.23631],[15.81626,44.23583],[15.81542,44.23581],[15.81458,44.23571],[15.81314,44.23544],[15.81207,44.23533],[15.81065,44.23542],[15.80942,44.23522],[15.80826,44.2347],[15.80711,44.23435],[15.80665,44.23385],[15.80658,44.23287],[15.80673,44.23228],[15.80657,44.23193],[15.8062,44.23179],[15.80505,44.23188],[15.80454,44.23184],[15.80353,44.23149],[15.80286,44.23145],[15.8019,44.23152],[15.79978,44.23137],[15.7988,44.23148],[15.79841,44.2315],[15.79746,44.23114],[15.79648,44.23084],[15.79648,44.23084]]}},{"type":"Feature","properties":{"n":"Ausancalio-Gracac"},"geometry":{"type":"LineString","coordinates":[[15.84418,44.29868],[15.8414,44.29953],[15.83895,44.29955],[15.83619,44.30042],[15.8335,44.30084],[15.83066,44.30078],[15.82672,44.30027],[15.82441,44.30029],[15.82157,44.30138],[15.81784,44.30393],[15.81401,44.30509],[15.80177,44.31334],[15.79797,44.31518],[15.79183,44.31758],[15.78886,44.31805],[15.78425,44.31969],[15.78149,44.31956],[15.77713,44.31837],[15.7671,44.32087],[15.76219,44.32505],[15.75883,44.32669],[15.753,44.33096],[15.74786,44.33343],[15.74288,44.33813],[15.72512,44.34477],[15.7176,44.34671],[15.70852,44.35144],[15.70185,44.35481],[15.68949,44.36074],[15.67531,44.36917],[15.67107,44.37173]]}},{"type":"Feature","properties":{"n":"Gospic-Susani"},"geometry":{"type":"LineString","coordinates":[[15.1427,44.52896],[15.15898,44.5272],[15.1761,44.526],[15.1869,44.52141],[15.19295,44.52009],[15.19689,44.5183],[15.2016,44.51564],[15.20636,44.51363],[15.20878,44.51051],[15.21212,44.50825],[15.21629,44.50753],[15.2194,44.50722],[15.22512,44.50558],[15.23648,44.5046],[15.25216,44.50387],[15.26716,44.50189],[15.28084,44.49913],[15.28932,44.49894],[15.29214,44.50061],[15.29836,44.50264],[15.30436,44.50745],[15.31274,44.51086],[15.32513,44.51347],[15.33609,44.51749],[15.3404,44.51987],[15.34885,44.52496],[15.35715,44.52935],[15.36037,44.53168],[15.36882,44.53616],[15.37452,44.54086],[15.37762,44.544]]}},{"type":"Feature","properties":{"n":"Burnum-Iader"},"geometry":{"type":"LineString","coordinates":[[15.31379,44.09276],[15.32647,44.09462],[15.35589,44.09888],[15.37462,44.10352],[15.38069,44.10704],[15.39035,44.11194],[15.4036,44.11125],[15.41312,44.10844],[15.43024,44.10389],[15.43675,44.10287],[15.44173,44.09924],[15.44526,44.09581],[15.44991,44.09153],[15.45454,44.08827],[15.45714,44.08491],[15.46148,44.08062],[15.46541,44.0773],[15.46923,44.07487],[15.47223,44.0727],[15.47794,44.0702],[15.4858,44.06596],[15.49053,44.06222],[15.49313,44.05739],[15.50765,44.05136],[15.51995,44.04604],[15.52694,44.04702],[15.53177,44.04738],[15.53551,44.0471],[15.53958,44.04334],[15.54457,44.04193],[15.5539,44.04054],[15.55944,44.04005],[15.56568,44.04004],[15.57012,44.03886],[15.58981,44.03477],[15.60256,44.03325]]}},{"type":"Feature","properties":{"n":"Burnum-Iader"},"geometry":{"type":"LineString","coordinates":[[15.62284,44.03146],[15.62394,44.03146],[15.62601,44.03182],[15.6269,44.03184],[15.62739,44.03175],[15.62806,44.03147],[15.6291,44.03133],[15.63051,44.03088],[15.63313,44.03014],[15.6342,44.02981],[15.63573,44.02967],[15.63682,44.02967],[15.63961,44.03019],[15.64127,44.03053],[15.64315,44.03102],[15.64584,44.03073],[15.64834,44.03036],[15.65254,44.03045],[15.65849,44.0314],[15.66024,44.03315]]}},{"type":"Feature","properties":{"n":"Burnum-Iader"},"geometry":{"type":"LineString","coordinates":[[15.68103,44.03081],[15.69928,44.02878],[15.71192,44.02737],[15.72713,44.02556],[15.73538,44.02466],[15.7434,44.0208],[15.76411,44.01397],[15.77505,44.01585],[15.78492,44.0177],[15.79588,44.01426],[15.79955,44.01203],[15.80242,44.01024],[15.80542,44.00606],[15.80797,44.00345],[15.81368,43.99923],[15.81772,43.99779],[15.82289,43.99516],[15.83532,43.99172],[15.83947,43.99056],[15.84547,43.98763],[15.8518,43.98448],[15.85432,43.98198],[15.86076,43.98063],[15.86424,43.97944],[15.8667,43.97944],[15.871,43.9771],[15.87248,43.97398],[15.87647,43.97375],[15.88011,43.97353],[15.88413,43.972],[15.8912,43.96987],[15.8961,43.96992],[15.90249,43.97001],[15.90781,43.97098],[15.91738,43.97402],[15.93375,43.97679],[15.94825,43.97791],[15.96137,43.98038]]}},{"type":"Feature","properties":{"n":"Burnum-Iader"},"geometry":{"type":"LineString","coordinates":[[15.60256,44.03325],[15.60547,44.03327],[15.60846,44.03362],[15.60965,44.03306],[15.61293,44.03368],[15.61488,44.03393],[15.61825,44.03299],[15.62202,44.03201]]}},{"type":"Feature","properties":{"n":"Burnum-Iader"},"geometry":{"type":"LineString","coordinates":[[15.66024,44.03315],[15.66164,44.03334],[15.66818,44.03373],[15.67155,44.03368],[15.67357,44.03323],[15.67685,44.03209],[15.67923,44.03138],[15.68103,44.03081]]}},{"type":"Feature","properties":{"n":"Burnum-Iader"},"geometry":{"type":"LineString","coordinates":[[15.96137,43.98038],[15.96511,43.98137],[15.97085,43.98319],[15.97726,43.98987],[15.9822,43.99474],[15.98285,43.99685],[15.98319,43.99784],[15.98408,43.99838],[15.98897,43.99927],[15.99262,44.00022],[15.99402,44.00118],[15.99703,44.00456],[16.00022,44.00475],[16.00176,44.00577],[16.0057,44.0096],[16.01114,44.01459],[16.01348,44.01603],[16.01641,44.01689],[16.02055,44.01735],[16.02262,44.01843]]}},{"type":"Feature","properties":{"n":"Burnum-Iader"},"geometry":{"type":"LineString","coordinates":[[15.62202,44.03201],[15.62284,44.03146]]}},{"type":"Feature","properties":{"n":"Segestica-Velika Ludina"},"geometry":{"type":"LineString","coordinates":[[16.37995,45.52912],[16.38524,45.53689],[16.39641,45.54075],[16.4146,45.54537],[16.43482,45.55134],[16.4579,45.55497],[16.46502,45.55852],[16.46892,45.56285],[16.48861,45.57023],[16.50712,45.5811],[16.51558,45.58614],[16.53156,45.59141],[16.56271,45.60239],[16.56964,45.60503],[16.57674,45.60673]]}},{"type":"Feature","properties":{"n":"Ad Praetorium-Jagma"},"geometry":{"type":"LineString","coordinates":[[16.83181,45.18654],[16.84268,45.19092],[16.84722,45.19624],[16.86937,45.20616],[16.87643,45.20718],[16.89859,45.20759],[16.90491,45.217],[16.91805,45.26445],[16.91106,45.27109],[16.92336,45.28116],[16.94938,45.29556],[16.95678,45.31603],[16.97225,45.33335],[16.97431,45.33755],[16.97396,45.34361],[16.97166,45.35273],[16.97964,45.35877],[16.98901,45.35996],[16.99755,45.3622],[17.00677,45.36641],[17.01349,45.36797],[17.02027,45.36683],[17.02393,45.36783],[17.0295,45.36747],[17.03621,45.36727],[17.0472,45.36622],[17.05411,45.36797],[17.0597,45.3735],[17.0607,45.37821],[17.06992,45.38268],[17.0797,45.38447],[17.08406,45.39076],[17.08337,45.3997],[17.08849,45.40825],[17.09508,45.41433],[17.10261,45.41774],[17.10561,45.4207],[17.1058,45.42181]]}},{"type":"Feature","properties":{"n":"Mteulum-Arupium"},"geometry":{"type":"LineString","coordinates":[[15.288,45.17948],[15.34387,45.13791],[15.35217,45.12094],[15.36041,45.10861],[15.35318,45.09487],[15.37213,45.07186],[15.37448,45.05502],[15.37993,45.04683],[15.38199,45.04052],[15.40023,45.03242],[15.41274,45.02288],[15.41109,45.00425],[15.41083,44.99583],[15.41706,44.98877],[15.41404,44.98342],[15.40143,44.97896],[15.39655,44.97264],[15.38828,44.96899],[15.3811,44.96751],[15.37481,44.96511],[15.36904,44.96306],[15.36192,44.95994],[15.35395,44.95495],[15.34053,44.94563],[15.34203,44.93264],[15.33273,44.92169],[15.32953,44.90982],[15.31901,44.90299],[15.31337,44.89641],[15.29731,44.89161],[15.27111,44.89013],[15.24584,44.87449],[15.24092,44.86924]]}},{"type":"Feature","properties":{"n":"Ninia-Burnum"},"geometry":{"type":"LineString","coordinates":[[16.1959,44.04395],[16.19457,44.04282],[16.1927,44.04165],[16.19054,44.04104],[16.18884,44.04062],[16.18728,44.04],[16.18558,44.03878],[16.18448,44.03818],[16.18366,44.03718],[16.18368,44.03566],[16.18313,44.03466],[16.1827,44.03335],[16.18073,44.03074],[16.17822,44.02938],[16.17216,44.02817],[16.16979,44.02719],[16.16588,44.02572],[16.15958,44.02285],[16.15204,44.01973],[16.14794,44.01786],[16.14431,44.01632],[16.14175,44.01512],[16.14009,44.01449],[16.1392,44.01408],[16.13676,44.0133],[16.13275,44.01193],[16.1267,44.0097],[16.12431,44.00888],[16.12024,44.00744],[16.1178,44.00666],[16.1129,44.00495],[16.11086,44.00397],[16.10929,44.00325],[16.10212,43.9996],[16.09736,43.997],[16.09668,43.99642],[16.09578,43.99526],[16.09437,43.99323],[16.09184,43.99084],[16.08909,43.98836],[16.08477,43.98401],[16.08229,43.98173],[16.08087,43.98109],[16.07961,43.98022],[16.07627,43.9783],[16.07564,43.9775],[16.07451,43.97523],[16.07417,43.97413],[16.07357,43.97357],[16.07259,43.97344],[16.07129,43.9736],[16.07058,43.97318],[16.06667,43.9703],[16.06531,43.96921],[16.06531,43.96921]]}},{"type":"Feature","properties":{"n":"Salona-Andetrium"},"geometry":{"type":"LineString","coordinates":[[16.53162,43.57286],[16.52378,43.58441],[16.52144,43.58666],[16.52064,43.58957],[16.51143,43.59768],[16.49663,43.61212],[16.48264,43.63129],[16.47256,43.64252],[16.47348,43.64839],[16.47323,43.65307],[16.47214,43.65555],[16.47017,43.65818],[16.46657,43.6601],[16.46437,43.66082],[16.46057,43.66257],[16.45918,43.66524],[16.45502,43.66669],[16.45213,43.66804],[16.44958,43.66883],[16.44662,43.67002],[16.44548,43.67145],[16.4446,43.67346],[16.44454,43.67608],[16.44486,43.67728],[16.44591,43.67923],[16.4454,43.68125],[16.44534,43.68273],[16.44767,43.68407],[16.44907,43.68563],[16.45469,43.68711],[16.45791,43.68836],[16.4613,43.69135],[16.46163,43.69183]]}},{"type":"Feature","properties":{"n":"Benkovac-Novigrad"},"geometry":{"type":"LineString","coordinates":[[15.62202,44.03201],[15.61968,44.0384],[15.6175,44.04143],[15.61572,44.04633],[15.61422,44.05017],[15.61166,44.05474],[15.61221,44.05757],[15.61098,44.05994],[15.60891,44.06412],[15.60633,44.06711],[15.60367,44.07002],[15.59974,44.07576],[15.59247,44.08695],[15.59117,44.089],[15.59153,44.09334],[15.59014,44.09707],[15.58758,44.10108],[15.58826,44.10933],[15.58928,44.11112],[15.59107,44.11246],[15.5925,44.11342],[15.59487,44.11511],[15.59543,44.11588],[15.59529,44.11734],[15.59627,44.1183],[15.59688,44.11874],[15.59864,44.1191],[15.59985,44.11962],[15.60059,44.12065],[15.60175,44.12094]]}},{"type":"Feature","properties":{"n":"Benkovac-Novigrad"},"geometry":{"type":"LineString","coordinates":[[15.60175,44.12094],[15.60138,44.12224],[15.6001,44.12406],[15.59839,44.12574],[15.59606,44.12721],[15.59302,44.12895],[15.5905,44.13048],[15.58943,44.13177],[15.5896,44.13287],[15.58905,44.13347],[15.5887,44.13459],[15.58823,44.13532],[15.58745,44.13626],[15.58646,44.13719],[15.58466,44.13842],[15.58435,44.13933],[15.58396,44.13997],[15.58315,44.14161],[15.58288,44.14255],[15.58281,44.14349],[15.58094,44.14469],[15.57991,44.14585],[15.57912,44.14662],[15.5781,44.14724],[15.57679,44.14786],[15.57585,44.1491],[15.57417,44.15125],[15.57336,44.15289],[15.57241,44.15443],[15.57187,44.15553],[15.56982,44.15755],[15.56932,44.15832],[15.56885,44.15882],[15.56808,44.15926],[15.56762,44.15964],[15.56746,44.16022],[15.56663,44.16273],[15.56605,44.1633],[15.56125,44.16729],[15.55855,44.16991],[15.55768,44.17108],[15.55538,44.17271],[15.55209,44.17471],[15.549,44.1767],[15.54682,44.17849],[15.54519,44.17995],[15.54401,44.18062],[15.54319,44.18142],[15.54299,44.18219],[15.54319,44.18294],[15.54302,44.18332],[15.54302,44.18332]]}},{"type":"Feature","properties":{"n":"Karin Gornji-Ekrum"},"geometry":{"type":"LineString","coordinates":[[15.60175,44.12094],[15.61252,44.12212],[15.6177,44.1227],[15.62276,44.1243],[15.62639,44.12517],[15.62868,44.12648],[15.63194,44.1299],[15.63197,44.1376],[15.63253,44.14438],[15.63114,44.14807],[15.6284,44.15215],[15.62507,44.15494],[15.62347,44.15773],[15.62306,44.15973],[15.62265,44.16257],[15.62215,44.16592],[15.62055,44.1702],[15.61904,44.17335],[15.61717,44.17607],[15.61615,44.17823],[15.61989,44.18088],[15.62171,44.18179],[15.62406,44.18279],[15.62911,44.18403],[15.63428,44.1855],[15.63791,44.18821],[15.6404,44.19105],[15.64753,44.19471],[15.65572,44.19728],[15.66426,44.19767],[15.66605,44.19799],[15.66791,44.19848],[15.66962,44.19918],[15.67117,44.19973],[15.67286,44.19979],[15.67719,44.19974],[15.67911,44.19968],[15.68066,44.2],[15.68112,44.20047]]}},{"type":"Feature","properties":{"n":"Orbavac-Kistanje"},"geometry":{"type":"LineString","coordinates":[[15.96137,43.98038],[15.95628,43.98434],[15.94558,43.99102],[15.9358,43.996],[15.92802,43.99967],[15.92107,44.00315],[15.91101,44.00867],[15.90443,44.01218],[15.89906,44.01459],[15.89406,44.01793],[15.89152,44.01971],[15.88808,44.02356],[15.88475,44.02623],[15.88157,44.02978],[15.87902,44.03246],[15.87748,44.03573],[15.87163,44.04087],[15.87006,44.04385],[15.86352,44.04957],[15.85806,44.05478],[15.85533,44.05813],[15.85027,44.06311],[15.84499,44.06821],[15.84039,44.07225],[15.83655,44.07525],[15.83075,44.07949],[15.82717,44.08276],[15.82201,44.08766],[15.81743,44.0894],[15.81298,44.09152],[15.81148,44.09259],[15.80825,44.09328],[15.80351,44.09561],[15.80147,44.0959],[15.79824,44.09663],[15.79491,44.09754],[15.79253,44.09698],[15.78974,44.09856],[15.78843,44.09995]]}},{"type":"Feature","properties":{"n":"Orbavac-Kistanje"},"geometry":{"type":"LineString","coordinates":[[15.78843,44.09995],[15.78185,44.10226],[15.77516,44.10226],[15.76767,44.10597],[15.76143,44.10879],[15.75516,44.10924],[15.74732,44.11234],[15.74533,44.11641],[15.74621,44.11866],[15.74278,44.11941],[15.74055,44.11972],[15.73705,44.122],[15.73388,44.12444],[15.72839,44.12838],[15.72504,44.13207],[15.72404,44.13575],[15.71862,44.14],[15.7193,44.14309],[15.71882,44.14659],[15.71889,44.15043],[15.71681,44.15433],[15.70857,44.16009],[15.70572,44.16458],[15.70496,44.1701],[15.6996,44.17217],[15.69611,44.17475],[15.69342,44.17812],[15.69239,44.18154],[15.69032,44.18643],[15.68995,44.18761],[15.68486,44.19179],[15.68349,44.19717],[15.68204,44.19991],[15.68112,44.20047]]}},{"type":"Feature","properties":{"n":"Sidrona-Aseria"},"geometry":{"type":"LineString","coordinates":[[15.66024,44.03315],[15.66462,44.03931],[15.66788,44.0416],[15.67687,44.04376],[15.68199,44.04469],[15.68659,44.04619],[15.69787,44.04979],[15.70314,44.05166],[15.70624,44.05423],[15.71056,44.05786],[15.71282,44.05958],[15.7181,44.06298],[15.72032,44.066],[15.72623,44.06902],[15.73033,44.07014],[15.73263,44.07263],[15.7342,44.0737],[15.73809,44.0749],[15.74093,44.07701],[15.74355,44.07718],[15.74621,44.07772],[15.74947,44.0783],[15.75111,44.07818],[15.7556,44.08082],[15.75722,44.0833],[15.75914,44.08491],[15.76306,44.08553],[15.76707,44.08535],[15.77021,44.0866],[15.77229,44.08744],[15.7749,44.09042],[15.77768,44.09431],[15.77935,44.09645],[15.78193,44.09686],[15.78794,44.09959],[15.78843,44.09995]]}},{"type":"Feature","properties":{"n":"Sidrona-Krupa"},"geometry":{"type":"LineString","coordinates":[[15.78843,44.09995],[15.79049,44.10229],[15.79412,44.10526],[15.79654,44.10529],[15.8022,44.10474],[15.8039,44.10579],[15.80603,44.10718],[15.80972,44.11031],[15.81448,44.11129],[15.81645,44.11434],[15.81792,44.11716],[15.82257,44.11853],[15.82454,44.12024],[15.82648,44.12133],[15.8295,44.12257],[15.83203,44.1231],[15.8369,44.12499],[15.83894,44.12614],[15.84397,44.13286],[15.8463,44.13582],[15.84692,44.13834],[15.85309,44.1469],[15.85693,44.14992],[15.85896,44.15101],[15.85942,44.15462],[15.86423,44.16157],[15.86963,44.16547],[15.876,44.16791],[15.88216,44.16922],[15.88668,44.17301],[15.88881,44.18081],[15.892,44.18482],[15.90083,44.18572],[15.9049,44.18723]]}},{"type":"Feature","properties":{"n":"Clambetis-Krupa"},"geometry":{"type":"LineString","coordinates":[[15.93236,44.17171],[15.92955,44.1728],[15.92649,44.17377],[15.92458,44.17505],[15.92158,44.17569],[15.91874,44.17608],[15.91705,44.17634],[15.91563,44.17744],[15.91459,44.17979],[15.9144,44.18078],[15.91296,44.18279],[15.91137,44.18494],[15.90951,44.18625],[15.90856,44.18724],[15.90696,44.18713],[15.9049,44.18723]]}},{"type":"Feature","properties":{"n":"Clambetis-Krupa"},"geometry":{"type":"LineString","coordinates":[[15.9049,44.18723],[15.90062,44.18764],[15.89541,44.18755],[15.89115,44.18799],[15.88819,44.18923],[15.88709,44.18951],[15.88711,44.19175],[15.88789,44.19327],[15.88574,44.19445],[15.88121,44.19551],[15.87755,44.19499],[15.87564,44.1949],[15.87401,44.19612],[15.87209,44.19776],[15.8711,44.19868],[15.86809,44.1997],[15.86478,44.2006],[15.86004,44.20213],[15.8556,44.20417],[15.85161,44.20339],[15.84666,44.20365],[15.84075,44.20329],[15.83473,44.20596],[15.82903,44.20971],[15.8252,44.21218],[15.82338,44.21551],[15.82193,44.21662],[15.82048,44.21838],[15.81711,44.22135],[15.81486,44.22328],[15.81433,44.22535],[15.81332,44.22637],[15.81189,44.22757],[15.81187,44.22915],[15.80952,44.22974],[15.80615,44.22957],[15.80404,44.23006],[15.79648,44.23084],[15.79648,44.23084]]}},{"type":"Feature","properties":{"n":"Ad Praetoria-Donji Brdari"},"geometry":{"type":"LineString","coordinates":[[16.63792,44.79854],[16.6536,44.81812],[16.65941,44.82819],[16.66777,44.84379],[16.68496,44.85718],[16.70537,44.86789],[16.71628,44.87634],[16.71385,44.89806],[16.70173,44.90748],[16.69001,44.91902],[16.68492,44.93047],[16.68363,44.93923],[16.68875,44.95378],[16.7056,44.97694],[16.72992,44.99469],[16.73334,45.00592],[16.72849,45.02035],[16.72768,45.03032],[16.72922,45.04061],[16.71512,45.05348],[16.70295,45.06845],[16.68358,45.08491],[16.67519,45.10056],[16.69666,45.12001],[16.7253,45.1277],[16.73279,45.14032],[16.74395,45.15631],[16.74883,45.16617],[16.74439,45.17856],[16.74325,45.19255],[16.75323,45.20366],[16.75319,45.21007]]}},{"type":"Feature","properties":{"n":"Poetovio-Populi"},"geometry":{"type":"LineString","coordinates":[[15.87279,46.41866],[15.88846,46.4158],[15.90193,46.41314],[15.91341,46.41124],[15.91892,46.40649],[15.92342,46.40161],[15.93359,46.3975],[15.94427,46.39069],[15.95917,46.3879],[15.96975,46.38164],[15.97771,46.3774],[15.98773,46.37399],[15.99903,46.37172],[16.00229,46.37526],[16.01394,46.37862],[16.02869,46.38421],[16.03914,46.38927],[16.04502,46.3918],[16.05428,46.38719],[16.05909,46.38304],[16.06587,46.37914],[16.07422,46.38026],[16.08276,46.37878],[16.09225,46.37543],[16.09683,46.37548],[16.10898,46.38021],[16.1312,46.377],[16.14703,46.37505],[16.15513,46.37285],[16.16927,46.36605],[16.18129,46.36335],[16.18734,46.36011],[16.19218,46.35785],[16.20377,46.3566],[16.21043,46.35468],[16.22872,46.34544],[16.24104,46.34206]]}},{"type":"Feature","properties":{"n":"Poetovio-Populi"},"geometry":{"type":"LineString","coordinates":[[16.24104,46.34206],[16.24866,46.33998],[16.25105,46.33804],[16.25251,46.33706],[16.25568,46.3361],[16.26023,46.33572],[16.26504,46.33483],[16.28428,46.32779],[16.29445,46.32449],[16.30623,46.32079],[16.31708,46.31741],[16.32655,46.31474]]}},{"type":"Feature","properties":{"n":"Poetovio-Populi"},"geometry":{"type":"LineString","coordinates":[[16.32655,46.31474],[16.33033,46.31279],[16.33184,46.3117],[16.33369,46.31165]]}},{"type":"Feature","properties":{"n":"Cardono-Populi"},"geometry":{"type":"LineString","coordinates":[[16.32655,46.31474],[16.34988,46.30991],[16.38129,46.3026],[16.42757,46.29742],[16.45431,46.29558],[16.47396,46.29467],[16.50442,46.28661],[16.52781,46.26267],[16.55466,46.26463],[16.57727,46.26297],[16.60839,46.25486],[16.6283,46.24708],[16.64674,46.23599],[16.6752,46.22234],[16.6938,46.21192],[16.73673,46.18972],[16.76706,46.18547],[16.79805,46.17774],[16.81762,46.16852],[16.83397,46.16157],[16.84702,46.14867],[16.85695,46.13706],[16.87092,46.1262],[16.914,46.10444],[16.93159,46.09463],[16.95076,46.07599],[16.97586,46.06926],[16.9983,46.06202],[17.03819,46.04874],[17.05706,46.03707],[17.07653,46.02633],[17.10899,46.00499],[17.14139,45.98471],[17.15663,45.98386]]}},{"type":"Feature","properties":{"n":"Cardono-Populi"},"geometry":{"type":"LineString","coordinates":[[17.15663,45.98386],[17.16445,45.97933],[17.18685,45.96883],[17.19627,45.96838],[17.21048,45.96508],[17.21604,45.96432],[17.22167,45.96173],[17.2249,45.9588],[17.22786,45.95719],[17.23313,45.95234],[17.23176,45.94742],[17.23461,45.94448],[17.24836,45.94123],[17.26029,45.93692],[17.26526,45.93329],[17.26892,45.92966],[17.27578,45.92712],[17.2839,45.92587],[17.30168,45.91604],[17.30576,45.90955],[17.31206,45.90042],[17.31922,45.89018],[17.32842,45.87716],[17.35511,45.87566],[17.37225,45.87322],[17.39735,45.86755],[17.42851,45.85555],[17.44644,45.84802],[17.46671,45.84504],[17.49371,45.8466],[17.50435,45.84095],[17.50435,45.84095]]}},{"type":"Feature","properties":{"n":"Mursa-Cardono"},"geometry":{"type":"LineString","coordinates":[[17.50435,45.84095],[17.52766,45.83285],[17.54159,45.82815],[17.55698,45.82421],[17.56447,45.82164],[17.56847,45.82053],[17.57353,45.82022],[17.58329,45.81918],[17.59277,45.81806],[17.59986,45.8162],[17.60244,45.81421],[17.60521,45.81196],[17.61403,45.80774],[17.62237,45.80329],[17.62674,45.80296],[17.63257,45.80426],[17.64108,45.80709],[17.65294,45.81013],[17.65803,45.81088],[17.66176,45.81192],[17.66606,45.81507],[17.66842,45.81506],[17.68971,45.81085],[17.69801,45.80911],[17.73842,45.8052],[17.74529,45.80382],[17.7462,45.80093],[17.74888,45.79869],[17.75293,45.79621],[17.75394,45.79277],[17.75502,45.79022],[17.7571,45.78794],[17.75909,45.7872],[17.77258,45.78566],[17.77613,45.78507],[17.79066,45.78397],[17.80447,45.78208],[17.81058,45.78163],[17.81714,45.78223],[17.82041,45.78185],[17.83144,45.77685],[17.84071,45.77161],[17.84286,45.7705],[17.84799,45.7674],[17.85617,45.76402],[17.86105,45.7606],[17.86878,45.75403],[17.8748,45.75075],[17.87949,45.75007],[17.89037,45.75198],[17.90068,45.75367],[17.92055,45.75351],[17.94137,45.75312],[17.968,45.75204],[17.968,45.75204]]}},{"type":"Feature","properties":{"n":"Mursa-Cardono"},"geometry":{"type":"LineString","coordinates":[[17.968,45.75204],[18.00056,45.75116],[18.09856,45.75398],[18.14947,45.75776],[18.18442,45.75969],[18.22728,45.745],[18.24215,45.74028],[18.25742,45.73357],[18.26179,45.7331],[18.27272,45.72731],[18.29263,45.71117],[18.33072,45.69642],[18.37895,45.67971],[18.39661,45.67446],[18.40673,45.66589],[18.41778,45.66027],[18.42954,45.65357],[18.45197,45.64497],[18.45825,45.64294],[18.46898,45.63824],[18.50483,45.62437],[18.52169,45.6176],[18.52921,45.61501],[18.53614,45.61267],[18.54357,45.61215],[18.56239,45.59827],[18.57621,45.5875],[18.58828,45.5762],[18.59502,45.57345],[18.60719,45.57132],[18.62921,45.56304],[18.6509,45.56089],[18.66422,45.56001],[18.67588,45.56],[18.68514,45.5595],[18.69676,45.55709],[18.69676,45.55709]]}},{"type":"Feature","properties":{"n":"Aqua Balissae-Cardono"},"geometry":{"type":"LineString","coordinates":[[17.22343,45.5928],[17.22349,45.5947],[17.22236,45.59688],[17.22255,45.59977],[17.22269,45.60227],[17.22267,45.60394],[17.2239,45.60655],[17.22503,45.60764],[17.22915,45.60968],[17.23152,45.61068],[17.23305,45.61386]]}},{"type":"Feature","properties":{"n":"Aqua Balissae-Cardono"},"geometry":{"type":"LineString","coordinates":[[17.23305,45.61386],[17.24324,45.6169],[17.24631,45.62003],[17.24472,45.62415],[17.24489,45.62891],[17.24498,45.63298],[17.24484,45.63877],[17.24807,45.64559],[17.2575,45.64846],[17.26922,45.64606],[17.2755,45.64754],[17.28694,45.64415],[17.29416,45.64331],[17.31431,45.64338],[17.3392,45.65063],[17.35546,45.65654],[17.36967,45.65416],[17.38819,45.65079],[17.40425,45.65442],[17.42664,45.66197],[17.43527,45.66891],[17.44807,45.67296],[17.45377,45.6855],[17.46388,45.69755],[17.47499,45.70006],[17.48385,45.70034],[17.48105,45.71917],[17.48792,45.73221],[17.50176,45.745],[17.52335,45.76118],[17.52791,45.77906],[17.49778,45.80084],[17.50435,45.84095]]}},{"type":"Feature","properties":{"n":"Mursa-Ad Basante"},"geometry":{"type":"LineString","coordinates":[[18.80398,45.29025],[18.80819,45.30068],[18.8113,45.30294],[18.81758,45.32107],[18.82996,45.32753],[18.83774,45.33513],[18.84125,45.35836],[18.84159,45.36436],[18.84353,45.36763],[18.83799,45.37986],[18.83127,45.38851],[18.82187,45.39785],[18.81973,45.40341],[18.81831,45.40797],[18.81833,45.4186],[18.81365,45.42686],[18.81181,45.43147],[18.8123,45.43869],[18.81017,45.4473],[18.8012,45.45566],[18.79331,45.46427],[18.78575,45.47355],[18.77349,45.49057],[18.76946,45.49509],[18.75785,45.50028],[18.74428,45.5017],[18.73676,45.51015],[18.72393,45.52523],[18.71398,45.53879],[18.71163,45.54266],[18.70595,45.55051],[18.69865,45.55369],[18.69676,45.55709],[18.69676,45.55709]]}},{"type":"Feature","properties":{"n":"Ad Basante-Marsonia"},"geometry":{"type":"LineString","coordinates":[[18.0142,45.15554],[18.01771,45.15465],[18.0223,45.15379],[18.02753,45.1539],[18.03091,45.15344],[18.03429,45.15332],[18.03856,45.15365],[18.04461,45.15392],[18.05421,45.15441],[18.06063,45.15499],[18.0647,45.15471],[18.0668,45.15446],[18.0699,45.15343]]}},{"type":"Feature","properties":{"n":"Ad Basante-Marsonia"},"geometry":{"type":"LineString","coordinates":[[18.16215,45.13452],[18.183,45.13728],[18.1973,45.14012],[18.20237,45.14268],[18.20852,45.14538],[18.21284,45.1468],[18.21916,45.14578],[18.22165,45.14642],[18.22605,45.14944],[18.23169,45.15047],[18.23695,45.1503],[18.23935,45.14963],[18.24804,45.15224],[18.2503,45.15214],[18.25954,45.15293],[18.26484,45.15295],[18.2699,45.15231],[18.27595,45.15085],[18.29124,45.14687],[18.30827,45.13824],[18.31774,45.13296],[18.33408,45.12743],[18.34275,45.12812],[18.34611,45.12918],[18.34942,45.12973],[18.35463,45.13107],[18.36376,45.13245],[18.37087,45.13289],[18.37565,45.13333],[18.37932,45.13453],[18.38866,45.13478],[18.399,45.13402],[18.41552,45.13122],[18.42625,45.12784],[18.43105,45.12684],[18.43583,45.12478],[18.4384,45.12214],[18.45482,45.11543],[18.4605,45.11171],[18.46841,45.10512],[18.47598,45.10836],[18.48083,45.11273],[18.48541,45.11319],[18.49095,45.11495],[18.49387,45.11534],[18.49876,45.11587],[18.50751,45.11903],[18.51308,45.12094],[18.5364,45.1166],[18.5364,45.1166]]}},{"type":"Feature","properties":{"n":"Ad Basante-Marsonia"},"geometry":{"type":"LineString","coordinates":[[18.0699,45.15343],[18.07195,45.15201],[18.0735,45.1508],[18.07669,45.14793],[18.07743,45.1475],[18.08027,45.14696],[18.08401,45.14597],[18.10042,45.14626],[18.11929,45.14004],[18.13202,45.13706],[18.14163,45.13488],[18.14752,45.13393],[18.16215,45.13452]]}},{"type":"Feature","properties":{"n":"Ad Basante-Marsonia"},"geometry":{"type":"LineString","coordinates":[[18.54524,45.11659],[18.54726,45.11188],[18.55191,45.10957],[18.55742,45.10855],[18.56553,45.10954],[18.57286,45.11014],[18.5846,45.10789],[18.5926,45.10777],[18.59779,45.10773],[18.63087,45.09831],[18.64088,45.09554],[18.64492,45.09745],[18.64824,45.09937],[18.67799,45.10184],[18.69864,45.10167]]}},{"type":"Feature","properties":{"n":"Ad Basante-Marsonia"},"geometry":{"type":"LineString","coordinates":[[18.5364,45.1166],[18.54524,45.11659]]}},{"type":"Feature","properties":{"n":"Marsonia-Stari Mikanovci"},"geometry":{"type":"LineString","coordinates":[[18.0699,45.15343],[18.08128,45.15266],[18.09619,45.15356],[18.10326,45.1543],[18.11728,45.1566],[18.13465,45.15896],[18.15129,45.16156],[18.15541,45.16275],[18.16997,45.16284],[18.17923,45.16404],[18.19528,45.16642],[18.21692,45.17173],[18.23004,45.17508],[18.24489,45.17644],[18.26544,45.17967],[18.27087,45.18001],[18.27497,45.18086],[18.28073,45.18361],[18.29743,45.18783],[18.30172,45.18743],[18.30508,45.18801],[18.30757,45.18955],[18.32009,45.19288],[18.33,45.19519],[18.33349,45.19599],[18.33761,45.19594],[18.35512,45.19556],[18.36019,45.19509],[18.36817,45.19499],[18.37466,45.19579],[18.38638,45.19813],[18.3963,45.2036],[18.4018,45.20709],[18.40768,45.21264],[18.40897,45.21871],[18.40908,45.22146],[18.43668,45.22639],[18.47624,45.23679],[18.48273,45.23843],[18.48757,45.24294],[18.49831,45.24755],[18.51453,45.24897],[18.52869,45.26117],[18.53461,45.26599],[18.53534,45.27325],[18.5418,45.28295],[18.5418,45.28295]]}},{"type":"Feature","properties":{"n":"Stari Mikanovci-Vlatkovac"},"geometry":{"type":"LineString","coordinates":[[18.5418,45.28295],[18.50107,45.28839],[18.45611,45.29452],[18.41242,45.30818],[18.38419,45.28997],[18.36363,45.27989],[18.34895,45.26991],[18.32752,45.25942],[18.30299,45.27087],[18.29433,45.2767],[18.2806,45.28217],[18.26521,45.28975],[18.24755,45.28854],[18.22325,45.29956],[18.20555,45.31126],[18.18753,45.31519],[18.16161,45.30822],[18.12924,45.30149],[18.11888,45.30082],[18.11403,45.29879],[18.11176,45.29978],[18.1088,45.29815],[18.10254,45.29946],[18.09793,45.30088],[18.09629,45.30578],[18.09705,45.31117],[18.09887,45.31701],[18.1001,45.32228],[18.09948,45.32908],[18.08855,45.33799],[18.08188,45.33926],[18.07168,45.34119],[18.06614,45.34626],[18.06373,45.35232]]}},{"type":"Feature","properties":{"n":"Bistua Nova-In Alperio"},"geometry":{"type":"LineString","coordinates":[[16.81713,43.81495],[16.83435,43.80375],[16.86379,43.79356],[16.88791,43.79438],[16.93343,43.80274],[16.97022,43.82028],[16.99203,43.82336],[17.01074,43.82388],[17.03092,43.81382],[17.04401,43.8109],[17.06191,43.80349],[17.08118,43.79492],[17.08754,43.7913],[17.1003,43.78657],[17.1104,43.78336],[17.11721,43.78192],[17.12588,43.78014],[17.13355,43.77962],[17.13352,43.78188],[17.12897,43.7857],[17.12421,43.78958],[17.12379,43.79297],[17.12093,43.79693],[17.12151,43.80033],[17.12123,43.80394],[17.12561,43.80566],[17.13021,43.80752],[17.13736,43.80819],[17.14796,43.8083],[17.16661,43.80745],[17.17409,43.80558],[17.17843,43.80598],[17.17569,43.81413],[17.18264,43.82271],[17.18745,43.83307]]}},{"type":"Feature","properties":{"n":"Bistua Nova-In Alperio"},"geometry":{"type":"LineString","coordinates":[[17.18745,43.83307],[17.18732,43.83558],[17.18511,43.83719],[17.18074,43.83798],[17.17859,43.83929],[17.17707,43.84156],[17.17547,43.84335],[17.17404,43.84527],[17.17108,43.84779],[17.16936,43.85117],[17.16869,43.85251],[17.16939,43.85403],[17.17024,43.85564],[17.17206,43.85763],[17.17497,43.85986],[17.17621,43.86253],[17.17877,43.86401],[17.18125,43.86628],[17.18309,43.86797],[17.18353,43.87072],[17.18309,43.87359],[17.18297,43.87694],[17.18495,43.87919],[17.18355,43.87964],[17.18276,43.88022],[17.1841,43.88258],[17.18675,43.88789],[17.18886,43.89052],[17.1911,43.89855],[17.19336,43.90085],[17.1996,43.90456],[17.20284,43.90898],[17.20609,43.92109],[17.20964,43.93096],[17.21251,43.93418],[17.21369,43.93904],[17.21635,43.94545],[17.22502,43.95374],[17.23759,43.95812],[17.23759,43.95812]]}},{"type":"Feature","properties":{"n":"Bistua Nova-In Alperio"},"geometry":{"type":"LineString","coordinates":[[17.23759,43.95812],[17.24354,43.96419]]}},{"type":"Feature","properties":{"n":"Bistua Nova-In Alperio"},"geometry":{"type":"LineString","coordinates":[[17.24354,43.96419],[17.26198,43.97469],[17.27793,43.99405],[17.27921,43.99987],[17.28282,44.0049],[17.28493,44.01205],[17.28744,44.01579],[17.29233,44.01977],[17.30046,44.02184],[17.30509,44.02128],[17.31006,44.02233],[17.31769,44.02331],[17.3283,44.02314],[17.33537,44.02401],[17.34016,44.02608],[17.34474,44.02567],[17.35269,44.02651],[17.35864,44.02609],[17.36505,44.02641],[17.36913,44.02885],[17.37154,44.03652],[17.37339,44.04155],[17.37685,44.0469],[17.37588,44.05197],[17.37907,44.05523],[17.38011,44.05958],[17.38393,44.05906],[17.3906,44.05794],[17.39651,44.05799],[17.40582,44.05697],[17.41912,44.05589],[17.42585,44.05539],[17.43219,44.05335],[17.44417,44.05126],[17.44604,44.0507]]}},{"type":"Feature","properties":{"n":"Bistua Nova-Stanecli"},"geometry":{"type":"LineString","coordinates":[[17.44604,44.0507],[17.44753,44.05066],[17.44966,44.05093],[17.45113,44.0515],[17.45277,44.05289],[17.45334,44.05389],[17.45431,44.0547],[17.45545,44.0554],[17.4569,44.05635]]}},{"type":"Feature","properties":{"n":"Bistua Nova-Stanecli"},"geometry":{"type":"LineString","coordinates":[[17.4569,44.05635],[17.45739,44.05686],[17.45905,44.05706],[17.46012,44.05747],[17.4607,44.05815],[17.46167,44.05867],[17.46317,44.05915]]}},{"type":"Feature","properties":{"n":"Bistua Nova-Stanecli"},"geometry":{"type":"LineString","coordinates":[[17.46317,44.05915],[17.47007,44.06271],[17.49338,44.07037],[17.5033,44.07633],[17.51033,44.07938],[17.51815,44.08195],[17.53212,44.08496],[17.54084,44.08639],[17.5487,44.08732],[17.55487,44.09189],[17.56068,44.0937],[17.56646,44.09273],[17.57187,44.09324],[17.57614,44.09744],[17.57532,44.10426],[17.57505,44.11079],[17.57588,44.11566],[17.57745,44.119],[17.57901,44.1224],[17.57924,44.12449],[17.58196,44.12819],[17.58557,44.1293],[17.58951,44.13023],[17.59078,44.1319],[17.59257,44.1354],[17.60011,44.13834],[17.6061,44.1406],[17.61074,44.14296],[17.61148,44.14574],[17.61683,44.14868],[17.62043,44.15206],[17.62786,44.15633],[17.64164,44.16206],[17.65119,44.1659],[17.6549,44.17127],[17.66641,44.17927],[17.6687,44.18006]]}},{"type":"Feature","properties":{"n":"Bistua Nova-Stanecli"},"geometry":{"type":"LineString","coordinates":[[17.6687,44.18006],[17.66976,44.18101],[17.67111,44.18334],[17.672,44.18536],[17.67289,44.18661],[17.67452,44.18807],[17.67601,44.1887],[17.6774,44.18943],[17.67901,44.1898],[17.68001,44.19026],[17.68168,44.19159],[17.68545,44.19251],[17.68884,44.19365],[17.69216,44.19354],[17.69752,44.19447],[17.70526,44.19632],[17.70676,44.19698],[17.71023,44.19967],[17.71139,44.20201],[17.71226,44.20345],[17.71523,44.20642],[17.71654,44.20792]]}},{"type":"Feature","properties":{"n":"Ad Matricem-Apeva"},"geometry":{"type":"LineString","coordinates":[[17.24354,43.96419],[17.23148,43.99474],[17.23242,44.01354],[17.22553,44.03052],[17.22087,44.03754],[17.20802,44.04925],[17.18287,44.05536],[17.16967,44.06533],[17.16458,44.07731],[17.16198,44.08436],[17.16675,44.0962],[17.1733,44.10555],[17.17548,44.11237],[17.18088,44.12337],[17.17866,44.13071],[17.17786,44.13739],[17.17605,44.1445],[17.16935,44.15612],[17.16805,44.1702],[17.15957,44.18186],[17.15522,44.19371],[17.14622,44.2015],[17.13811,44.20535],[17.12859,44.21174],[17.12122,44.21815],[17.11375,44.22405],[17.10748,44.22952],[17.10305,44.23774],[17.10329,44.24632],[17.10228,44.25997],[17.09774,44.27121],[17.08611,44.27918]]}},{"type":"Feature","properties":{"n":"Ad Matricem-Apeva"},"geometry":{"type":"LineString","coordinates":[[17.08611,44.27918],[17.08792,44.28118],[17.09105,44.28469],[17.09443,44.28619],[17.09866,44.28782],[17.1027,44.28852],[17.10708,44.2899],[17.1099,44.29177],[17.11305,44.29258],[17.11674,44.29799],[17.12101,44.29964],[17.12208,44.30041],[17.12375,44.30132],[17.1241,44.30285],[17.12503,44.30462],[17.12727,44.30603],[17.13032,44.30824],[17.13291,44.3088],[17.13567,44.30985],[17.13958,44.31254],[17.14174,44.31582],[17.14376,44.31525],[17.14607,44.31638],[17.1473,44.31775],[17.15209,44.31861],[17.15244,44.32102],[17.154,44.32496],[17.15373,44.32784],[17.15588,44.32986],[17.15752,44.33255],[17.15893,44.337],[17.1595,44.33847],[17.16103,44.34131],[17.16308,44.344],[17.16485,44.34677],[17.16671,44.34965],[17.16779,44.35012]]}},{"type":"Feature","properties":{"n":"Tilurium-Sujica"},"geometry":{"type":"LineString","coordinates":[[17.18745,43.83307],[17.18832,43.83201],[17.189,43.83136],[17.19075,43.82897],[17.1918,43.82807],[17.19254,43.8273],[17.19252,43.82624],[17.19233,43.82503],[17.19263,43.82437],[17.19332,43.82336],[17.1933,43.82257],[17.19336,43.82131],[17.19369,43.82076],[17.19455,43.81976],[17.19551,43.81807],[17.19669,43.81744],[17.19885,43.81635],[17.20027,43.81491],[17.20144,43.81382],[17.20321,43.81246],[17.20363,43.81145],[17.20367,43.80995],[17.20366,43.80717],[17.20419,43.80619],[17.20469,43.80497],[17.20492,43.80304],[17.2048,43.80197],[17.20582,43.80097],[17.20682,43.80082],[17.20824,43.8009],[17.20923,43.80005],[17.2101,43.79854],[17.21225,43.79781],[17.21346,43.79747],[17.21495,43.79588],[17.21589,43.79511],[17.21758,43.79424],[17.21882,43.79331],[17.21956,43.79141],[17.22199,43.78828],[17.22304,43.78684],[17.22345,43.7859],[17.22404,43.78366],[17.22448,43.78259],[17.22592,43.77879],[17.22664,43.77792],[17.2278,43.77638],[17.22934,43.77531],[17.23156,43.77457],[17.23263,43.77407],[17.23334,43.77288],[17.23407,43.77025],[17.23471,43.76884],[17.23471,43.76884]]}},{"type":"Feature","properties":{"n":"Tilurium-Sujica"},"geometry":{"type":"LineString","coordinates":[[17.06819,43.63464],[17.0581,43.63175],[17.04915,43.62939],[17.04316,43.62512],[17.03617,43.62057],[17.02227,43.62064],[17.0179,43.61543],[17.01119,43.61359],[17.00567,43.61167],[16.99697,43.6088],[16.98916,43.60576],[16.97918,43.60607],[16.96671,43.60983],[16.94479,43.61658],[16.92448,43.6098],[16.89481,43.60906],[16.87315,43.60921],[16.86417,43.60584],[16.8558,43.60839],[16.84624,43.60919],[16.83398,43.60731],[16.82564,43.6035],[16.81521,43.60656],[16.8083,43.61133],[16.80323,43.61609],[16.79691,43.61832],[16.79119,43.62212],[16.77716,43.62675],[16.76796,43.62975],[16.76179,43.63271],[16.75646,43.63318],[16.74915,43.63184],[16.74028,43.62645],[16.73006,43.61679]]}},{"type":"Feature","properties":{"n":"Tilurium-Sujica"},"geometry":{"type":"LineString","coordinates":[[17.23471,43.76884],[17.23678,43.76688],[17.23792,43.76598],[17.2379,43.7644],[17.23692,43.76377],[17.23591,43.76239]]}},{"type":"Feature","properties":{"n":"Tilurium-Sujica"},"geometry":{"type":"LineString","coordinates":[[17.23591,43.76239],[17.23004,43.75127],[17.22308,43.73686],[17.22302,43.72919],[17.22317,43.72313],[17.22555,43.71838],[17.2241,43.71365],[17.22142,43.70969],[17.21609,43.70745],[17.21277,43.70551],[17.20839,43.70311],[17.2022,43.70228],[17.19881,43.70353],[17.19414,43.70463],[17.18731,43.7055],[17.18137,43.709],[17.17486,43.70881],[17.16354,43.70544],[17.15615,43.70333],[17.14964,43.70253],[17.14276,43.70318],[17.13684,43.70248],[17.12778,43.70159],[17.12368,43.69752],[17.13168,43.68877],[17.13166,43.67966],[17.12689,43.67482],[17.1169,43.67765],[17.10495,43.68073],[17.09195,43.68247],[17.07657,43.68085],[17.07236,43.6729],[17.07322,43.6662],[17.08175,43.65361],[17.08103,43.64013],[17.07272,43.63467],[17.06819,43.63464]]}},{"type":"Feature","properties":{"n":"Bistua Nova-Gornji Vakuf"},"geometry":{"type":"LineString","coordinates":[[17.46317,44.05915],[17.46436,44.05768],[17.46514,44.05579],[17.46589,44.05413],[17.46584,44.05224],[17.46711,44.05002],[17.46728,44.04843],[17.46755,44.04741],[17.46884,44.04362],[17.47198,44.03711],[17.47366,44.03619],[17.47445,44.03467],[17.47774,44.03272],[17.48069,44.0299],[17.48174,44.02781],[17.48189,44.02333],[17.48358,44.01923],[17.48569,44.0163],[17.49073,44.01413],[17.49804,44.00643],[17.50769,44.00089],[17.50934,43.99438],[17.51028,43.99315],[17.51343,43.9931],[17.51737,43.99206],[17.52038,43.98835],[17.52409,43.98602],[17.52485,43.98356],[17.52794,43.97926],[17.53622,43.97198],[17.5414,43.96518],[17.5462,43.95723],[17.54791,43.95486],[17.5492,43.95205],[17.55208,43.94852],[17.55346,43.94668],[17.55346,43.94668]]}},{"type":"Feature","properties":{"n":"Bistua Nova-Gornji Vakuf"},"geometry":{"type":"LineString","coordinates":[[17.55346,43.94668],[17.55665,43.94568],[17.55973,43.9448],[17.56387,43.94414],[17.56747,43.94319],[17.56989,43.94258],[17.57451,43.94034],[17.579,43.94016],[17.58236,43.93972],[17.58551,43.93924]]}},{"type":"Feature","properties":{"n":"Cusum-Mursa"},"geometry":{"type":"LineString","coordinates":[[18.69676,45.55709],[18.7277,45.5508],[18.76627,45.53916],[18.79563,45.53948],[18.84917,45.52018],[18.90159,45.51878],[18.96242,45.50127],[18.97767,45.46131],[18.9779,45.4119],[18.97029,45.37279],[19.00446,45.34929],[19.04193,45.33002],[19.082,45.30632],[19.10347,45.28889],[19.16728,45.2613],[19.22111,45.24858],[19.25551,45.23571],[19.28026,45.23274],[19.29064,45.23255],[19.30627,45.22852],[19.3234,45.23035],[19.3386,45.22755],[19.35881,45.22361],[19.37289,45.2227],[19.37933,45.22391],[19.38547,45.22498],[19.39712,45.22393],[19.4071,45.21965],[19.41585,45.21733],[19.42531,45.21599],[19.44603,45.22358],[19.49654,45.22187],[19.52642,45.22439],[19.5356,45.22431],[19.54701,45.21979],[19.55295,45.21639],[19.56633,45.21148],[19.5754,45.2069],[19.5754,45.2069]]}},{"type":"Feature","properties":{"n":"Gensis-Loznica"},"geometry":{"type":"LineString","coordinates":[[19.22414,44.53533],[19.22659,44.53765],[19.23012,44.54232],[19.23127,44.54494],[19.23159,44.54829],[19.23146,44.55148],[19.23368,44.55395],[19.23594,44.55641],[19.23877,44.56063],[19.2398,44.56553],[19.24055,44.56922],[19.24217,44.57364],[19.24352,44.57579],[19.2483,44.57882],[19.25217,44.58034],[19.25548,44.5828],[19.2574,44.58677],[19.25851,44.59174],[19.2542,44.6018],[19.25447,44.60418],[19.25718,44.60729],[19.26128,44.61105],[19.26571,44.61774],[19.26834,44.62253],[19.27221,44.62856],[19.27367,44.63166],[19.27416,44.63446],[19.27663,44.63723],[19.27787,44.63809],[19.27952,44.64057],[19.28389,44.64325],[19.29092,44.64575],[19.29383,44.64715],[19.29717,44.6486],[19.29847,44.64912],[19.30093,44.65114],[19.30386,44.6519],[19.31083,44.65308],[19.31083,44.65308]]}},{"type":"Feature","properties":{"n":"Sirmium-Gensis"},"geometry":{"type":"LineString","coordinates":[[19.31083,44.65308],[19.32168,44.65793],[19.32969,44.66201],[19.33782,44.66793],[19.34497,44.67098],[19.35752,44.67718],[19.3664,44.68727],[19.37171,44.69029],[19.38237,44.69516],[19.39745,44.70419],[19.40884,44.70651],[19.4234,44.71009],[19.44444,44.7188],[19.45371,44.73023],[19.45973,44.73135],[19.46374,44.73325],[19.46442,44.73918],[19.46831,44.74353],[19.47035,44.74855],[19.47011,44.75831],[19.4718,44.76928],[19.47285,44.77341],[19.47359,44.77863],[19.47383,44.78336],[19.47458,44.78861],[19.47512,44.7948],[19.47361,44.79825],[19.47884,44.81543],[19.47832,44.82844],[19.50973,44.85414],[19.52274,44.86576],[19.52773,44.8723],[19.53637,44.87902],[19.53888,44.88711],[19.54717,44.90434],[19.54235,44.92144],[19.55266,44.92773],[19.56802,44.93245],[19.58051,44.94478],[19.59183,44.94936],[19.59564,44.95325],[19.60094,44.95709],[19.60094,44.95709]]}},{"type":"Feature","properties":{"n":"Segestica-Neviodunum"},"geometry":{"type":"LineString","coordinates":[[15.60499,45.89062],[15.6092,45.88794],[15.61165,45.88555],[15.61424,45.88219],[15.62052,45.87912],[15.6253,45.8782],[15.62827,45.87842],[15.6335,45.87761],[15.63611,45.87748],[15.63917,45.87677],[15.64353,45.87561],[15.64594,45.87569],[15.6488,45.87466],[15.65012,45.87398],[15.65291,45.87289],[15.6549,45.87177],[15.65838,45.8711],[15.66252,45.87082],[15.66504,45.86978],[15.66601,45.86841],[15.66811,45.86718],[15.66992,45.86572],[15.67426,45.86474],[15.67789,45.86141],[15.67845,45.85724],[15.68009,45.84961],[15.68643,45.84364],[15.6897,45.83254],[15.70903,45.80911],[15.72223,45.79878],[15.78621,45.79185],[15.8034,45.78698]]}},{"type":"Feature","properties":{"n":"Segestica-Neviodunum"},"geometry":{"type":"LineString","coordinates":[[15.83151,45.78352],[15.83662,45.77874],[15.84572,45.77664],[15.87427,45.76106],[15.89737,45.75979],[15.91533,45.76286],[15.92341,45.76176],[15.93362,45.76121],[15.93965,45.76013],[15.94055,45.75925],[15.94225,45.75879],[15.94459,45.75777],[15.94836,45.75604],[15.95058,45.75398],[15.97162,45.74739],[16.00934,45.73522],[16.0335,45.72799],[16.05262,45.72142],[16.06669,45.71705],[16.08382,45.7087],[16.09872,45.69911],[16.11574,45.68602],[16.11884,45.65501],[16.11423,45.63698],[16.11595,45.63407],[16.11662,45.63208],[16.12029,45.6265],[16.12503,45.62316],[16.12741,45.62186],[16.13227,45.62066],[16.13608,45.61879],[16.14018,45.61567],[16.15141,45.60529],[16.15227,45.60403],[16.15577,45.60241],[16.16642,45.59707],[16.17773,45.59162],[16.20441,45.58047],[16.22952,45.56001],[16.23737,45.55243],[16.26011,45.53812],[16.27001,45.53278],[16.27725,45.52564],[16.27972,45.52248],[16.29171,45.5162],[16.29569,45.50991],[16.3153,45.50598],[16.31937,45.50475],[16.33706,45.50125],[16.34213,45.50012],[16.36859,45.49606],[16.37094,45.49505],[16.37094,45.49505]]}},{"type":"Feature","properties":{"n":"Segestica-Neviodunum"},"geometry":{"type":"LineString","coordinates":[[15.8034,45.78698],[15.8145,45.78468],[15.83151,45.78352]]}},{"type":"Feature","properties":{"n":"Segestica-Ad Praetorium"},"geometry":{"type":"LineString","coordinates":[[16.35677,45.38783],[16.35586,45.38585],[16.35361,45.3854],[16.35184,45.38484],[16.34941,45.38214],[16.34765,45.38092],[16.34633,45.37908],[16.34926,45.37337],[16.35132,45.37103],[16.35146,45.36868],[16.35132,45.36724],[16.35801,45.3604],[16.36465,45.35718],[16.37181,45.35286],[16.37432,45.34586],[16.37923,45.3429],[16.38266,45.33941],[16.38766,45.33482],[16.39498,45.33113],[16.40056,45.32811],[16.40622,45.32571],[16.40963,45.32734],[16.41713,45.32876],[16.42904,45.32946],[16.43312,45.33082],[16.43961,45.3274],[16.44558,45.33232],[16.44874,45.33272],[16.45618,45.32687],[16.46274,45.32289],[16.46801,45.31459],[16.48728,45.3063],[16.50478,45.3053],[16.5223,45.30582],[16.54097,45.31283],[16.5531,45.31467],[16.55742,45.31455]]}},{"type":"Feature","properties":{"n":"Segestica-Ad Praetorium"},"geometry":{"type":"LineString","coordinates":[[16.55742,45.31455],[16.56303,45.31387],[16.56648,45.31243],[16.57069,45.31063],[16.57383,45.30853],[16.57535,45.30754],[16.57862,45.30708],[16.58284,45.30555],[16.58576,45.3015],[16.58711,45.29991],[16.59024,45.29961],[16.59357,45.29759],[16.59672,45.29625],[16.59842,45.2957],[16.60118,45.29359],[16.60232,45.29225],[16.60441,45.29144],[16.60568,45.2906],[16.60727,45.29007],[16.613,45.2851],[16.61501,45.28259],[16.61969,45.28019],[16.62406,45.27692],[16.62682,45.27453],[16.62673,45.2715],[16.62712,45.26923],[16.62753,45.26656],[16.62819,45.26467],[16.62878,45.26392],[16.6292,45.26122],[16.63104,45.25983],[16.63104,45.25983]]}},{"type":"Feature","properties":{"n":"Segestica-Ad Praetorium"},"geometry":{"type":"LineString","coordinates":[[16.63104,45.25983],[16.63281,45.25841],[16.63921,45.25258],[16.64283,45.24931],[16.64914,45.24582],[16.65323,45.24397],[16.65607,45.24012],[16.66176,45.23689],[16.66524,45.23503],[16.66821,45.23465],[16.67461,45.2313],[16.67974,45.22822],[16.68282,45.22501],[16.68471,45.2245],[16.68918,45.22474],[16.68973,45.22423],[16.6915,45.22405],[16.693,45.22364],[16.69647,45.22315],[16.69986,45.22213],[16.70281,45.22094],[16.70347,45.2199],[16.70499,45.21975],[16.7095,45.22022],[16.71068,45.22003],[16.71195,45.21908],[16.71356,45.21924],[16.7155,45.21985],[16.7172,45.21994],[16.71844,45.2195],[16.72005,45.2184],[16.72287,45.21773],[16.72539,45.21636],[16.72692,45.21539],[16.72793,45.21367],[16.73051,45.21282],[16.73229,45.21248],[16.73476,45.21261],[16.73802,45.21132],[16.73971,45.21121],[16.74121,45.21177],[16.74378,45.212],[16.74729,45.21129],[16.74919,45.21075],[16.75113,45.21078],[16.7526,45.21047],[16.75319,45.21007],[16.75319,45.21007]]}},{"type":"Feature","properties":{"n":"Segestica-Ad Praetorium"},"geometry":{"type":"LineString","coordinates":[[16.75319,45.21007],[16.75394,45.20957],[16.75574,45.20948],[16.75883,45.20782],[16.76226,45.20665],[16.76629,45.20544],[16.76886,45.20357],[16.77179,45.20244],[16.77766,45.20051],[16.77953,45.19994],[16.78128,45.19765],[16.78332,45.19687],[16.7856,45.19568],[16.78897,45.19459],[16.78911,45.1938],[16.79097,45.19298],[16.79239,45.19199],[16.79415,45.19035],[16.7994,45.18874]]}},{"type":"Feature","properties":{"n":"Ad Praetorium-Urbate"},"geometry":{"type":"LineString","coordinates":[[16.7994,45.18874],[16.80285,45.187],[16.80385,45.18615],[16.80389,45.18478],[16.80369,45.18386],[16.80601,45.1837],[16.80833,45.18425],[16.81169,45.18388],[16.81654,45.18361],[16.81845,45.1841],[16.82629,45.18507],[16.82925,45.18604],[16.83181,45.18654]]}},{"type":"Feature","properties":{"n":"Ad Praetorium-Urbate"},"geometry":{"type":"LineString","coordinates":[[17.21378,45.11931],[17.21576,45.12127],[17.22643,45.12749],[17.23585,45.13445],[17.23892,45.13678],[17.25013,45.14351]]}},{"type":"Feature","properties":{"n":"Ad Praetorium-Urbate"},"geometry":{"type":"LineString","coordinates":[[16.83181,45.18654],[16.84564,45.15796],[16.85857,45.14445],[16.87292,45.13803],[16.88249,45.1328],[16.89098,45.13134],[16.90822,45.12934],[16.92182,45.13283],[16.92839,45.13349],[16.94109,45.13582],[16.95349,45.13414],[16.96571,45.12892],[16.97382,45.12441],[16.98082,45.12199],[16.98836,45.12146],[16.99258,45.12163],[17.0007,45.12416],[17.007,45.12498],[17.01226,45.12517],[17.0181,45.12374],[17.02437,45.12198],[17.02942,45.12061],[17.03997,45.12041],[17.04452,45.1241],[17.04833,45.1273],[17.05489,45.12913],[17.06186,45.12981],[17.07089,45.12372],[17.08434,45.11861],[17.10519,45.10679],[17.11743,45.1],[17.12879,45.09844],[17.1591,45.10699],[17.19458,45.11533],[17.21378,45.11931]]}},{"type":"Feature","properties":{"n":"Marsonia-Urbate"},"geometry":{"type":"LineString","coordinates":[[17.51535,45.09736],[17.52273,45.09989],[17.52474,45.10178],[17.52871,45.10465],[17.52914,45.10592],[17.5314,45.10635],[17.53407,45.10621],[17.5371,45.10615],[17.53949,45.10621],[17.54268,45.10583],[17.5519,45.10602],[17.5549,45.10695],[17.55705,45.10733],[17.55909,45.10745],[17.56366,45.10783],[17.56555,45.10807],[17.56912,45.10784],[17.57418,45.1068],[17.57767,45.10544],[17.57994,45.10507],[17.58248,45.10449],[17.58523,45.10404],[17.5878,45.10377],[17.59187,45.10475],[17.59888,45.10474],[17.60704,45.10382],[17.61293,45.10415],[17.61672,45.1057],[17.6189,45.10661],[17.62169,45.10954],[17.62546,45.11228],[17.62782,45.1159],[17.62888,45.11775],[17.63202,45.11984],[17.63384,45.12161],[17.63604,45.12201],[17.63873,45.12296],[17.64054,45.12485],[17.6474,45.12813],[17.6554,45.1307],[17.66281,45.1317],[17.66814,45.13162],[17.67063,45.13113],[17.67063,45.13113]]}},{"type":"Feature","properties":{"n":"Marsonia-Urbate"},"geometry":{"type":"LineString","coordinates":[[17.7097,45.16939],[17.72825,45.17184],[17.75461,45.16593],[17.76102,45.16251],[17.77718,45.15903],[17.78341,45.16012],[17.78867,45.16252],[17.80221,45.16886],[17.80543,45.16948],[17.81325,45.16884],[17.81693,45.16852],[17.82265,45.16897],[17.82742,45.17009],[17.83474,45.17211],[17.8422,45.17454],[17.8511,45.17737],[17.85698,45.17799],[17.8656,45.1785],[17.89527,45.18559],[17.90943,45.19059],[17.91603,45.18903],[17.92367,45.18516],[17.93327,45.18193],[17.94141,45.18029],[17.94607,45.17942],[17.94953,45.17904],[17.96095,45.1785],[17.96882,45.17895],[17.97441,45.17804],[17.97889,45.17555],[17.98148,45.17298],[17.99969,45.16488],[18.00494,45.16271],[18.01199,45.15588],[18.0142,45.15554]]}},{"type":"Feature","properties":{"n":"Marsonia-Urbate"},"geometry":{"type":"LineString","coordinates":[[17.67063,45.13113],[17.67122,45.13211],[17.67296,45.13457],[17.67595,45.13654],[17.67653,45.1383],[17.67677,45.14028],[17.67748,45.14188],[17.6775,45.14224],[17.67666,45.14328],[17.67644,45.14419],[17.67561,45.14588],[17.67478,45.15178],[17.6751,45.1521],[17.68444,45.15699],[17.69324,45.16173],[17.69879,45.16482],[17.70089,45.16622],[17.70255,45.1671],[17.70689,45.16858],[17.7097,45.16939]]}},{"type":"Feature","properties":{"n":"Mracaj"},"geometry":{"type":"LineString","coordinates":[[16.55742,45.31455],[16.55729,45.30785],[16.55838,45.30518],[16.55652,45.29957],[16.55722,45.29538],[16.55629,45.29194],[16.55652,45.28802],[16.55574,45.28551],[16.55629,45.283],[16.55551,45.27859],[16.55404,45.27586],[16.55389,45.27074],[16.55311,45.26698],[16.55203,45.26158],[16.5504,45.25847],[16.55241,45.25585],[16.55613,45.25433],[16.56303,45.25378],[16.56744,45.25214],[16.57046,45.25056],[16.57306,45.24863],[16.57632,45.24909],[16.58503,45.25111],[16.58913,45.25362],[16.59471,45.25394],[16.60052,45.2552],[16.60447,45.25634],[16.60858,45.25613],[16.61113,45.257],[16.61175,45.25885],[16.61601,45.26043],[16.62182,45.26065],[16.62655,45.25994],[16.63104,45.25983],[16.63104,45.25983]]}},{"type":"Feature","properties":{"n":"Urbate-Servitium"},"geometry":{"type":"LineString","coordinates":[[17.21378,45.11931],[17.21479,45.11619],[17.21342,45.11422],[17.20984,45.11191],[17.20631,45.10957],[17.20573,45.10824],[17.20621,45.10708],[17.20819,45.10377],[17.20895,45.10266],[17.21437,45.10415],[17.23011,45.10612],[17.23222,45.10615],[17.23685,45.1076],[17.25776,45.1089],[17.26413,45.10968],[17.26918,45.10935],[17.2755,45.11087],[17.27718,45.11269],[17.27824,45.11426],[17.28156,45.11507],[17.28319,45.11489],[17.28792,45.11522]]}},{"type":"Feature","properties":{"n":"Urbate-Servitium"},"geometry":{"type":"LineString","coordinates":[[17.28792,45.11522],[17.29224,45.11552],[17.30288,45.11611],[17.30983,45.11433],[17.32289,45.10913],[17.33226,45.10749],[17.35269,45.10229],[17.36557,45.09729],[17.40448,45.09313],[17.40971,45.09248],[17.41666,45.09229],[17.41919,45.09185],[17.42288,45.0904],[17.43007,45.08881],[17.43573,45.08851],[17.44362,45.08717],[17.44718,45.08676],[17.4522,45.08787],[17.46337,45.08664],[17.46531,45.08608],[17.46742,45.08649],[17.469,45.08616],[17.47147,45.0853],[17.47358,45.08452],[17.47432,45.08337],[17.4759,45.08289],[17.47637,45.08363],[17.47921,45.08348],[17.48358,45.08348],[17.48606,45.08553],[17.49226,45.0877],[17.49811,45.09096],[17.50275,45.09221],[17.50814,45.09398],[17.51535,45.09736],[17.51535,45.09736]]}},{"type":"Feature","properties":{"n":"Neviodunum"},"geometry":{"type":"LineString","coordinates":[[15.19055,45.82566],[15.19151,45.82007],[15.1966,45.81771],[15.20005,45.81631],[15.20281,45.81236],[15.2048,45.80875],[15.20877,45.8107],[15.2162,45.81548],[15.21806,45.81629],[15.2197,45.81565],[15.22166,45.81531],[15.22365,45.81604],[15.2279,45.81757],[15.23801,45.8212],[15.24588,45.82312],[15.2467,45.82633],[15.2483,45.83112],[15.25022,45.83303],[15.2569,45.83391],[15.26008,45.8333],[15.26061,45.83538],[15.26365,45.83518],[15.27198,45.83574],[15.27564,45.83398],[15.28026,45.83858],[15.28639,45.84033],[15.29027,45.84157],[15.29366,45.84417],[15.30617,45.84339],[15.3198,45.84203],[15.33409,45.8421],[15.38127,45.85373],[15.41145,45.84725],[15.41918,45.84369],[15.41775,45.84892],[15.41775,45.84892]]}},{"type":"Feature","properties":{"n":"Neviodunum"},"geometry":{"type":"LineString","coordinates":[[15.45585,45.87026],[15.47708,45.88209],[15.47933,45.88277],[15.48175,45.88337],[15.48422,45.88463],[15.48579,45.8853],[15.48849,45.88576],[15.49174,45.8861],[15.49522,45.88508],[15.49622,45.88283],[15.49712,45.88156],[15.49824,45.8812],[15.50383,45.88214],[15.52056,45.88437],[15.5594,45.88991],[15.56848,45.89109]]}},{"type":"Feature","properties":{"n":"Neviodunum"},"geometry":{"type":"LineString","coordinates":[[15.41775,45.84892],[15.42018,45.85094],[15.42241,45.85174],[15.42408,45.85245],[15.42515,45.85281],[15.42634,45.85406],[15.42761,45.85451],[15.4305,45.8547],[15.43441,45.85664],[15.43753,45.85941],[15.4386,45.86067],[15.44205,45.86298],[15.45585,45.87026]]}},{"type":"Feature","properties":{"n":"Crucium"},"geometry":{"type":"LineString","coordinates":[[15.36696,45.88179],[15.36964,45.88047],[15.37275,45.88062],[15.37559,45.88072],[15.37689,45.88091],[15.37798,45.88136],[15.37945,45.88107],[15.37968,45.87989],[15.3804,45.87942],[15.38112,45.87891],[15.38145,45.87814],[15.38184,45.87777],[15.38233,45.87753],[15.384,45.87394],[15.38424,45.87259],[15.38458,45.87159],[15.38544,45.87012],[15.38677,45.86897],[15.39072,45.86792],[15.39316,45.86743],[15.39491,45.86668],[15.39714,45.86638],[15.39837,45.86613],[15.40009,45.8655],[15.4009,45.8646],[15.4013,45.86379],[15.40114,45.86322],[15.40028,45.86238],[15.39995,45.8618],[15.40004,45.86137],[15.40035,45.86057],[15.40021,45.86024],[15.39962,45.85974],[15.39939,45.85935],[15.40055,45.85704],[15.40109,45.85655],[15.40337,45.8553],[15.40406,45.85501],[15.40655,45.85462],[15.41013,45.85281],[15.41515,45.85135],[15.4155,45.84978],[15.41775,45.84892],[15.41775,45.84892]]}},{"type":"Feature","properties":{"n":"Virunum-Celeia"},"geometry":{"type":"LineString","coordinates":[[15.36652,46.36333],[15.34798,46.36877],[15.33895,46.37438],[15.32757,46.38166],[15.30867,46.38594],[15.29735,46.38418],[15.29775,46.39159],[15.28871,46.39883],[15.28333,46.40088],[15.27393,46.40359],[15.25635,46.40566],[15.24904,46.41123],[15.24168,46.41224],[15.2271,46.41787],[15.21779,46.42601],[15.20971,46.43356],[15.20424,46.44024],[15.19197,46.44608],[15.17904,46.45404],[15.16783,46.45919],[15.16178,46.46268],[15.15541,46.46709],[15.14878,46.46802],[15.13648,46.47039],[15.12867,46.47753],[15.12106,46.48255],[15.10943,46.49094],[15.08664,46.50283],[15.08503,46.51828],[15.08131,46.53117],[15.07013,46.54098],[15.05078,46.55035],[15.03983,46.56427],[15.03568,46.56751]]}},{"type":"Feature","properties":{"n":"Virunum-Celeia"},"geometry":{"type":"LineString","coordinates":[[14.50366,46.64978],[14.49565,46.65259],[14.48966,46.65525],[14.47902,46.65822],[14.47373,46.65986],[14.46775,46.6611],[14.45623,46.66321],[14.45173,46.66498],[14.44028,46.66635],[14.43385,46.66659],[14.42813,46.668],[14.42057,46.67292],[14.42182,46.67554],[14.42242,46.67777],[14.42033,46.68028],[14.41822,46.6832],[14.41617,46.6848],[14.40909,46.6879],[14.40438,46.69042],[14.40422,46.69191],[14.39832,46.6944],[14.39391,46.6955],[14.38924,46.69654],[14.38059,46.69676],[14.37159,46.69537],[14.36717,46.69475],[14.36437,46.69224],[14.3599,46.69138],[14.35669,46.69031],[14.35305,46.68944],[14.34482,46.69046],[14.34482,46.69046]]}},{"type":"Feature","properties":{"n":"Virunum-Celeia"},"geometry":{"type":"LineString","coordinates":[[15.03568,46.56751],[15.01182,46.56874],[14.99758,46.56197],[14.98952,46.5557],[14.9815,46.55015],[14.97071,46.54761],[14.95084,46.54857],[14.93495,46.54877],[14.91824,46.54898],[14.91049,46.543],[14.90088,46.5468],[14.88832,46.54862],[14.87736,46.55281],[14.8648,46.55782],[14.85479,46.56256],[14.84293,46.56594],[14.82212,46.56862],[14.79641,46.57229],[14.73983,46.57836],[14.72704,46.57699],[14.70733,46.56952],[14.68847,46.56918],[14.66756,46.56872],[14.65507,46.57583],[14.63675,46.59224],[14.62391,46.59775],[14.60869,46.61153],[14.58963,46.61472],[14.57099,46.61466],[14.55926,46.61681],[14.54808,46.61864],[14.54551,46.62829],[14.54316,46.63153],[14.50883,46.64726],[14.50366,46.64978]]}},{"type":"Feature","properties":{"n":"Lausaba-Ninia"},"geometry":{"type":"LineString","coordinates":[[16.36736,44.18838],[16.36134,44.1851],[16.35471,44.18407],[16.34175,44.18341],[16.33816,44.18122],[16.33367,44.17887],[16.32816,44.17598],[16.32202,44.17269],[16.316,44.17002],[16.30271,44.16845],[16.29455,44.1684],[16.28359,44.16859],[16.27674,44.16909],[16.26888,44.16446],[16.26003,44.1627],[16.25867,44.15551],[16.25864,44.15001],[16.2514,44.14402],[16.2536,44.14202],[16.24724,44.13799],[16.24063,44.12484],[16.22986,44.11227],[16.22735,44.09859],[16.22897,44.09269],[16.22837,44.0894],[16.22505,44.08616],[16.22191,44.08216],[16.2167,44.07561],[16.21245,44.06772],[16.20323,44.0582],[16.19617,44.04883],[16.1959,44.04395]]}},{"type":"Feature","properties":{"n":"Lausaba-Ninia"},"geometry":{"type":"LineString","coordinates":[[16.36736,44.18838],[16.36779,44.18719],[16.36757,44.18623],[16.36754,44.18551],[16.36712,44.18489],[16.36715,44.18356],[16.36771,44.18219],[16.36838,44.18105],[16.37041,44.17733],[16.37174,44.17582],[16.37187,44.17419],[16.37174,44.17336],[16.37223,44.17258],[16.3733,44.17197],[16.37399,44.1709],[16.37445,44.17029],[16.37542,44.16952],[16.3759,44.16843],[16.37687,44.16737],[16.37806,44.16528],[16.37983,44.16354]]}},{"type":"Feature","properties":{"n":"Salvia-Sabria"},"geometry":{"type":"LineString","coordinates":[[16.8204,44.07188],[16.82144,44.06993],[16.82391,44.06474],[16.82852,44.05874],[16.83261,44.05362],[16.83593,44.05152],[16.83957,44.05178],[16.84289,44.04968],[16.8438,44.04832],[16.84788,44.04577],[16.84935,44.0447]]}},{"type":"Feature","properties":{"n":"Neviodunum"},"geometry":{"type":"LineString","coordinates":[[15.45585,45.87026],[15.45392,45.87437],[15.45303,45.87847],[15.45254,45.88321],[15.45261,45.88516],[15.45347,45.88694],[15.45434,45.88908],[15.45528,45.89084],[15.45616,45.89356],[15.45953,45.89694],[15.45993,45.89859],[15.46176,45.90298],[15.46292,45.90449],[15.4691,45.91287],[15.47257,45.91791]]}},{"type":"Feature","properties":{"n":"Ragundone-Kerestinec"},"geometry":{"type":"LineString","coordinates":[[15.83151,45.78352],[15.83235,45.78457],[15.84411,45.78653],[15.85029,45.78985],[15.85813,45.79377],[15.86461,45.79663],[15.87381,45.79693],[15.8818,45.79678],[15.89024,45.79724],[15.89544,45.79771]]}},{"type":"Feature","properties":{"n":"Ragundone-Kerestinec"},"geometry":{"type":"LineString","coordinates":[[15.89544,45.79771],[15.91105,45.79678],[15.92748,45.79603],[15.94135,45.79437],[15.9565,45.7988],[15.99365,45.80614],[16.02486,45.81422],[16.07122,45.82184],[16.10216,45.82635],[16.11562,45.82364]]}},{"type":"Feature","properties":{"n":"Ragundone-Kerestinec"},"geometry":{"type":"LineString","coordinates":[[16.11562,45.82364],[16.13695,45.81874],[16.14448,45.81648],[16.1788,45.80839],[16.21752,45.80172],[16.23066,45.80146]]}},{"type":"Feature","properties":{"n":"Gleisdorf-east"},"geometry":{"type":"LineString","coordinates":[[16.5377,47.00008],[16.53376,46.99257],[16.50785,46.98007],[16.46259,46.96766],[16.41921,46.9694],[16.39672,46.97052],[16.38977,46.97232],[16.38534,46.97334],[16.366,46.97698],[16.35246,46.97777],[16.32947,46.97904],[16.30212,46.98042],[16.29514,46.98024],[16.27757,46.98422],[16.26377,46.98501],[16.25945,46.98796],[16.24879,46.99022],[16.22669,46.9964],[16.21985,46.99905],[16.1963,47.00806],[16.1429,47.02558],[16.13402,47.03709],[16.12381,47.04676],[16.11936,47.05258],[16.10778,47.05437],[16.09751,47.05247],[16.08564,47.05015],[16.06254,47.06086],[16.04785,47.06504],[16.0458,47.06666],[16.0288,47.06681],[16.01202,47.06925],[15.9927,47.0777],[15.97807,47.07337],[15.95485,47.08273],[15.93314,47.08626],[15.92614,47.08647],[15.92614,47.08647]]}},{"type":"Feature","properties":{"n":"Gleisdorf-north"},"geometry":{"type":"LineString","coordinates":[[15.79075,47.62087],[15.81042,47.60702],[15.83203,47.58254],[15.82987,47.57983],[15.81814,47.57294],[15.81314,47.57191],[15.80825,47.56318],[15.80375,47.55571],[15.8079,47.55095],[15.79398,47.53371],[15.76821,47.51345],[15.75007,47.49548],[15.72918,47.48476],[15.70683,47.46573],[15.694,47.43807],[15.69319,47.41987],[15.70241,47.40885],[15.70046,47.38975],[15.69161,47.37714],[15.69759,47.3583],[15.69486,47.3527],[15.69911,47.33925],[15.69223,47.3302],[15.69462,47.31226],[15.69249,47.2981],[15.69455,47.27164],[15.6969,47.24944],[15.69163,47.23805],[15.67891,47.23044],[15.66577,47.21881],[15.66262,47.16824],[15.70334,47.1051]]}},{"type":"Feature","properties":{"n":"Savaria-west"},"geometry":{"type":"LineString","coordinates":[[16.06311,47.45969],[16.07303,47.45258],[16.07588,47.44311],[16.08096,47.43598],[16.08262,47.43448],[16.07552,47.43505],[16.08554,47.42913],[16.09433,47.42055],[16.09992,47.41605],[16.09759,47.41174],[16.10018,47.40372],[16.10509,47.3962],[16.12427,47.37551],[16.1308,47.36629],[16.13516,47.35489],[16.1419,47.34509],[16.16807,47.32755],[16.2141,47.28933],[16.22228,47.28278],[16.2948,47.24885],[16.31822,47.2513],[16.34854,47.25512],[16.37406,47.26123],[16.38801,47.27284],[16.44498,47.27438],[16.45033,47.26233],[16.47431,47.25129],[16.48896,47.24586],[16.53387,47.24534],[16.5553,47.24923],[16.57033,47.24662],[16.58454,47.24579],[16.59389,47.23955],[16.60277,47.23929],[16.61051,47.23308],[16.61464,47.2332],[16.61737,47.22946],[16.61737,47.22946]]}},{"type":"Feature","properties":{"n":"Ilz-Wiesenh\u00f6f"},"geometry":{"type":"LineString","coordinates":[[16.06311,47.45969],[16.06371,47.45244],[16.06729,47.44859],[16.06484,47.44413],[16.06069,47.44017],[16.05598,47.44265],[16.04998,47.43698],[16.03484,47.42827],[16.02973,47.42716],[16.02385,47.41877],[16.02031,47.41571],[16.01777,47.40932],[16.0172,47.40037],[16.02286,47.38897],[16.03268,47.38081],[16.03352,47.37477],[16.00975,47.34678],[15.99686,47.34052],[15.99113,47.33084],[15.98347,47.30689],[15.98869,47.29204],[15.98286,47.27896],[15.99679,47.24726],[15.99081,47.193],[15.98469,47.18754],[15.97418,47.18257],[15.96904,47.17882],[15.97691,47.17074],[15.95548,47.16217],[15.93749,47.14861],[15.9278,47.13646],[15.91885,47.1229],[15.91549,47.11309],[15.92807,47.09274],[15.92614,47.08647]]}},{"type":"Feature","properties":{"n":"Mine-south"},"geometry":{"type":"LineString","coordinates":[[15.1148,47.38861],[15.10086,47.38776],[15.09497,47.38922],[15.09036,47.38641],[15.08736,47.38308],[15.08485,47.37659],[15.07944,47.37824],[15.07063,47.38089],[15.05452,47.38677],[15.04704,47.38945],[15.03467,47.39675],[15.0309,47.40469],[15.0032,47.42678],[14.99764,47.45087],[14.9955,47.45745],[14.98811,47.46836],[14.98787,47.47807],[14.98895,47.48059],[14.98924,47.48336],[14.99322,47.48772],[14.99144,47.49426],[14.98738,47.49925],[14.98374,47.50368],[14.97398,47.51264],[14.96642,47.51662],[14.95875,47.51473],[14.9515,47.52014],[14.94126,47.52707],[14.93581,47.52785],[14.93003,47.52921],[14.92566,47.52554],[14.90845,47.51828],[14.90845,47.51828]]}},{"type":"Feature","properties":{"n":"Braunau-Ovilava"},"geometry":{"type":"LineString","coordinates":[[13.02763,48.26756],[13.04571,48.25225],[13.08837,48.25162],[13.12984,48.25541],[13.17094,48.254],[13.2048,48.25023],[13.2269,48.24903],[13.27274,48.23767],[13.29692,48.22466],[13.35362,48.21238],[13.37987,48.20382],[13.41611,48.20768],[13.43663,48.20771],[13.45683,48.2059],[13.49733,48.20087],[13.52794,48.19654],[13.54488,48.19284],[13.57155,48.19288],[13.60863,48.19927],[13.6454,48.19523],[13.713,48.17518],[13.79818,48.18061],[13.82137,48.17808],[13.85677,48.17599],[13.89092,48.18112],[13.91358,48.18852],[13.92902,48.19292],[13.95491,48.18866],[13.97383,48.18248],[13.99249,48.17287],[14.0162,48.16209],[14.02698,48.16157]]}},{"type":"Feature","properties":{"n":"Turum-T\u00f6ging"},"geometry":{"type":"LineString","coordinates":[[12.16369,48.16536],[12.16778,48.16535],[12.18337,48.16748],[12.18834,48.16744],[12.19724,48.16585],[12.20256,48.16588],[12.21605,48.16971],[12.23198,48.17004],[12.23587,48.1719],[12.23994,48.178],[12.24346,48.18016],[12.24647,48.18076],[12.25609,48.18204],[12.26168,48.18421],[12.27876,48.19759],[12.28485,48.20123],[12.28808,48.20415],[12.28937,48.20636],[12.29062,48.20985],[12.2915,48.2112],[12.2938,48.21288],[12.30065,48.21494],[12.32036,48.23148],[12.32803,48.23549],[12.34153,48.23656],[12.34987,48.23904],[12.35355,48.24188],[12.35688,48.2478],[12.38498,48.25095],[12.39697,48.25004],[12.41176,48.24627],[12.42041,48.24681],[12.44095,48.25207],[12.44663,48.25617],[12.45475,48.2559],[12.46794,48.25273],[12.47424,48.25015],[12.48903,48.24922],[12.52741,48.24829],[12.53877,48.24755],[12.5429,48.24801],[12.54732,48.24745],[12.56636,48.24597],[12.58058,48.25184],[12.585,48.25427],[12.58683,48.25452],[12.58683,48.25452]]}},{"type":"Feature","properties":{"n":"T\u00f6ging-north"},"geometry":{"type":"LineString","coordinates":[[12.58683,48.25452],[12.58,48.26355],[12.57564,48.27584],[12.57494,48.2798],[12.57896,48.28846],[12.58299,48.29589],[12.59132,48.29901],[12.59996,48.3055],[12.61251,48.31619],[12.61941,48.32381],[12.63826,48.3276],[12.64789,48.33432],[12.662,48.33782],[12.68072,48.33758],[12.7011,48.34221],[12.7246,48.35033],[12.74786,48.35301],[12.77509,48.35445],[12.78566,48.35261],[12.79223,48.35539],[12.8017,48.36501],[12.81848,48.37265],[12.83779,48.3754],[12.84768,48.37692],[12.86012,48.37939],[12.87885,48.38328],[12.88579,48.38208],[12.90294,48.38223],[12.91236,48.38553],[12.92607,48.39654],[12.93398,48.40322],[12.94354,48.40969],[12.94244,48.42187],[12.94288,48.42257]]}},{"type":"Feature","properties":{"n":"Noreia-southeast"},"geometry":{"type":"LineString","coordinates":[[14.44601,47.05256],[14.48771,47.03866],[14.52395,47.00509],[14.53601,46.99072],[14.53507,46.97608],[14.53234,46.95573],[14.54703,46.94166],[14.54711,46.92732],[14.54851,46.91823],[14.54927,46.90154],[14.54994,46.89095],[14.54216,46.87462],[14.53643,46.85345],[14.53871,46.83579],[14.55608,46.81202],[14.55757,46.80269],[14.5397,46.76655],[14.52823,46.73895],[14.55418,46.72128],[14.56933,46.70062],[14.58301,46.7011],[14.6342,46.69071],[14.67096,46.69534],[14.72736,46.70268],[14.74609,46.7183],[14.74749,46.7236],[14.75836,46.73489],[14.77862,46.72608],[14.7849,46.72461],[14.80659,46.71317],[14.84682,46.6914],[14.87706,46.70064]]}},{"type":"Feature","properties":{"n":"Colatio-north"},"geometry":{"type":"LineString","coordinates":[[14.78651,47.21303],[14.75465,47.19023],[14.75011,47.17607],[14.73687,47.16037],[14.73698,47.14482],[14.7377,47.12755],[14.71604,47.11723],[14.68891,47.09652],[14.69732,47.07018],[14.71037,47.05677],[14.72498,47.03857],[14.73191,47.02354],[14.75928,46.9962],[14.7768,46.97889],[14.7835,46.96836],[14.81142,46.94874],[14.83171,46.92765],[14.84225,46.91958],[14.84427,46.91275],[14.84196,46.90356],[14.85169,46.90033],[14.86959,46.89046],[14.86905,46.88244],[14.87562,46.87349],[14.86255,46.85917],[14.84759,46.85081],[14.83958,46.82923],[14.82349,46.7811],[14.82198,46.76508],[14.83063,46.73693],[14.85712,46.71367],[14.87706,46.70064]]}},{"type":"Feature","properties":{"n":"Feldbach-south"},"geometry":{"type":"LineString","coordinates":[[15.88049,46.95836],[15.88783,46.95264],[15.88829,46.94875],[15.88442,46.94495],[15.87828,46.93925],[15.87093,46.9355],[15.86396,46.93141],[15.86022,46.92591],[15.85641,46.92257],[15.85438,46.92102],[15.85476,46.91902],[15.85682,46.91389],[15.85684,46.90727],[15.85181,46.90122],[15.84848,46.89674],[15.85274,46.89026],[15.85243,46.88566],[15.85214,46.87979],[15.85171,46.87414],[15.85621,46.86549],[15.85688,46.86233],[15.85946,46.85699],[15.86288,46.83977],[15.86335,46.83184],[15.86769,46.82549],[15.86793,46.82068],[15.86867,46.81319],[15.86926,46.80788],[15.87015,46.80546],[15.8706,46.80338],[15.87049,46.80043],[15.87027,46.79695],[15.87216,46.79553]]}},{"type":"Feature","properties":{"n":"Celeia-Zagreb"},"geometry":{"type":"LineString","coordinates":[[15.89544,45.79771],[15.86904,45.81199],[15.82763,45.86033],[15.81641,45.89708],[15.81963,45.93136],[15.8456,45.98165],[15.91008,46.04386],[15.90909,46.06816],[15.90567,46.08922],[15.8936,46.11138],[15.88599,46.13285],[15.87841,46.15514],[15.86277,46.17622],[15.85077,46.18589],[15.82518,46.20324],[15.78925,46.20837],[15.75173,46.21235],[15.72793,46.2197],[15.70997,46.22433],[15.67595,46.22825],[15.65692,46.23123],[15.63777,46.2326],[15.61301,46.23923],[15.57682,46.24454],[15.55065,46.2302],[15.49491,46.23038],[15.48011,46.22979],[15.433,46.23804],[15.4028,46.24099],[15.37618,46.23848],[15.34038,46.23695],[15.29111,46.24027],[15.26772,46.23404]]}},{"type":"Feature","properties":{"n":"Anisus-Stiriate"},"geometry":{"type":"LineString","coordinates":[[13.47329,47.38574],[13.48816,47.38805],[13.49836,47.39029],[13.51012,47.39251],[13.52544,47.3965],[13.53925,47.39967],[13.55395,47.40205],[13.57576,47.40409],[13.58824,47.39939],[13.59389,47.39244],[13.61094,47.38841],[13.62944,47.38859],[13.64077,47.38859],[13.65169,47.38821],[13.67169,47.3927],[13.6791,47.39638],[13.69161,47.39675],[13.69825,47.39499],[13.73355,47.40397],[13.76557,47.4113],[13.80055,47.41383],[13.82329,47.41951],[13.83687,47.42299],[13.86146,47.42322],[13.87313,47.42872],[13.88739,47.43203],[13.90318,47.44007],[13.91154,47.4422],[13.91203,47.45245],[13.91946,47.4569],[13.93015,47.46571],[13.9479,47.47409],[13.96542,47.48258],[13.9755,47.48537],[14.0041,47.48746],[14.029,47.49583],[14.0464,47.50628],[14.07111,47.5133],[14.08184,47.52224],[14.08184,47.52224]]}},{"type":"Feature","properties":{"n":"Anisus-Stiriate"},"geometry":{"type":"LineString","coordinates":[[14.08184,47.52224],[14.08474,47.52387],[14.08674,47.52675],[14.09056,47.52826],[14.09294,47.52885],[14.09666,47.52903],[14.10178,47.53138],[14.1057,47.53264],[14.10832,47.53321],[14.11368,47.53534],[14.11832,47.53884],[14.1203,47.54144],[14.1233,47.5434],[14.12806,47.54511],[14.13262,47.54554],[14.13982,47.54894],[14.14304,47.55004],[14.14785,47.55076],[14.15112,47.55223],[14.1545,47.55481],[14.15702,47.55564],[14.16152,47.55551],[14.16644,47.55807],[14.17245,47.55881],[14.17911,47.56121],[14.18564,47.56237],[14.19914,47.56643],[14.20634,47.56726],[14.21181,47.56986],[14.21414,47.56989],[14.22242,47.56991],[14.22897,47.56932],[14.23282,47.56997],[14.23962,47.56928],[14.23979,47.56742],[14.23979,47.56742]]}},{"type":"Feature","properties":{"n":"Schwanenstadt-Hallstatt"},"geometry":{"type":"LineString","coordinates":[[13.77393,48.05489],[13.79112,48.04135],[13.79116,48.02014],[13.79041,48.00605],[13.7901,47.99493],[13.7938,47.97721],[13.79243,47.96172],[13.78652,47.95318],[13.79271,47.94341],[13.78778,47.92658],[13.77826,47.90469],[13.7717,47.88416],[13.77774,47.86271],[13.77738,47.84951],[13.78535,47.84554],[13.78599,47.83858],[13.78779,47.83194],[13.78407,47.82247],[13.77411,47.81396],[13.75859,47.80142],[13.74103,47.79102],[13.72702,47.78307],[13.72882,47.77707],[13.69487,47.7523],[13.66481,47.74155],[13.65846,47.72884],[13.62724,47.71564],[13.62129,47.70953],[13.62255,47.69867],[13.61992,47.68127],[13.61079,47.6699],[13.6125,47.6501],[13.6296,47.6322]]}},{"type":"Feature","properties":{"n":"Schwanenstadt-Hallstatt"},"geometry":{"type":"LineString","coordinates":[[13.6296,47.6322],[13.63368,47.6204],[13.63247,47.60908],[13.6382,47.60655],[13.64651,47.59703],[13.65241,47.59134],[13.65697,47.5876],[13.65623,47.58108],[13.65286,47.57636],[13.64992,47.56826],[13.64922,47.56368],[13.64829,47.56108],[13.64731,47.55463],[13.65344,47.55003],[13.66525,47.54645],[13.67937,47.54981],[13.69157,47.55546],[13.70261,47.55811],[13.71965,47.5641],[13.72412,47.56354],[13.72071,47.56973],[13.72108,47.57207],[13.71823,47.57566],[13.71967,47.58449],[13.72544,47.58887],[13.73152,47.59124],[13.73766,47.59437],[13.74552,47.59658],[13.75351,47.59888],[13.76265,47.59797],[13.77438,47.59925],[13.79297,47.59277],[13.79583,47.59153]]}},{"type":"Feature","properties":{"n":"Hallstatt-south"},"geometry":{"type":"LineString","coordinates":[[13.79583,47.59153],[13.79844,47.58982],[13.80014,47.58858],[13.80254,47.58602],[13.80489,47.58086],[13.80871,47.57784],[13.81121,47.57615],[13.81907,47.5763],[13.82899,47.5742],[13.8326,47.57461],[13.8359,47.57516],[13.83873,47.57442],[13.84499,47.57078],[13.84899,47.56917],[13.86019,47.5666],[13.87074,47.5659],[13.89617,47.56719],[13.89998,47.56641],[13.90365,47.56526],[13.90997,47.5656],[13.91353,47.56474],[13.91801,47.56164],[13.92232,47.55969],[13.92398,47.55785],[13.92479,47.55418],[13.92645,47.55257],[13.92886,47.55136],[13.98136,47.55293],[13.99033,47.55237],[14.00911,47.55461],[14.0177,47.55002],[14.01957,47.54701],[14.02053,47.54495],[14.02185,47.54389],[14.02626,47.54458],[14.03117,47.54644],[14.03508,47.54648],[14.04112,47.54404],[14.04688,47.54053],[14.05039,47.5351],[14.05702,47.53051],[14.05812,47.52821],[14.05937,47.52742],[14.06503,47.52669],[14.08184,47.52224],[14.08184,47.52224]]}},{"type":"Feature","properties":{"n":"Vetonianis-Ansfelden"},"geometry":{"type":"LineString","coordinates":[[14.2776,48.21053],[14.27407,48.20452],[14.27109,48.20096],[14.26522,48.20002],[14.25827,48.19691],[14.25314,48.19182],[14.25055,48.18735],[14.24931,48.18409],[14.22789,48.16117],[14.21991,48.15639],[14.22676,48.14758],[14.22826,48.13933],[14.2268,48.13542],[14.21922,48.12844],[14.20394,48.12129],[14.19021,48.10368],[14.18328,48.09732],[14.18378,48.09237],[14.1723,48.08096],[14.16303,48.07818],[14.15311,48.07234],[14.14423,48.06566],[14.13882,48.06142],[14.13028,48.05769],[14.12662,48.05473],[14.12385,48.0521],[14.12574,48.051],[14.10917,48.04684],[14.09974,48.04301],[14.0896,48.03378],[14.07563,48.02635],[14.07205,48.02501],[14.07529,48.02276],[14.0682,48.01885],[14.0649,48.01546],[14.0621,48.01121],[14.0626,48.00983]]}},{"type":"Feature","properties":{"n":"Aquae Balissae-west"},"geometry":{"type":"LineString","coordinates":[[16.98141,45.81633],[16.96458,45.82613],[16.94467,45.84664],[16.93963,45.85122],[16.93021,45.85306],[16.92279,45.8591],[16.91893,45.86326],[16.90508,45.86852],[16.88915,45.87223],[16.88649,45.87471],[16.87464,45.87687],[16.86876,45.88044],[16.85549,45.88995],[16.84575,45.89712],[16.80508,45.91042],[16.77905,45.93584],[16.74265,45.9414],[16.73306,45.94311],[16.7296,45.94902],[16.72334,45.94903],[16.69782,45.95079],[16.60576,45.94665],[16.60487,45.95527],[16.60326,45.95796],[16.59633,45.96422],[16.59323,45.96862],[16.58715,45.97259],[16.56828,45.98846],[16.5661,45.99075],[16.56576,45.99408],[16.56253,45.9955],[16.56126,45.99621],[16.55831,45.99858],[16.5553,46.00293],[16.5453,46.0104],[16.5464,46.02239]]}},{"type":"Feature","properties":{"n":"Aquae Viva-Pyrri"},"geometry":{"type":"LineString","coordinates":[[16.29428,46.07163],[16.2919,46.07548],[16.28336,46.08434],[16.28159,46.09697],[16.2814,46.1054],[16.2837,46.10879],[16.28964,46.11355],[16.29341,46.12111],[16.28821,46.12255],[16.28688,46.12485],[16.28926,46.13018],[16.28865,46.13642],[16.28594,46.13991],[16.28106,46.14122],[16.28161,46.14447],[16.27668,46.14573],[16.26455,46.14639],[16.26171,46.15415],[16.25799,46.1574],[16.25572,46.16026],[16.25552,46.16148],[16.25504,46.16511],[16.25528,46.16624],[16.25337,46.1692],[16.25281,46.17218],[16.25246,46.17228],[16.25039,46.17258],[16.25165,46.17382],[16.25122,46.17488],[16.25123,46.17787],[16.24922,46.18109],[16.25017,46.18612],[16.24926,46.18843],[16.24827,46.19024],[16.24717,46.1921],[16.2485,46.19573],[16.24961,46.19748],[16.25358,46.19972],[16.25323,46.20604],[16.25565,46.20792],[16.25666,46.21167]]}},{"type":"Feature","properties":{"n":"Aquae Viva-Pyrri"},"geometry":{"type":"LineString","coordinates":[[16.25666,46.21167],[16.25469,46.21161],[16.25205,46.21279],[16.24937,46.21432],[16.24595,46.21466],[16.24301,46.21653],[16.24254,46.21733],[16.23975,46.2191],[16.23786,46.22044],[16.23838,46.22157],[16.23848,46.22366],[16.23948,46.22426],[16.23928,46.2252],[16.23911,46.22625],[16.23953,46.22697],[16.24472,46.22978],[16.24766,46.23084],[16.24691,46.23234],[16.24631,46.23464],[16.24437,46.23902],[16.24135,46.24104],[16.24034,46.24271],[16.23827,46.24496],[16.2373,46.25258],[16.23697,46.25417],[16.22367,46.25726],[16.21057,46.25959],[16.20782,46.2635],[16.20913,46.26984],[16.20707,46.2757],[16.20771,46.28012],[16.21492,46.29249],[16.22583,46.31935],[16.22942,46.31973],[16.23404,46.32882],[16.23736,46.33152],[16.239,46.33541],[16.24104,46.34206]]}},{"type":"Feature","properties":{"n":"Connecting road"},"geometry":{"type":"LineString","coordinates":[[16.25666,46.21167],[16.26065,46.2137],[16.26953,46.21507],[16.27156,46.2169],[16.28267,46.22095],[16.28744,46.22095],[16.29436,46.21847],[16.29815,46.21762],[16.30075,46.216],[16.30471,46.2156],[16.30552,46.21461],[16.30712,46.21399],[16.30792,46.21611],[16.30881,46.21672],[16.30918,46.2186],[16.30878,46.21934],[16.31084,46.22183],[16.31116,46.22499],[16.311,46.22558],[16.31255,46.22654],[16.31432,46.2289],[16.32039,46.23508],[16.32179,46.23958],[16.32179,46.24043],[16.32296,46.24164],[16.32267,46.24249],[16.32414,46.24332],[16.32444,46.24437],[16.32331,46.24506],[16.32262,46.24717],[16.34094,46.24924],[16.34571,46.24865],[16.3559,46.25113],[16.3593,46.25492],[16.35912,46.25985],[16.3605,46.26157],[16.3605,46.26157]]}},{"type":"Feature","properties":{"n":"Poetovio-Maribor"},"geometry":{"type":"LineString","coordinates":[[15.87279,46.41866],[15.86758,46.42274],[15.86398,46.42622],[15.85744,46.43451],[15.85044,46.44212],[15.84323,46.4488],[15.84079,46.45809],[15.83676,46.46366],[15.83168,46.46881],[15.82866,46.47219],[15.82415,46.47592],[15.80575,46.4879],[15.79804,46.48899],[15.79631,46.49247],[15.78952,46.49525],[15.78241,46.49143],[15.76876,46.49713],[15.76002,46.49958],[15.74929,46.50284],[15.72429,46.50847],[15.72132,46.5136],[15.72725,46.51685],[15.73089,46.52556],[15.73283,46.5311],[15.72441,46.53758],[15.71977,46.54026],[15.71893,46.54277],[15.71564,46.54729],[15.71083,46.55176],[15.68849,46.55709],[15.67346,46.56135],[15.66259,46.56145]]}},{"type":"Feature","properties":{"n":"Sala-Poetovio"},"geometry":{"type":"LineString","coordinates":[[15.88797,46.42658],[15.90824,46.4315],[15.92528,46.43683],[15.93944,46.45017],[15.95571,46.45802],[15.95203,46.47125],[15.9472,46.47948],[15.94782,46.48592],[15.94722,46.49248],[15.9444,46.49963],[15.94142,46.50421],[15.94373,46.51006],[15.94174,46.51951],[15.94221,46.52347],[15.9388,46.52946],[15.93835,46.53673],[15.93909,46.54405],[15.94207,46.55077],[15.94143,46.56021],[15.94303,46.56661],[15.95075,46.57057],[15.95431,46.56978],[15.95643,46.57393],[15.96268,46.58068],[15.97385,46.5868],[15.98094,46.59271],[15.99607,46.61325],[15.99586,46.62604],[15.9989,46.63623],[16.00153,46.64341],[15.99349,46.66304],[15.99098,46.67673],[15.98707,46.68333],[15.98986,46.69052],[15.98798,46.69128]]}},{"type":"Feature","properties":{"n":"Sala-Poetovio"},"geometry":{"type":"LineString","coordinates":[[15.98798,46.69128],[16.00454,46.69981],[16.04177,46.70568],[16.05234,46.71077],[16.07789,46.70542],[16.08907,46.70917],[16.1239,46.70616],[16.14273,46.70258],[16.15386,46.70268],[16.17078,46.7062],[16.2068,46.71189],[16.22138,46.71845],[16.22634,46.72136],[16.23304,46.72343],[16.24081,46.72792],[16.2486,46.7304],[16.26368,46.7373],[16.2696,46.73156],[16.28358,46.73164],[16.29274,46.73564],[16.30326,46.73802],[16.31496,46.74146],[16.32773,46.75122],[16.33236,46.75601],[16.33779,46.76152],[16.35743,46.77669],[16.36959,46.78434],[16.38103,46.79821],[16.39363,46.81104],[16.40595,46.83142],[16.42136,46.8388],[16.43918,46.83514],[16.45526,46.82891],[16.46803,46.83115],[16.49618,46.83719],[16.5003,46.83837]]}},{"type":"Feature","properties":{"n":"Gleisdorf-Feldbach"},"geometry":{"type":"LineString","coordinates":[[15.71488,47.10169],[15.72675,47.09501],[15.73936,47.08066],[15.75184,47.06503],[15.7449,47.05336],[15.74486,47.04918],[15.74818,47.04451],[15.74795,47.04088],[15.75014,47.03531],[15.75259,47.02895],[15.75666,47.0241],[15.75649,47.02025],[15.75609,47.0174],[15.75723,47.0111],[15.76124,47.00711],[15.7633,47.00313],[15.7689,47.00025],[15.77341,46.99736],[15.7757,46.99452],[15.77776,46.99405],[15.78316,46.9929],[15.78744,46.99093],[15.78964,46.98859],[15.8009,46.98311],[15.80595,46.98125],[15.81324,46.97723],[15.81874,46.97563],[15.82378,46.97201],[15.8294,46.96933],[15.84437,46.96672],[15.85198,46.96388],[15.86143,46.96184],[15.87132,46.96001],[15.88049,46.95836],[15.88049,46.95836]]}},{"type":"Feature","properties":{"n":"Ad Vicesimum-north"},"geometry":{"type":"LineString","coordinates":[[15.87216,46.79553],[15.87502,46.79468],[15.87487,46.79423],[15.87172,46.7906],[15.87272,46.78866],[15.87292,46.78705],[15.87726,46.78367],[15.87826,46.78154],[15.87912,46.78047],[15.87927,46.77919],[15.8793,46.77817],[15.87889,46.77619],[15.87793,46.77489],[15.87749,46.7737],[15.87663,46.76939],[15.8755,46.76831],[15.8751,46.76468],[15.87632,46.76334],[15.87726,46.76292],[15.8776,46.76232],[15.87751,46.76141],[15.87922,46.76056],[15.88027,46.75965],[15.88067,46.75792],[15.88265,46.75414],[15.88147,46.75212],[15.88937,46.74762],[15.88923,46.74651],[15.8938,46.74387],[15.90198,46.73493],[15.91231,46.73223],[15.91522,46.73036],[15.92998,46.72759],[15.93927,46.72359],[15.95235,46.72044],[15.96406,46.70842],[15.96408,46.69931],[15.96748,46.69661],[15.97704,46.69148],[15.98307,46.69099],[15.98712,46.69154],[15.98798,46.69128],[15.98798,46.69128]]}},{"type":"Feature","properties":{"n":"Varianis-Bulinac"},"geometry":{"type":"LineString","coordinates":[[16.86187,45.54885],[16.85819,45.55694],[16.85991,45.56537],[16.84403,45.59498],[16.85248,45.60895],[16.84766,45.62114],[16.84229,45.62677],[16.84046,45.63589],[16.84608,45.64378],[16.86425,45.64243],[16.8779,45.64134],[16.92315,45.62416],[16.92945,45.63024],[16.93145,45.63723],[16.93437,45.64712],[16.94248,45.66167],[16.95387,45.67265],[16.95331,45.6874],[16.95208,45.70544],[16.9373,45.70795],[16.92954,45.71975],[16.92687,45.72773],[16.93808,45.73874],[16.9424,45.74992],[16.93448,45.7608],[16.92588,45.76724],[16.9333,45.77916],[16.94001,45.78495],[16.9487,45.79848],[16.95815,45.8007],[16.95994,45.80727],[16.9798,45.81403],[16.98141,45.81633]]}},{"type":"Feature","properties":{"n":"Varianis-Aquae Balissae"},"geometry":{"type":"LineString","coordinates":[[16.86187,45.54885],[16.87304,45.55281],[16.88674,45.57177],[16.90009,45.57776],[16.92493,45.5715],[16.93717,45.57379],[16.94659,45.57326],[16.95519,45.57319],[16.95649,45.56983],[17.00647,45.54018],[17.01936,45.53152],[17.02914,45.54027],[17.0323,45.5473],[17.03566,45.55106],[17.03663,45.55408],[17.05459,45.5606],[17.07064,45.55837],[17.078,45.56285],[17.08149,45.56429],[17.08596,45.56763],[17.0875,45.57314],[17.09088,45.57542],[17.09391,45.58167],[17.0972,45.58574],[17.10194,45.58883],[17.10621,45.58862],[17.11332,45.58458],[17.12302,45.58282],[17.12813,45.58302],[17.1349,45.58745],[17.15114,45.59294],[17.16096,45.58831],[17.16798,45.58913],[17.1798,45.58911],[17.18586,45.58968],[17.18557,45.59137],[17.18635,45.59334],[17.18939,45.59155],[17.19048,45.59079],[17.19215,45.59179],[17.22343,45.5928],[17.22343,45.5928]]}},{"type":"Feature","properties":{"n":"Ferovac-north"},"geometry":{"type":"LineString","coordinates":[[17.968,45.75204],[17.9469,45.61977],[17.94624,45.59922],[17.90216,45.54837],[17.88067,45.52903],[17.87822,45.52439],[17.8719,45.5196],[17.86694,45.51573],[17.87158,45.51141],[17.86933,45.51215],[17.87052,45.5111],[17.86873,45.50389],[17.86261,45.49858],[17.86709,45.49972],[17.86833,45.49711],[17.87469,45.49442],[17.87573,45.49061],[17.86947,45.48756],[17.86992,45.48551],[17.872,45.48321],[17.86938,45.48119],[17.86488,45.48147],[17.85984,45.48228],[17.86541,45.47709],[17.86536,45.47633],[17.86671,45.47629],[17.87688,45.46834],[17.87257,45.46091],[17.8806,45.45628],[17.88763,45.44888],[17.88452,45.43866],[17.88447,45.4276],[17.86108,45.38381]]}},{"type":"Feature","properties":{"n":"Visoko-Ilid\u017ea"},"geometry":{"type":"LineString","coordinates":[[18.27817,43.83451],[18.27932,43.83534],[18.27784,43.83735],[18.27708,43.84044],[18.28013,43.84793],[18.2777,43.8508],[18.27185,43.86266],[18.30605,43.88372],[18.31214,43.88772],[18.31914,43.88637],[18.32681,43.88884],[18.32019,43.8932],[18.32524,43.89965],[18.32453,43.90505],[18.31,43.91997],[18.30273,43.92198],[18.30213,43.92525],[18.28981,43.93856],[18.27969,43.94013],[18.26987,43.94484],[18.26623,43.94818],[18.26427,43.9571],[18.26137,43.96014],[18.25399,43.96463],[18.25077,43.96562],[18.23923,43.9699],[18.22685,43.98822],[18.20183,43.99026],[18.19309,43.98714],[18.189,43.98614],[18.18685,43.98455],[18.18364,43.98367],[18.18138,43.98693],[18.18138,43.98693]]}},{"type":"Feature","properties":{"n":"Kiseljak-Visoko"},"geometry":{"type":"LineString","coordinates":[[18.07367,43.94782],[18.07653,43.94821],[18.08158,43.94812],[18.08758,43.95087],[18.09035,43.94987],[18.09369,43.95027],[18.09691,43.95009],[18.09926,43.95072],[18.10198,43.95307],[18.10488,43.95502],[18.1076,43.9557],[18.11022,43.9557],[18.11346,43.9549],[18.116,43.95484],[18.11753,43.95439],[18.11919,43.95458],[18.12249,43.95592],[18.12411,43.95555],[18.12825,43.95309],[18.13061,43.95249],[18.13262,43.95261],[18.13652,43.9542],[18.14209,43.95436],[18.14357,43.95487],[18.14491,43.95471],[18.14577,43.95532],[18.14702,43.95546],[18.1495,43.95482],[18.15322,43.95521],[18.1557,43.95623],[18.16031,43.95683],[18.16619,43.95619],[18.1673,43.95641],[18.16912,43.96032],[18.17014,43.9611],[18.17254,43.96099],[18.17448,43.96139],[18.17561,43.96235],[18.17849,43.9637],[18.18153,43.96402],[18.18373,43.96646],[18.18409,43.96929],[18.18489,43.97017],[18.18727,43.9712],[18.1882,43.97309],[18.18809,43.97431],[18.18673,43.97666],[18.18502,43.9791],[18.18322,43.98118],[18.18225,43.98294],[18.18051,43.98455],[18.18136,43.9868],[18.18138,43.98693],[18.18138,43.98693]]}},{"type":"Feature","properties":{"n":"Hedum Castellum Daesitiatium-north"},"geometry":{"type":"LineString","coordinates":[[18.25622,43.9996],[18.26143,44.01882],[18.2729,44.02774],[18.27975,44.04013],[18.28174,44.04254],[18.28813,44.04492],[18.29137,44.04816],[18.29394,44.0533],[18.29073,44.06384],[18.29111,44.07142],[18.28912,44.07587],[18.29206,44.07657],[18.29445,44.08124],[18.29578,44.08517],[18.29888,44.08684],[18.3042,44.08817],[18.31027,44.08932],[18.31155,44.09304],[18.31117,44.09722],[18.30671,44.10471],[18.30317,44.1102],[18.30582,44.11635],[18.30772,44.11943],[18.30727,44.12415],[18.31362,44.13062],[18.31851,44.1372],[18.32174,44.14259],[18.32103,44.15206],[18.32272,44.15529],[18.32552,44.16236],[18.33014,44.16668],[18.33181,44.16877]]}},{"type":"Feature","properties":{"n":"Bistua Nova-Visiko"},"geometry":{"type":"LineString","coordinates":[[18.1825,43.99057],[18.16715,43.99656],[18.15787,44.00217],[18.14486,44.01068],[18.1213,44.04084],[18.10691,44.04616],[18.10459,44.04853],[18.1046,44.05045],[18.10797,44.07248],[18.10755,44.09636],[18.11368,44.11394],[18.09837,44.12568],[18.08246,44.13271],[18.07023,44.13245],[18.05599,44.12991],[18.04097,44.13439],[18.03191,44.13562],[18.017,44.1312],[17.99323,44.13271],[17.99727,44.13682],[17.99271,44.13918],[17.99995,44.14877],[17.99787,44.1562],[17.99808,44.16063],[17.98615,44.1654],[17.98002,44.16808],[17.97677,44.17223],[17.97542,44.17691],[17.97032,44.18324],[17.95017,44.18989],[17.92136,44.19464],[17.9068,44.19687],[17.90321,44.20227]]}},{"type":"Feature","properties":{"n":"Bistua Nova-Usora"},"geometry":{"type":"LineString","coordinates":[[17.9595,44.65462],[17.9815,44.62825],[17.98933,44.6127],[17.99502,44.5841],[17.99346,44.57548],[17.99683,44.5721],[17.99713,44.56757],[17.99788,44.56543],[17.9971,44.56323],[17.99349,44.56003],[17.99621,44.55917],[18.00044,44.55742],[18.00561,44.55552],[18.01049,44.55025],[18.01465,44.54494],[18.0176,44.53758],[18.01974,44.53103],[18.02523,44.52431],[18.02643,44.51262],[18.04637,44.49065],[18.0686,44.47074],[18.03669,44.43334],[18.00255,44.40033],[18.00276,44.3708],[17.92498,44.35276],[17.90215,44.31717],[17.91044,44.29986],[17.90959,44.28463],[17.90352,44.29193],[17.87737,44.26176],[17.89457,44.24154],[17.88854,44.23126]]}},{"type":"Feature","properties":{"n":"Castra-Stanecli"},"geometry":{"type":"LineString","coordinates":[[17.19689,44.77418],[17.21933,44.77644],[17.22288,44.77608],[17.25137,44.76233],[17.2632,44.75248],[17.27784,44.74192],[17.29139,44.73437],[17.29619,44.72887],[17.29565,44.72467],[17.30239,44.7249],[17.31027,44.73085],[17.32078,44.72526],[17.33197,44.71804],[17.33251,44.71135],[17.33013,44.70129],[17.34199,44.69381],[17.35134,44.68595],[17.34178,44.68114],[17.33236,44.6847],[17.33474,44.67777],[17.34932,44.66341],[17.36491,44.63985],[17.37142,44.62574],[17.3772,44.61345],[17.3925,44.60246],[17.38847,44.59864],[17.40722,44.59044],[17.42162,44.58886],[17.44427,44.58566],[17.45066,44.57979],[17.45258,44.57343],[17.4679,44.5715],[17.48067,44.55891],[17.48067,44.55891]]}},{"type":"Feature","properties":{"n":"Ursora-Obodnik"},"geometry":{"type":"LineString","coordinates":[[17.48067,44.55891],[17.49333,44.56317],[17.52406,44.56621],[17.54505,44.5638],[17.55582,44.55568],[17.55684,44.56425],[17.56179,44.57295],[17.56663,44.58079],[17.57234,44.5881],[17.57932,44.58998],[17.5853,44.59176],[17.59296,44.59209],[17.59489,44.5993],[17.60637,44.6001],[17.61298,44.60492],[17.61714,44.60777],[17.62612,44.61617],[17.63762,44.61724],[17.64929,44.61853],[17.65465,44.62205],[17.66429,44.62139],[17.69514,44.61032],[17.71905,44.60098],[17.77846,44.58575],[17.81583,44.59782],[17.84499,44.61172],[17.85451,44.62447],[17.86327,44.63485],[17.88143,44.6396],[17.89815,44.64386],[17.91724,44.64437],[17.9595,44.65462]]}},{"type":"Feature","properties":{"n":"Ursora-Lu\u017eani"},"geometry":{"type":"LineString","coordinates":[[17.9595,44.65462],[17.91859,44.68401],[17.89755,44.68237],[17.8936,44.68678],[17.8744,44.6981],[17.84943,44.72063],[17.8368,44.73184],[17.80953,44.7341],[17.76962,44.77044],[17.74572,44.78219],[17.72956,44.80096],[17.70535,44.83],[17.69338,44.84194],[17.67886,44.86006],[17.66866,44.88024],[17.68827,44.889],[17.70735,44.91842],[17.71084,44.94715],[17.74351,44.97286],[17.73521,44.98594],[17.72023,44.99934],[17.71875,45.01485],[17.72176,45.01844],[17.72936,45.02782],[17.73638,45.03952],[17.736,45.05017],[17.73513,45.06044],[17.73671,45.06403],[17.74165,45.06645],[17.74524,45.07021],[17.74207,45.08665],[17.70885,45.1099],[17.67063,45.13113]]}},{"type":"Feature","properties":{"n":"Bistua Nova-Bersellum"},"geometry":{"type":"LineString","coordinates":[[17.58918,44.24366],[17.56813,44.23643],[17.56,44.23023],[17.54114,44.21765],[17.52353,44.21029],[17.50473,44.20563],[17.50147,44.20436],[17.49512,44.20051],[17.49306,44.19977],[17.49445,44.20249],[17.49209,44.20356],[17.49343,44.20176],[17.48899,44.20132],[17.49109,44.20509],[17.48734,44.20434],[17.48065,44.21241],[17.46767,44.21243],[17.47388,44.20994],[17.47062,44.2097],[17.44831,44.20487],[17.41845,44.19217],[17.40883,44.17858],[17.40859,44.1688],[17.40871,44.1563],[17.39768,44.14488],[17.39208,44.14207],[17.40178,44.12893],[17.42081,44.11686],[17.43007,44.11041],[17.44116,44.09265],[17.44869,44.07651],[17.45665,44.05839],[17.4569,44.05635]]}},{"type":"Feature","properties":{"n":"Gornji Vakuf-Stanecli"},"geometry":{"type":"LineString","coordinates":[[17.58551,43.93924],[17.58525,43.95193],[17.59046,43.96155],[17.5944,43.96331],[17.59611,43.96965],[17.60142,43.97438],[17.60444,43.98183],[17.61314,43.98563],[17.6169,43.99779],[17.62072,44.00413],[17.62566,44.00839],[17.63409,44.01213],[17.6401,44.01296],[17.64397,44.01458],[17.65594,44.01802],[17.66407,44.02249],[17.66404,44.02961],[17.66064,44.03566],[17.66436,44.04506],[17.6532,44.05438],[17.65572,44.06127],[17.66356,44.06234],[17.66382,44.07077],[17.65446,44.07377],[17.65081,44.07765],[17.65107,44.08777],[17.64995,44.09758],[17.65011,44.10425],[17.65559,44.11515],[17.65672,44.12364],[17.6598,44.13239],[17.66092,44.13996],[17.67057,44.14816],[17.67057,44.14816]]}},{"type":"Feature","properties":{"n":"Gornji Vakuf-Stanecli"},"geometry":{"type":"LineString","coordinates":[[17.67057,44.14816],[17.67666,44.14665],[17.67752,44.14682],[17.67461,44.14815],[17.67803,44.14764],[17.68256,44.14825],[17.68068,44.14551],[17.68309,44.14482],[17.68899,44.14888],[17.68765,44.14594],[17.6883,44.14444],[17.69286,44.1478],[17.69708,44.14937],[17.69644,44.14693],[17.69918,44.1453],[17.70074,44.14026],[17.70965,44.14184],[17.71511,44.14452],[17.72314,44.14357],[17.73124,44.1443],[17.73896,44.14713],[17.73792,44.14936],[17.73783,44.15144],[17.73827,44.15147],[17.73461,44.15605],[17.73579,44.15813],[17.73228,44.15886],[17.73311,44.16101],[17.73457,44.16279],[17.73852,44.16416],[17.74301,44.16725],[17.74649,44.16835],[17.74557,44.16971],[17.7491,44.17306],[17.74975,44.17391]]}},{"type":"Feature","properties":{"n":"Connecting road"},"geometry":{"type":"LineString","coordinates":[[17.67057,44.14816],[17.67075,44.14961],[17.67069,44.15128],[17.67104,44.1522],[17.67102,44.15349],[17.6717,44.15474],[17.67196,44.15698],[17.67048,44.15871],[17.67039,44.15944],[17.67137,44.16201],[17.67132,44.16254],[17.6704,44.16349],[17.67064,44.16535],[17.67029,44.16612],[17.66962,44.16676],[17.66989,44.17154],[17.67121,44.17403],[17.66988,44.17788],[17.66941,44.17877],[17.66922,44.17995],[17.6687,44.18006]]}},{"type":"Feature","properties":{"n":"Stanecli-Bistua Nova"},"geometry":{"type":"LineString","coordinates":[[17.75857,44.23779],[17.75989,44.23854],[17.76139,44.23795],[17.76099,44.23631],[17.76522,44.23618],[17.76653,44.2374],[17.76774,44.24001],[17.77193,44.24008],[17.77798,44.2411],[17.77983,44.24291],[17.79262,44.24403],[17.79545,44.24568],[17.79902,44.24625],[17.80139,44.24659],[17.8025,44.24506],[17.80152,44.24452],[17.80314,44.24428],[17.81036,44.24195],[17.81604,44.23958],[17.81982,44.23724],[17.82181,44.23571],[17.8273,44.23324],[17.82988,44.2337],[17.83128,44.23402],[17.83119,44.23288],[17.83271,44.23164],[17.83618,44.23081],[17.83915,44.22925],[17.8451,44.23051],[17.85154,44.23064],[17.85513,44.23],[17.86136,44.23219],[17.86411,44.23532],[17.8666,44.23608],[17.86903,44.23789],[17.87356,44.23765],[17.87725,44.23619],[17.8835,44.23502],[17.88598,44.23312],[17.88854,44.23126],[17.88854,44.23126]]}},{"type":"Feature","properties":{"n":"Castra-Stanecli"},"geometry":{"type":"LineString","coordinates":[[17.75857,44.23779],[17.74159,44.26551],[17.72253,44.28085],[17.72021,44.29007],[17.72142,44.30269],[17.71593,44.31436],[17.72627,44.32487],[17.72746,44.3432],[17.71367,44.35382],[17.70101,44.35986],[17.69143,44.36608],[17.68062,44.37148],[17.67096,44.37337],[17.67068,44.38223],[17.66386,44.37923],[17.65288,44.39106],[17.65969,44.39979],[17.63743,44.40698],[17.63166,44.41435],[17.62605,44.41753],[17.6014,44.4174],[17.60606,44.43409],[17.59785,44.44509],[17.57281,44.46648],[17.54594,44.47409],[17.53377,44.48634],[17.51311,44.49905],[17.49644,44.51588],[17.49147,44.52134],[17.48685,44.52741],[17.47279,44.54167],[17.48067,44.55891],[17.48067,44.55891]]}},{"type":"Feature","properties":{"n":"Sarnade-Baloie"},"geometry":{"type":"LineString","coordinates":[[17.08611,44.27918],[17.08362,44.28154],[17.07767,44.28109],[17.07241,44.27674],[17.06297,44.27488],[17.05747,44.27267],[17.05391,44.27196],[17.05469,44.27069],[17.05184,44.26882],[17.04316,44.26965],[17.04187,44.26824],[17.04157,44.26647],[17.03745,44.26875],[17.03275,44.27264],[17.02923,44.27671],[17.02167,44.28343],[17.00843,44.29503],[17.00258,44.29649],[16.99437,44.30084],[16.97535,44.30948],[16.96386,44.31236],[16.95863,44.31329],[16.958,44.31392],[16.95767,44.3111],[16.95415,44.31039],[16.94967,44.31347],[16.94469,44.31693],[16.9418,44.31948],[16.94092,44.32254],[16.93872,44.32225],[16.93701,44.32129],[16.93395,44.32206],[16.9304,44.32374],[16.92328,44.32493],[16.92328,44.32493]]}},{"type":"Feature","properties":{"n":"Arelape-south"},"geometry":{"type":"LineString","coordinates":[[15.93083,47.67027],[15.90089,47.68127],[15.84755,47.69411],[15.80483,47.71535],[15.80134,47.72623],[15.78551,47.73641],[15.7671,47.74764],[15.74931,47.75605],[15.74481,47.76548],[15.73001,47.774],[15.73175,47.78751],[15.71565,47.79515],[15.70286,47.81487],[15.69269,47.83773],[15.68901,47.85569],[15.66514,47.86385],[15.64469,47.8822],[15.63832,47.88141],[15.62872,47.87891],[15.62063,47.87822],[15.60658,47.87835],[15.59121,47.86299],[15.55574,47.84842],[15.54405,47.81587],[15.48901,47.83074],[15.4539,47.8152],[15.44199,47.7956],[15.44987,47.7726],[15.41306,47.76363],[15.37033,47.76169],[15.33504,47.76558],[15.31264,47.77791],[15.30765,47.78612]]}},{"type":"Feature","properties":{"n":"Patriasdorf-Matrei"},"geometry":{"type":"LineString","coordinates":[[12.76959,46.82707],[12.76541,46.82767],[12.76115,46.82818],[12.75729,46.82808],[12.75377,46.83146],[12.74862,46.83402],[12.74349,46.83562],[12.73765,46.83653],[12.72681,46.83884],[12.72223,46.84136],[12.71467,46.84581],[12.71274,46.84774],[12.70729,46.8511],[12.70447,46.85424],[12.70181,46.85633],[12.69306,46.85951],[12.69,46.86139],[12.68397,46.87026],[12.66793,46.8797],[12.65851,46.88498],[12.65344,46.88762],[12.65117,46.89009],[12.64832,46.89503],[12.64405,46.89738],[12.63689,46.90002],[12.63127,46.90362],[12.628,46.90517],[12.60463,46.92098],[12.58966,46.92815],[12.58481,46.9296],[12.5776,46.93308],[12.57601,46.93367],[12.57387,46.93689],[12.56931,46.94108],[12.56424,46.94866],[12.5608,46.95432],[12.558,46.95608],[12.55645,46.95784],[12.55376,46.95918],[12.55232,46.96086],[12.5512,46.96645],[12.55012,46.96813],[12.55129,46.97081],[12.55146,46.97199],[12.55011,46.97428],[12.55035,46.97629],[12.55014,46.98205],[12.54325,46.99228],[12.54069,46.99839],[12.54037,46.99938],[12.53878,47.00051],[12.53878,47.00051]]}},{"type":"Feature","properties":{"n":"Patriasdorf-G\u00f6rtschach"},"geometry":{"type":"LineString","coordinates":[[12.76959,46.82707],[12.77352,46.82988],[12.77551,46.83072],[12.77847,46.83172],[12.77996,46.83168],[12.78682,46.83061],[12.79823,46.83035],[12.81369,46.82662],[12.81855,46.82763],[12.81975,46.82767],[12.82206,46.82746],[12.82402,46.82724]]}},{"type":"Feature","properties":{"n":"Patriasdorf-G\u00f6rtschach"},"geometry":{"type":"LineString","coordinates":[[12.82402,46.82724],[12.83122,46.82642],[12.83539,46.82427],[12.83702,46.82213],[12.83938,46.81761],[12.84226,46.8146],[12.8547,46.80884],[12.87185,46.80236],[12.87499,46.79477],[12.87609,46.79117],[12.87417,46.79007],[12.87401,46.78961],[12.87266,46.78904],[12.87059,46.78959]]}},{"type":"Feature","properties":{"n":"Aguntum-Hochtor"},"geometry":{"type":"LineString","coordinates":[[12.82402,46.82724],[12.82933,46.8385],[12.84394,46.83758],[12.87022,46.86838],[12.88784,46.88343],[12.90505,46.9336],[12.88786,46.97821],[12.86784,47.01412],[12.84525,47.03855],[12.86526,47.03618],[12.85524,47.04337],[12.84132,47.04965],[12.84043,47.0634],[12.84151,47.06776],[12.83836,47.07183],[12.83869,47.07925],[12.84184,47.0817],[12.8429,47.08317],[12.84287,47.08409],[12.83482,47.09394],[12.83651,47.10078],[12.8313,47.11422],[12.82819,47.11812],[12.82389,47.12084],[12.81524,47.12886],[12.81109,47.12563],[12.80813,47.12379],[12.80773,47.1353],[12.81493,47.14882],[12.81268,47.15156],[12.8144,47.15603],[12.81368,47.16944]]}},{"type":"Feature","properties":{"n":"Gornji Vakuf-Bistua Vetus"},"geometry":{"type":"LineString","coordinates":[[17.35241,43.82757],[17.39015,43.82497],[17.41018,43.8194],[17.42685,43.81935],[17.44539,43.81718],[17.4693,43.8197],[17.47426,43.82216],[17.48532,43.82642],[17.49176,43.82807],[17.50224,43.82975],[17.50851,43.83107],[17.51583,43.82925],[17.5178,43.82848],[17.5206,43.83209],[17.52474,43.83515],[17.53119,43.83647],[17.54015,43.83838],[17.5463,43.837],[17.55383,43.83944],[17.56281,43.83786],[17.57994,43.83749],[17.58077,43.83879],[17.5886,43.83762],[17.59244,43.84186],[17.59198,43.84677],[17.59179,43.85811],[17.59706,43.86754],[17.59112,43.87932],[17.59578,43.89194],[17.60265,43.90148],[17.6076,43.90967],[17.60422,43.91889],[17.59841,43.93328],[17.58551,43.93924]]}},{"type":"Feature","properties":{"n":"Gornji Vakuf-Bistua Vetus"},"geometry":{"type":"LineString","coordinates":[[17.30778,43.877],[17.36309,43.87365],[17.39024,43.8602],[17.40838,43.88274],[17.42547,43.88596],[17.44031,43.89065],[17.45651,43.89173],[17.4692,43.8913],[17.47727,43.89201],[17.48244,43.89534],[17.48216,43.89601],[17.4788,43.89506],[17.47612,43.89549],[17.47624,43.89837],[17.47146,43.89591],[17.46925,43.89681],[17.47043,43.89892],[17.47426,43.90138],[17.47727,43.90398],[17.48305,43.90272],[17.48459,43.90367],[17.48385,43.90223],[17.49026,43.90157],[17.49816,43.90143],[17.50712,43.90485],[17.51383,43.90708],[17.5198,43.90884],[17.52946,43.91541],[17.53791,43.92304],[17.54332,43.93254],[17.54672,43.94167],[17.55346,43.94668],[17.55346,43.94668]]}},{"type":"Feature","properties":{"n":"Ionnaria-Bistua Vetus"},"geometry":{"type":"LineString","coordinates":[[17.30778,43.877],[17.30907,43.87271],[17.31199,43.86641],[17.3131,43.86354],[17.31454,43.86167],[17.3294,43.85781],[17.33195,43.8563],[17.33258,43.85525],[17.3418,43.84965],[17.34302,43.84952],[17.34604,43.84797],[17.34997,43.84669],[17.3518,43.84643],[17.35736,43.84257],[17.35299,43.83874],[17.35479,43.83745],[17.34701,43.83565],[17.35241,43.82757]]}},{"type":"Feature","properties":{"n":"Bigeste-Martari"},"geometry":{"type":"LineString","coordinates":[[17.66946,43.20777],[17.68065,43.21649],[17.68797,43.21874],[17.69593,43.22783],[17.70455,43.23805],[17.70867,43.24613],[17.71391,43.25036],[17.71406,43.25412],[17.71984,43.26165],[17.72959,43.27301],[17.74187,43.27979],[17.74655,43.28084],[17.74613,43.28317],[17.75478,43.2875],[17.76364,43.29527],[17.76885,43.30556],[17.77359,43.31203],[17.78407,43.31782],[17.78769,43.32169],[17.79393,43.31989],[17.79346,43.32368],[17.79219,43.32557],[17.79633,43.32667],[17.79805,43.3262],[17.79821,43.33002],[17.80154,43.33278],[17.79784,43.33172],[17.79594,43.33009],[17.79641,43.33143],[17.797,43.33539],[17.79663,43.33804]]}},{"type":"Feature","properties":{"n":"Connecting road"},"geometry":{"type":"LineString","coordinates":[[17.66946,43.20777],[17.66346,43.22584],[17.6612,43.23397],[17.65701,43.2435],[17.6472,43.24734],[17.63187,43.25662],[17.6196,43.26292],[17.60569,43.26745],[17.60231,43.27435],[17.59101,43.28945],[17.58507,43.29915],[17.57735,43.30885],[17.58028,43.31539],[17.56079,43.33427],[17.55812,43.33692],[17.54843,43.33576],[17.53945,43.33922],[17.52787,43.34551],[17.5236,43.34996],[17.51796,43.35909],[17.51368,43.36738],[17.51427,43.37906],[17.48372,43.39071],[17.45552,43.39937],[17.42258,43.41819],[17.41337,43.41491],[17.41295,43.41945],[17.41172,43.42797],[17.41044,43.43643],[17.4054,43.445],[17.37968,43.45205],[17.35014,43.4614],[17.31329,43.46938],[17.30266,43.48132]]}},{"type":"Feature","properties":{"n":"Bistua Vetus-Novae"},"geometry":{"type":"LineString","coordinates":[[17.23591,43.76239],[17.24437,43.75738],[17.26235,43.74537],[17.2653,43.73801],[17.27228,43.72349],[17.28043,43.70435],[17.29904,43.68751],[17.32724,43.66862],[17.33609,43.64968],[17.32703,43.64824],[17.3103,43.65481],[17.30755,43.64767],[17.30636,43.6308],[17.30415,43.62148],[17.30217,43.60854],[17.30404,43.60076],[17.31124,43.5951],[17.31484,43.59209],[17.31098,43.58889],[17.30077,43.58641],[17.29432,43.58464],[17.28749,43.5839],[17.285,43.57154],[17.28286,43.56338],[17.27687,43.55347],[17.28141,43.54298],[17.28208,43.53768],[17.28292,43.53193],[17.27851,43.52527],[17.2678,43.51785],[17.27147,43.50916],[17.28499,43.50011],[17.29231,43.49196],[17.30116,43.4821],[17.30266,43.48132]]}},{"type":"Feature","properties":{"n":"Ad Libros connecting road"},"geometry":{"type":"LineString","coordinates":[[17.06819,43.63464],[17.08005,43.6251],[17.07907,43.62298],[17.07772,43.62027],[17.07899,43.61742],[17.07248,43.61552],[17.06843,43.61356],[17.06273,43.61334],[17.05932,43.61199],[17.05784,43.61035],[17.05789,43.60319],[17.05556,43.59296],[17.05338,43.58952],[17.0571,43.58661],[17.06401,43.58436],[17.06522,43.583],[17.06159,43.57907],[17.06456,43.57732],[17.05894,43.57221],[17.05325,43.56464],[17.03983,43.55592],[17.03874,43.55321],[17.03777,43.55171],[17.03877,43.55057],[17.03495,43.5488],[17.03194,43.5426],[17.03664,43.54001],[17.03661,43.5341],[17.03045,43.53082],[17.0247,43.52424],[17.0141,43.51856],[17.00818,43.51124],[17.00568,43.50173],[17.00318,43.494],[17.00318,43.48933],[17.0001,43.48644]]}},{"type":"Feature","properties":{"n":"Pelva-north"},"geometry":{"type":"LineString","coordinates":[[16.37983,44.16354],[16.38748,44.16128],[16.4002,44.1584],[16.41213,44.15844],[16.42549,44.1583],[16.4448,44.1499],[16.45808,44.14572],[16.47391,44.13748],[16.47659,44.1333],[16.49777,44.12891],[16.51685,44.12738],[16.53783,44.1157],[16.5521,44.10051],[16.56553,44.08855],[16.57147,44.07473],[16.58374,44.06008],[16.59492,44.03686],[16.60399,44.0072],[16.60835,44.00183],[16.61881,43.99287],[16.63113,43.98621],[16.64198,43.97585],[16.66327,43.94455],[16.69995,43.90899],[16.70949,43.89746],[16.70664,43.8942],[16.70969,43.89244],[16.71213,43.89141],[16.71515,43.89073],[16.72585,43.8897],[16.73741,43.88767],[16.7506,43.88424],[16.75887,43.88159],[16.77034,43.87564],[16.7775,43.87555]]}},{"type":"Feature","properties":{"n":"Raetinium-Bosanski Petrovac"},"geometry":{"type":"LineString","coordinates":[[16.36414,44.54513],[16.32073,44.55859],[16.29384,44.56679],[16.28463,44.5757],[16.27594,44.58558],[16.25589,44.60032],[16.24119,44.60864],[16.2174,44.62391],[16.20624,44.63376],[16.17851,44.63581],[16.16904,44.64171],[16.15684,44.65358],[16.15109,44.6603],[16.1396,44.66502],[16.12796,44.66991],[16.10693,44.67007],[16.09256,44.66973],[16.07965,44.67483],[16.05492,44.70389],[16.04164,44.71159],[16.03761,44.71796],[16.01687,44.72318],[15.99986,44.73345],[15.9875,44.7375],[15.98283,44.74012],[15.98476,44.74498],[15.98433,44.74813],[15.97951,44.74762],[15.97775,44.75109],[15.97022,44.75375],[15.96407,44.75428],[15.95997,44.75836],[15.95712,44.76275],[15.95327,44.76734],[15.94349,44.77897],[15.93433,44.78462],[15.93247,44.78622]]}},{"type":"Feature","properties":{"n":"Bosanska Krupa-Raetinium"},"geometry":{"type":"LineString","coordinates":[[15.87715,44.8145],[15.88414,44.85929],[15.88925,44.86992],[15.90059,44.88146],[15.90946,44.88386],[15.91957,44.88795],[15.93172,44.89503],[15.93853,44.89841],[15.95081,44.90296],[15.96392,44.9083],[15.96861,44.90993],[15.97405,44.90966],[15.98767,44.90979],[15.99121,44.90834],[15.99569,44.90187],[16.00772,44.90224],[16.01351,44.90254],[16.02635,44.90379],[16.0403,44.89814],[16.04724,44.89448],[16.05497,44.8884],[16.05954,44.88458],[16.06939,44.8807],[16.07366,44.87583],[16.0811,44.87206],[16.08826,44.8677],[16.09584,44.86651],[16.10478,44.86968],[16.11368,44.87345],[16.12657,44.87726],[16.14104,44.87939],[16.15126,44.87951],[16.1527,44.87988]]}},{"type":"Feature","properties":{"n":"Bosanska Krupa-Clandate"},"geometry":{"type":"LineString","coordinates":[[16.38186,45.04968],[16.37062,45.04163],[16.36133,45.03153],[16.36176,45.02894],[16.36051,45.02359],[16.36145,45.01561],[16.35646,45.00427],[16.34712,44.99901],[16.31286,44.9977],[16.29,44.99498],[16.27952,44.99293],[16.24943,44.98284],[16.237,44.98247],[16.21844,44.98458],[16.2062,44.98117],[16.1947,44.98118],[16.18576,44.97885],[16.18336,44.97266],[16.18773,44.9675],[16.18587,44.96224],[16.18348,44.95955],[16.1801,44.95876],[16.17448,44.95631],[16.17225,44.9517],[16.1679,44.94957],[16.16757,44.94454],[16.16046,44.93673],[16.15711,44.9289],[16.15386,44.92559],[16.14713,44.92452],[16.14588,44.92046],[16.14828,44.91685],[16.15645,44.91281],[16.16249,44.90635],[16.163,44.90174],[16.15538,44.89631],[16.15449,44.88882],[16.15149,44.88705],[16.1535,44.88442],[16.1527,44.87988],[16.1527,44.87988]]}},{"type":"Feature","properties":{"n":"Bosanski Petrovac-Bosanska Krupa"},"geometry":{"type":"LineString","coordinates":[[16.1527,44.87988],[16.15282,44.86401],[16.15493,44.84876],[16.16319,44.83845],[16.1753,44.82547],[16.17436,44.81753],[16.17377,44.80962],[16.1771,44.80029],[16.18116,44.78991],[16.18857,44.78562],[16.19182,44.78365],[16.19716,44.77999],[16.205,44.77248],[16.21267,44.7665],[16.21533,44.7671],[16.22403,44.76247],[16.22557,44.75536],[16.23841,44.74427],[16.24096,44.73602],[16.23766,44.72561],[16.23322,44.71759],[16.23458,44.70779],[16.22518,44.69318],[16.25703,44.64593],[16.29274,44.62566],[16.30422,44.61754],[16.31106,44.60994],[16.30923,44.59357],[16.33308,44.58092],[16.35858,44.56982],[16.36414,44.54513]]}},{"type":"Feature","properties":{"n":"Raetinum-Generalski Stol"},"geometry":{"type":"LineString","coordinates":[[15.37563,45.34374],[15.39604,45.34464],[15.41125,45.34657],[15.41987,45.33133],[15.40596,45.32147],[15.4079,45.3096],[15.41876,45.2955],[15.45454,45.29746],[15.46592,45.28223],[15.48451,45.25952],[15.51739,45.24823],[15.51322,45.23098],[15.50485,45.21622],[15.49379,45.20456],[15.47638,45.18931],[15.47808,45.17255],[15.50148,45.1609],[15.5128,45.14658],[15.53455,45.1357],[15.56346,45.12258],[15.59315,45.09206],[15.58765,45.07184],[15.63106,45.04438],[15.64799,44.99121],[15.66301,44.9569],[15.68542,44.93741],[15.71192,44.91994],[15.74202,44.87841],[15.7852,44.86975],[15.79355,44.85837],[15.82895,44.83966],[15.87097,44.81356]]}},{"type":"Feature","properties":{"n":"Crexa-Apsarus"},"geometry":{"type":"LineString","coordinates":[[14.39258,44.69285],[14.41296,44.72472],[14.42434,44.77619],[14.4215,44.80034],[14.39068,44.82208],[14.37032,44.83038],[14.3675,44.84314],[14.3625,44.85488],[14.35515,44.87449],[14.33363,44.88996],[14.34763,44.89747],[14.36955,44.89518],[14.38258,44.89445],[14.40052,44.89779],[14.41483,44.90556],[14.42702,44.91992],[14.42526,44.93356],[14.42042,44.94986],[14.41272,44.97069],[14.40982,44.9908],[14.40371,44.999],[14.39252,45.01241],[14.37953,45.02879],[14.36669,45.04887],[14.36336,45.06189],[14.36215,45.06916],[14.35737,45.07603],[14.3534,45.08518],[14.34947,45.09932],[14.3503,45.11053],[14.35716,45.11065],[14.3568,45.10774]]}},{"type":"Feature","properties":{"n":"Vinica-south"},"geometry":{"type":"LineString","coordinates":[[15.37479,45.34833],[15.3732,45.35129],[15.37568,45.35504],[15.37124,45.3581],[15.36543,45.36473],[15.36247,45.37005],[15.36108,45.37306],[15.35666,45.37243],[15.35448,45.3745],[15.3504,45.37586],[15.34873,45.37784],[15.34714,45.37784],[15.34678,45.37874],[15.34421,45.38031],[15.34048,45.38202],[15.33473,45.38479],[15.33182,45.38762],[15.32657,45.39095],[15.32273,45.39386],[15.31693,45.39482],[15.31237,45.39571],[15.30485,45.39826],[15.29974,45.40215],[15.29281,45.40393],[15.28909,45.4062],[15.28795,45.41042],[15.28187,45.41606],[15.27755,45.42142],[15.2731,45.42673],[15.26953,45.43331],[15.26545,45.43913],[15.2622,45.44217]]}},{"type":"Feature","properties":{"n":"Vinica-south"},"geometry":{"type":"LineString","coordinates":[[15.2622,45.44217],[15.26155,45.44825],[15.25687,45.45224],[15.25243,45.45252],[15.24993,45.45474],[15.24953,45.45534],[15.24852,45.45662],[15.25043,45.45835],[15.25282,45.45911],[15.25484,45.45922],[15.2551,45.45963],[15.25505,45.46047]]}},{"type":"Feature","properties":{"n":"Connecting road"},"geometry":{"type":"LineString","coordinates":[[15.2622,45.44217],[15.27277,45.44565],[15.28394,45.44838],[15.28922,45.44991],[15.30058,45.45089],[15.30344,45.45268],[15.30726,45.45085],[15.31499,45.44862],[15.31998,45.44796],[15.3276,45.44719],[15.33259,45.44815],[15.33586,45.44875],[15.34247,45.44915],[15.34632,45.45252],[15.34884,45.45529],[15.35194,45.45812],[15.35661,45.46292],[15.3583,45.468],[15.36103,45.47029],[15.3635,45.4721],[15.3663,45.47401],[15.37013,45.47549],[15.37455,45.47762],[15.38053,45.47978],[15.38527,45.48249],[15.38891,45.48393],[15.39687,45.49148],[15.39961,45.49295],[15.40042,45.49409],[15.40315,45.49506],[15.4056,45.49807],[15.40845,45.5025],[15.40965,45.50567],[15.41265,45.50707],[15.41479,45.50785]]}},{"type":"Feature","properties":{"n":"Tarsatica-east"},"geometry":{"type":"LineString","coordinates":[[14.45765,45.33447],[14.48288,45.34971],[14.48883,45.37001],[14.53026,45.37652],[14.54284,45.37956],[14.56852,45.38241],[14.60586,45.37106],[14.63686,45.36254],[14.65067,45.3703],[14.66698,45.3714],[14.68589,45.38435],[14.70469,45.37704],[14.72307,45.36435],[14.74861,45.35712],[14.76823,45.36499],[14.79217,45.39132],[14.84129,45.39531],[14.88995,45.38643],[14.92548,45.37408],[14.96787,45.37884],[14.98499,45.3769],[15.01361,45.37673],[15.03177,45.37817],[15.04716,45.3795],[15.07175,45.37683],[15.08122,45.37652],[15.10431,45.38987],[15.12995,45.41774],[15.17213,45.41987],[15.21989,45.4236],[15.2622,45.44217]]}},{"type":"Feature","properties":{"n":"Crucium-south"},"geometry":{"type":"LineString","coordinates":[[15.41479,45.50785],[15.39451,45.51773],[15.38862,45.53365],[15.36702,45.5511],[15.35443,45.56412],[15.34657,45.58096],[15.33658,45.60114],[15.32271,45.6355],[15.29394,45.65745],[15.2852,45.67456],[15.27586,45.68538],[15.26975,45.68943],[15.26338,45.69078],[15.26014,45.69564],[15.25252,45.70189],[15.24328,45.70541],[15.23424,45.71232],[15.23325,45.72313],[15.22783,45.73181],[15.21884,45.73169],[15.2233,45.73528],[15.21952,45.74139],[15.2079,45.74794],[15.20112,45.75126],[15.2002,45.75875],[15.19361,45.76936],[15.18723,45.77186],[15.17995,45.78403],[15.17986,45.7996],[15.16131,45.80561],[15.15594,45.82686],[15.15691,45.84007],[15.15772,45.8428]]}},{"type":"Feature","properties":{"n":"Nadlesk-Longaticum"},"geometry":{"type":"LineString","coordinates":[[14.25719,45.83436],[14.26445,45.82869],[14.27063,45.83607],[14.27712,45.83474],[14.28277,45.82695],[14.30999,45.81422],[14.32187,45.81223],[14.32882,45.80815],[14.32951,45.80437],[14.33386,45.79886],[14.34207,45.79523],[14.35718,45.7956],[14.36598,45.79296],[14.36857,45.78978],[14.39442,45.77894],[14.40658,45.77435],[14.41632,45.77272],[14.43078,45.76427],[14.43249,45.76277],[14.43538,45.7643],[14.4423,45.76315],[14.44464,45.76197],[14.45627,45.76284],[14.46957,45.75993],[14.46551,45.75177],[14.46892,45.74721],[14.47278,45.7426],[14.47295,45.73733],[14.47745,45.73203],[14.4761,45.72802],[14.46919,45.72565],[14.4681,45.71973],[14.47115,45.71344],[14.47279,45.71073]]}},{"type":"Feature","properties":{"n":"Nauportus-Ig"},"geometry":{"type":"LineString","coordinates":[[14.29856,45.96656],[14.30089,45.96583],[14.30116,45.96453],[14.30129,45.96168],[14.30286,45.9584],[14.30517,45.95779],[14.30957,45.95695],[14.3144,45.95933],[14.31808,45.95936],[14.32317,45.95641],[14.37009,45.94484],[14.37321,45.94712],[14.38228,45.95321],[14.39044,45.95919],[14.39255,45.96365],[14.39619,45.96657],[14.4037,45.96642],[14.41229,45.96678],[14.4182,45.97251],[14.42625,45.97215],[14.42884,45.97182],[14.43183,45.97158],[14.43895,45.97194],[14.44465,45.97385],[14.44656,45.97424],[14.45196,45.97543],[14.45742,45.97647],[14.46507,45.97587],[14.46966,45.96909],[14.47325,45.96687],[14.48187,45.96865],[14.48642,45.96853],[14.4894,45.96847],[14.49305,45.96679],[14.49658,45.96641],[14.51278,45.96197],[14.51938,45.96121],[14.52506,45.96025],[14.52753,45.95747],[14.53021,45.95666],[14.53357,45.95502],[14.53357,45.95502]]}},{"type":"Feature","properties":{"n":"Ig-\u0160kofljica"},"geometry":{"type":"LineString","coordinates":[[14.53357,45.95502],[14.53851,45.95368],[14.53905,45.95599],[14.54764,45.96662],[14.57341,45.97979],[14.57539,45.98015],[14.57538,45.98341]]}},{"type":"Feature","properties":{"n":"Nadlesk-Ig"},"geometry":{"type":"LineString","coordinates":[[14.53357,45.95502],[14.5315,45.94241],[14.538,45.92934],[14.54431,45.91106],[14.55069,45.89393],[14.5546,45.88344],[14.55919,45.86909],[14.56102,45.85777],[14.56975,45.85403],[14.57003,45.84794],[14.55377,45.84268],[14.54969,45.83846],[14.54144,45.83666],[14.54599,45.83977],[14.53968,45.83908],[14.53618,45.83418],[14.54611,45.82142],[14.55711,45.81871],[14.56005,45.8141],[14.55761,45.80565],[14.552,45.80146],[14.54995,45.79237],[14.55493,45.78375],[14.55396,45.78137],[14.54558,45.77312],[14.54384,45.75349],[14.54755,45.74571],[14.53961,45.72593],[14.52492,45.71586],[14.50897,45.71409],[14.4872,45.713],[14.47279,45.71073]]}},{"type":"Feature","properties":{"n":"Pons Sonti-Emona"},"geometry":{"type":"LineString","coordinates":[[13.73428,46.18292],[13.70758,46.17517],[13.70788,46.17249],[13.71089,46.16198],[13.71581,46.15157],[13.71642,46.14557],[13.71485,46.13866],[13.71634,46.13234],[13.70941,46.1274],[13.69801,46.11871],[13.68822,46.11381],[13.68632,46.11349],[13.66719,46.10784],[13.6488,46.10059],[13.63876,46.09423],[13.62862,46.0788],[13.61691,46.05821],[13.59674,46.05115],[13.58875,46.04383],[13.58809,46.0378],[13.59318,46.03238],[13.60352,46.02553],[13.60544,46.01755],[13.6121,46.0108],[13.63046,46.00127],[13.64864,45.98749],[13.6449,45.97541],[13.63459,45.97585],[13.62481,45.97256],[13.61641,45.96639],[13.61269,45.95776],[13.59928,45.94472],[13.56082,45.91568],[13.55615,45.90637]]}},{"type":"Feature","properties":{"n":"Emona-Celeia"},"geometry":{"type":"LineString","coordinates":[[14.54416,46.10492],[14.57704,46.09119],[14.59264,46.10508],[14.59348,46.12252],[14.60646,46.1239],[14.613,46.12577],[14.62892,46.14076],[14.68636,46.16586],[14.70129,46.17181],[14.71706,46.1711],[14.73245,46.17105],[14.75305,46.16551],[14.77919,46.17196],[14.79042,46.17247],[14.80203,46.17439],[14.81556,46.17794],[14.82731,46.17584],[14.84472,46.17675],[14.85708,46.18271],[14.86794,46.18578],[14.87363,46.18536],[14.88593,46.18848],[14.89936,46.19162],[14.90203,46.19826],[14.90052,46.20617],[14.91511,46.21053],[14.9434,46.22285],[14.95028,46.24107],[14.98119,46.24906],[15.06096,46.24858],[15.10035,46.25798],[15.11498,46.25763],[15.17847,46.24971],[15.22544,46.23936],[15.26772,46.23404]]}},{"type":"Feature","properties":{"n":"Carnium-Emona"},"geometry":{"type":"LineString","coordinates":[[14.54416,46.10492],[14.54814,46.1154],[14.56653,46.13329],[14.58212,46.13673],[14.59257,46.15947],[14.58761,46.19185],[14.58517,46.19955],[14.57602,46.20275],[14.56062,46.19685],[14.5545,46.19645],[14.55006,46.19554],[14.54799,46.19501],[14.54424,46.1953],[14.54262,46.2021],[14.54073,46.20361],[14.53923,46.20496],[14.53877,46.20668],[14.53897,46.20844],[14.53563,46.20931],[14.53257,46.2118],[14.53156,46.21278],[14.52925,46.21374],[14.51665,46.21638],[14.50991,46.21744],[14.50582,46.22104],[14.50268,46.21919],[14.4979,46.22199],[14.48453,46.22841],[14.47343,46.23157],[14.45639,46.23629],[14.41849,46.23691],[14.38952,46.24172],[14.36141,46.24763],[14.35516,46.24318],[14.35516,46.24318]]}},{"type":"Feature","properties":{"n":"Praetorium Latobicorum-Celeia"},"geometry":{"type":"LineString","coordinates":[[15.0247,45.9063],[15.02846,45.91792],[15.03897,45.92961],[15.05771,45.94549],[15.06608,45.9545],[15.09562,45.96186],[15.12409,45.9595],[15.13059,45.96558],[15.15075,45.96635],[15.16179,45.96963],[15.17049,45.96571],[15.19161,45.96019],[15.19374,45.97262],[15.19296,45.97658],[15.18662,45.98414],[15.18058,45.99436],[15.17338,46.00399],[15.17063,46.00967],[15.17239,46.0136],[15.17696,46.01524],[15.17989,46.01767],[15.17521,46.02634],[15.17498,46.03083],[15.17782,46.03543],[15.18489,46.0341],[15.18737,46.03584],[15.20157,46.03594],[15.20018,46.03854],[15.19869,46.04256],[15.19575,46.0446],[15.19167,46.05037],[15.20255,46.06068],[15.20255,46.06068]]}},{"type":"Feature","properties":{"n":"Connecting road"},"geometry":{"type":"LineString","coordinates":[[18.5364,45.1166],[18.53697,45.11611],[18.53645,45.11522],[18.53571,45.11338],[18.53442,45.10639],[18.53155,45.09232],[18.52547,45.0876],[18.52194,45.08776],[18.51795,45.08666],[18.51603,45.08412],[18.51372,45.08199],[18.5127,45.08018],[18.50641,45.07645],[18.49851,45.07459],[18.49678,45.07336],[18.49504,45.0711],[18.49447,45.06807],[18.49755,45.06452],[18.49703,45.0626],[18.4939,45.05622],[18.48791,45.05352],[18.46045,45.05095],[18.45512,45.04423],[18.45327,45.04227],[18.44578,45.03898],[18.43541,45.03124],[18.43412,45.0306],[18.42803,45.03001],[18.41627,45.02531],[18.40927,45.02415],[18.4,45.01684],[18.39676,45.00845],[18.39516,45.00686],[18.39349,45.00597],[18.39349,45.00597]]}},{"type":"Feature","properties":{"n":"Saldis-Sirmium"},"geometry":{"type":"LineString","coordinates":[[19.11877,44.84919],[19.09943,44.84208],[19.09358,44.8393],[19.09043,44.83859],[19.08687,44.83908],[19.08265,44.83986],[19.07798,44.83937],[19.07587,44.83815],[19.06797,44.83462],[19.05738,44.83601],[19.05413,44.83598],[19.04653,44.83387],[19.04704,44.83271],[19.04416,44.83099],[19.04231,44.83123],[19.0407,44.82928],[19.03757,44.8285],[19.03792,44.82551],[19.03,44.82796],[19.02821,44.83024],[19.02522,44.83151],[19.0173,44.82996],[19.00516,44.82988],[18.99859,44.83181],[18.98994,44.83239],[18.96983,44.84127],[18.95672,44.84496],[18.96042,44.84769],[18.95667,44.85865],[18.95464,44.86377],[18.94915,44.86862],[18.91794,44.8811],[18.90557,44.87872],[18.89821,44.88278],[18.87111,44.8878],[18.85444,44.88164],[18.84752,44.88067],[18.83957,44.88496],[18.82744,44.88879],[18.82521,44.89293],[18.82737,44.90514],[18.82333,44.91287],[18.82333,44.91287]]}},{"type":"Feature","properties":{"n":"Saldis-west"},"geometry":{"type":"LineString","coordinates":[[18.82333,44.91287],[18.80412,44.91022],[18.79143,44.90989],[18.75196,44.90769],[18.75183,44.90674],[18.74844,44.90637],[18.74311,44.9011]]}},{"type":"Feature","properties":{"n":"Saldis-west"},"geometry":{"type":"LineString","coordinates":[[18.74311,44.9011],[18.71457,44.8895],[18.70816,44.8881],[18.70005,44.88414],[18.68487,44.88412],[18.67508,44.88463],[18.66384,44.88079],[18.65548,44.87626],[18.63893,44.8734],[18.63467,44.86843],[18.6235,44.86353],[18.61337,44.86142],[18.60002,44.86431],[18.59296,44.89145],[18.57487,44.90097],[18.56414,44.90563],[18.53499,44.9193],[18.53505,44.92414],[18.52852,44.9299],[18.52068,44.9319],[18.51481,44.93262],[18.50701,44.9327],[18.49943,44.93867],[18.49702,44.94226],[18.48885,44.9495],[18.48635,44.95713],[18.47793,44.96449],[18.47009,44.96452],[18.45319,44.96265],[18.43202,44.97194],[18.40598,44.98597],[18.39609,44.99566],[18.39502,44.99932],[18.39349,45.00597]]}},{"type":"Feature","properties":{"n":"Gospic-Raetinium"},"geometry":{"type":"LineString","coordinates":[[15.41402,44.60512],[15.45841,44.61621],[15.48213,44.62526],[15.49843,44.64342],[15.52446,44.6465],[15.54505,44.65798],[15.55808,44.66368],[15.57683,44.66658],[15.58784,44.66589],[15.60215,44.66248],[15.61174,44.66277],[15.61211,44.66755],[15.61642,44.66877],[15.64487,44.68627],[15.66284,44.69824],[15.68474,44.7147],[15.69704,44.72842],[15.70091,44.73919],[15.71967,44.73576],[15.76433,44.73802],[15.78036,44.73848],[15.82239,44.73949],[15.8417,44.73561],[15.86537,44.74119],[15.85671,44.75156],[15.87055,44.7601],[15.88805,44.76518],[15.89544,44.76977],[15.9089,44.77352],[15.92035,44.77913],[15.93247,44.78622]]}},{"type":"Feature","properties":{"n":"Loncium-Meclaria"},"geometry":{"type":"LineString","coordinates":[[13.00176,46.66279],[13.0226,46.65461],[13.05569,46.64804],[13.07983,46.65185],[13.08977,46.64517],[13.1001,46.64561],[13.11503,46.64285],[13.135,46.63889],[13.15744,46.63209],[13.16701,46.63738],[13.1815,46.63325],[13.19644,46.62829],[13.22188,46.62547],[13.25138,46.62333],[13.27137,46.61782],[13.28608,46.61713],[13.32961,46.61762],[13.36647,46.61378],[13.38497,46.61475],[13.39892,46.61395],[13.40489,46.61317],[13.41765,46.60709],[13.44399,46.60526],[13.47126,46.61085],[13.51448,46.60519],[13.52684,46.59253],[13.55029,46.58418],[13.58038,46.57678],[13.6041,46.57523],[13.60565,46.57312],[13.62463,46.56227],[13.63966,46.55528],[13.6568,46.54834],[13.65488,46.54512]]}},{"type":"Feature","properties":{"n":"Rapis-Cambodunum"},"geometry":{"type":"LineString","coordinates":[[10.32651,47.77529],[10.3359,47.76967],[10.36843,47.78746],[10.4062,47.83018],[10.41902,47.84721],[10.43662,47.84894],[10.49784,47.85891],[10.53115,47.87429],[10.52542,47.88846],[10.5206,47.90922],[10.52175,47.92428],[10.55964,47.9503],[10.58389,47.94946],[10.59131,47.96],[10.61935,47.97012],[10.63263,47.97682],[10.63674,47.98677],[10.63665,48.01029],[10.63712,48.03133],[10.64162,48.04174],[10.64305,48.06842],[10.64683,48.07843],[10.65202,48.10063],[10.65463,48.10701],[10.66174,48.12845],[10.66383,48.14052],[10.67631,48.15892],[10.68329,48.17557],[10.6887,48.18343],[10.74021,48.1743],[10.75749,48.178],[10.75787,48.17776]]}},{"type":"Feature","properties":{"n":"Pillerh\u00f6he-Imst"},"geometry":{"type":"LineString","coordinates":[[10.63623,47.11498],[10.63824,47.11578],[10.64014,47.1168],[10.63243,47.11883],[10.63944,47.11913],[10.64443,47.12041],[10.65923,47.11777],[10.65258,47.12307],[10.65047,47.12467],[10.6582,47.12173],[10.6627,47.12029],[10.66621,47.11831],[10.66912,47.12199],[10.67703,47.12383],[10.68427,47.12785],[10.68869,47.13141],[10.70011,47.1376],[10.70482,47.13831],[10.70724,47.14135],[10.71848,47.15021],[10.72694,47.15797],[10.72997,47.16749],[10.7314,47.17244],[10.7417,47.18082],[10.75251,47.19079],[10.7559,47.19862],[10.75883,47.20363],[10.75804,47.21231],[10.75248,47.21308],[10.75489,47.22056],[10.7459,47.22802],[10.74396,47.23495]]}},{"type":"Feature","properties":{"n":"Urusa-Parthanum"},"geometry":{"type":"LineString","coordinates":[[11.14217,47.84185],[11.14573,47.84586],[11.14705,47.84821],[11.14849,47.84898],[11.1549,47.85495],[11.1548,47.86118],[11.15243,47.86132],[11.15194,47.86293],[11.15039,47.86376],[11.15302,47.8666],[11.15352,47.86854],[11.15311,47.87631],[11.14833,47.87622],[11.14336,47.87707],[11.14262,47.8783],[11.1426,47.87917],[11.1402,47.87978],[11.13251,47.8786],[11.13131,47.87873],[11.10751,47.89753]]}},{"type":"Feature","properties":{"n":"Bratananium-Urusa"},"geometry":{"type":"LineString","coordinates":[[11.10861,47.91382],[11.11469,47.91133],[11.1179,47.91218],[11.13205,47.91728],[11.15262,47.92543],[11.16118,47.93052],[11.16921,47.93403],[11.16804,47.93892],[11.17053,47.94657],[11.173,47.95333],[11.17473,47.95931],[11.17715,47.96459],[11.20658,47.97076],[11.23322,47.97579],[11.25333,47.98587],[11.26,47.99315],[11.27065,47.99994],[11.2963,47.99921],[11.3042,48.0],[11.31114,48.00055],[11.3148,48.00136],[11.31806,48.00391],[11.32756,48.00953],[11.33039,48.01125],[11.33784,48.01776],[11.34103,48.02035],[11.3419,48.02395],[11.34111,48.0264],[11.34643,48.02901],[11.3541,48.03226],[11.37368,48.0675],[11.37368,48.0675]]}},{"type":"Feature","properties":{"n":"M\u00fcnchen Gr\u00fcnwald-Pons Aeni"},"geometry":{"type":"LineString","coordinates":[[11.7944,47.94343],[11.81804,47.93132],[11.82678,47.92543],[11.84053,47.90993],[11.84735,47.90887],[11.84677,47.90706],[11.8529,47.89894],[11.85473,47.89681],[11.85334,47.89518],[11.85548,47.89293],[11.85694,47.88996],[11.86288,47.88748],[11.87076,47.88114],[11.87382,47.88036],[11.87928,47.87766],[11.88507,47.87485],[11.8872,47.87441],[11.89518,47.87218],[11.90084,47.87161],[11.90768,47.87045],[11.91535,47.86816],[11.9323,47.86538],[11.93977,47.86342],[11.95564,47.86187],[11.97422,47.85827],[11.98186,47.85992],[11.98725,47.85971],[11.99733,47.85379],[12.00677,47.85145],[12.01808,47.84918],[12.02484,47.84465],[12.04534,47.84189],[12.05705,47.84394],[12.07916,47.84273],[12.08674,47.84237],[12.08979,47.84579],[12.09773,47.85205],[12.1078,47.8527],[12.11022,47.85418],[12.12141,47.85648],[12.12911,47.85582],[12.12911,47.85582]]}},{"type":"Feature","properties":{"n":"Ambrae-south"},"geometry":{"type":"LineString","coordinates":[[11.20052,48.14236],[11.19766,48.14113],[11.19485,48.1392],[11.19407,48.13726],[11.19386,48.13533],[11.18886,48.13135],[11.18087,48.12817],[11.17584,48.12782],[11.17123,48.1267],[11.16852,48.12651],[11.16367,48.12465],[11.15992,48.12424],[11.15812,48.12282],[11.15742,48.12179],[11.15456,48.11841],[11.15289,48.11659],[11.15193,48.11399],[11.14762,48.10923],[11.14649,48.10737],[11.14571,48.1038],[11.14592,48.1003],[11.14741,48.0969],[11.15045,48.09181],[11.1514,48.08465]]}},{"type":"Feature","properties":{"n":"Connecting road"},"geometry":{"type":"LineString","coordinates":[[11.1514,48.08465],[11.15884,48.08484],[11.16341,48.08408],[11.16613,48.08309],[11.1696,48.08294],[11.17438,48.08357],[11.17715,48.08458],[11.18039,48.08447],[11.18385,48.08513],[11.18814,48.08479],[11.19147,48.08492],[11.19328,48.08491],[11.197,48.08535],[11.20102,48.08492],[11.20381,48.08533],[11.20646,48.08587],[11.21743,48.0871],[11.22674,48.08272],[11.23179,48.08095],[11.24871,48.07517],[11.25503,48.07788],[11.26578,48.08186],[11.27341,48.08325],[11.27772,48.08675],[11.28038,48.0917],[11.28268,48.0934],[11.28992,48.09304],[11.30708,48.09608],[11.3206,48.09667]]}},{"type":"Feature","properties":{"n":"Abodiacum-Parthanum"},"geometry":{"type":"LineString","coordinates":[[11.13744,47.55645],[11.12633,47.5625],[11.13023,47.56515],[11.11465,47.56043],[11.10343,47.56251],[11.10104,47.56205],[11.09516,47.56803],[11.07742,47.57629],[11.07499,47.58665],[11.06929,47.5913],[11.06137,47.59841],[11.04216,47.60319],[11.03074,47.60937],[11.03085,47.62471],[11.02446,47.64892],[11.02973,47.67136],[11.00632,47.68612],[10.9793,47.70398],[10.97417,47.71126],[10.96769,47.72693],[10.9486,47.73654],[10.93947,47.75094],[10.94324,47.76234],[10.9474,47.76618],[10.93625,47.77529],[10.92374,47.79303],[10.9217,47.79726],[10.9172,47.8102],[10.90291,47.8088],[10.89884,47.81545],[10.88917,47.81785],[10.88786,47.82324],[10.87207,47.82817]]}},{"type":"Feature","properties":{"n":"Buch-Opia"},"geometry":{"type":"LineString","coordinates":[[10.13982,48.9076],[10.14043,48.90626],[10.1424,48.90403],[10.14407,48.90059],[10.14797,48.89887],[10.1489,48.8992],[10.15262,48.89897],[10.15247,48.89792],[10.15741,48.89685],[10.16932,48.89211],[10.17552,48.88895],[10.18,48.88303],[10.18971,48.87907],[10.19157,48.87826],[10.19445,48.87797],[10.20728,48.87435],[10.21363,48.87301],[10.22707,48.87234],[10.23254,48.87293],[10.2367,48.8742],[10.24472,48.87726],[10.24959,48.87776],[10.25505,48.87711],[10.26397,48.87431],[10.27675,48.87287],[10.28566,48.86895],[10.29051,48.86905],[10.29421,48.86782],[10.29855,48.86714],[10.3014,48.86595],[10.31042,48.86447],[10.31212,48.86389],[10.31409,48.86202],[10.31632,48.86088],[10.31874,48.86054],[10.32029,48.86063],[10.32294,48.86256],[10.32591,48.86344],[10.33147,48.86412],[10.33344,48.86416],[10.34409,48.8626],[10.34511,48.86236],[10.34511,48.86236]]}},{"type":"Feature","properties":{"n":"Lorch-Aalen"},"geometry":{"type":"LineString","coordinates":[[9.70204,48.79737],[9.70858,48.79817],[9.71482,48.79665],[9.71826,48.79627],[9.72309,48.79402],[9.72851,48.79204],[9.73374,48.79199],[9.73604,48.79135],[9.73809,48.79142],[9.73879,48.79095],[9.73928,48.79048],[9.74662,48.78868],[9.75358,48.78934],[9.76102,48.78981],[9.76204,48.7885],[9.77038,48.79169],[9.78761,48.79976],[9.78817,48.80063],[9.79167,48.80099],[9.79708,48.80283],[9.80024,48.80362],[9.80269,48.80277],[9.80397,48.80093],[9.8096,48.80151],[9.81585,48.80173],[9.82087,48.80145],[9.82249,48.80087],[9.83351,48.80135],[9.83948,48.80485],[9.84373,48.8066],[9.84705,48.80793],[9.85115,48.80844],[9.85312,48.80914],[9.8661,48.81477],[9.87103,48.81595],[9.87668,48.81636],[9.87852,48.8177],[9.88495,48.8196],[9.89024,48.82182],[9.89196,48.82314],[9.90767,48.82213],[9.91357,48.82005],[9.91625,48.81978],[9.92604,48.82086],[9.95376,48.823],[9.96148,48.82565],[9.96828,48.82485],[9.97581,48.82294],[9.99503,48.82244],[10.01875,48.81892],[10.03567,48.8217],[10.06434,48.82664],[10.07285,48.82929],[10.08305,48.83032],[10.09418,48.83412],[10.09558,48.83519],[10.09666,48.8372],[10.09666,48.8372]]}},{"type":"Feature","properties":{"n":"Guntia-Aquileia"},"geometry":{"type":"LineString","coordinates":[[10.26983,48.45456],[10.27111,48.45522],[10.26838,48.46185],[10.26726,48.4641],[10.26726,48.46525],[10.25738,48.48597],[10.2514,48.50884],[10.23959,48.53181],[10.23827,48.53502],[10.23685,48.53655]]}},{"type":"Feature","properties":{"n":"Guntia-Aquileia"},"geometry":{"type":"LineString","coordinates":[[10.22252,48.53858],[10.22139,48.54105],[10.21998,48.54105],[10.21832,48.54297],[10.21339,48.54507],[10.20463,48.54841],[10.20248,48.55104],[10.19853,48.55631],[10.19363,48.55825],[10.19314,48.55982],[10.19509,48.56131],[10.19463,48.56315],[10.19688,48.56432],[10.2072,48.56369],[10.20821,48.56592],[10.20794,48.56731],[10.21135,48.56785],[10.20843,48.56894],[10.20551,48.57075],[10.20623,48.57388],[10.20912,48.57699],[10.21202,48.58044],[10.21155,48.58253],[10.2075,48.58502],[10.20579,48.589],[10.20467,48.59321],[10.20317,48.59522],[10.20321,48.59835],[10.19632,48.60668],[10.18676,48.60473],[10.18739,48.61269],[10.18431,48.61794],[10.17294,48.62367],[10.16942,48.62417],[10.16637,48.62685],[10.16572,48.6294],[10.1661,48.63034],[10.16688,48.6426],[10.16242,48.65619],[10.15972,48.65998],[10.15677,48.66468],[10.15682,48.67057],[10.15682,48.67057]]}},{"type":"Feature","properties":{"n":"Aquileia-Aalen"},"geometry":{"type":"LineString","coordinates":[[10.16856,48.69696],[10.16306,48.70561],[10.16241,48.70859],[10.15637,48.72136],[10.15695,48.72293],[10.15773,48.72468],[10.15763,48.72627],[10.15116,48.73362],[10.1488,48.73441],[10.1468,48.73423],[10.14331,48.73271],[10.14139,48.73274],[10.13686,48.7343],[10.13527,48.73557],[10.13089,48.73699],[10.12808,48.73855],[10.12512,48.73919],[10.12216,48.73861],[10.12008,48.73787],[10.11348,48.74179],[10.1117,48.7435],[10.10832,48.74541],[10.10431,48.7479],[10.10346,48.74913],[10.10318,48.75412],[10.1028,48.75594],[10.10367,48.76002],[10.10295,48.76251],[10.10092,48.76633],[10.1006,48.7756],[10.10301,48.77928],[10.11278,48.78327],[10.11926,48.78398],[10.1244,48.78525],[10.12787,48.79088],[10.12842,48.79655],[10.12845,48.80024],[10.1279,48.80306],[10.1286,48.8108],[10.12837,48.81252],[10.12751,48.81359],[10.12743,48.81486],[10.12625,48.81569],[10.1239,48.81755],[10.12328,48.8187],[10.12165,48.81971],[10.12126,48.82039],[10.12044,48.82504],[10.11909,48.82652],[10.11472,48.82837],[10.11201,48.82911],[10.10976,48.82947],[10.09814,48.83517],[10.09746,48.83634],[10.09666,48.8372],[10.09666,48.8372]]}},{"type":"Feature","properties":{"n":"Opia-Losodica"},"geometry":{"type":"LineString","coordinates":[[10.41798,48.8867],[10.41612,48.88506],[10.41102,48.88268],[10.41029,48.88174],[10.40844,48.88083],[10.40677,48.87934],[10.40344,48.87873],[10.40126,48.87866],[10.4002,48.87791],[10.39852,48.87813],[10.39709,48.87855],[10.39555,48.87842],[10.39449,48.87869],[10.39098,48.87858],[10.3909,48.87818],[10.39198,48.87788],[10.39288,48.87696],[10.39296,48.87485],[10.39347,48.87281],[10.39146,48.87121],[10.38298,48.86951],[10.37719,48.86991],[10.37572,48.86957],[10.37245,48.8667],[10.37161,48.86504],[10.36457,48.8615],[10.3616,48.86112],[10.35893,48.86056],[10.35617,48.86051],[10.35475,48.86009],[10.35365,48.85936],[10.35365,48.85936]]}},{"type":"Feature","properties":{"n":"Donauw\u00f6rth-Treuchtlingen"},"geometry":{"type":"LineString","coordinates":[[10.90812,48.95506],[10.90792,48.95161],[10.90785,48.95031],[10.91938,48.94204],[10.92075,48.93466],[10.91644,48.92369],[10.91699,48.9182],[10.91637,48.91361],[10.91935,48.90841],[10.92428,48.90211],[10.9238,48.89768],[10.92125,48.89429],[10.91674,48.88904],[10.90588,48.88049],[10.90581,48.87771],[10.90484,48.87389],[10.90379,48.86983],[10.90367,48.86735],[10.90248,48.86675],[10.90317,48.86534],[10.90169,48.86429],[10.8973,48.86235],[10.88218,48.85227],[10.87367,48.84817],[10.86053,48.84676],[10.85879,48.84483],[10.85601,48.8434],[10.85527,48.84128],[10.85347,48.84036],[10.8493,48.8391],[10.84132,48.83373],[10.82845,48.82628],[10.82973,48.81511],[10.8227,48.80583],[10.82189,48.79612],[10.81248,48.79165],[10.80629,48.78153],[10.796,48.77785],[10.78378,48.77791],[10.77607,48.77117],[10.7803,48.76282],[10.77791,48.75748],[10.77616,48.75247],[10.77725,48.74348],[10.77779,48.73751]]}},{"type":"Feature","properties":{"n":"Biriciana-Oberhochstatt"},"geometry":{"type":"LineString","coordinates":[[10.95123,49.02298],[10.95682,49.02623],[10.95865,49.02694],[10.9615,49.02898],[10.96412,49.02911],[10.96548,49.0288],[10.96629,49.02907],[10.9681,49.03239],[10.96999,49.03249],[10.97073,49.0328],[10.97237,49.03284],[10.97677,49.03108],[10.9769,49.03037],[10.98987,49.03268],[10.99828,49.0344],[11.00993,49.0351],[11.01897,49.03944],[11.02275,49.04073],[11.02756,49.04108],[11.02843,49.04133],[11.02858,49.04086],[11.02755,49.03996],[11.02794,49.03898],[11.02771,49.03832],[11.02786,49.03698],[11.02722,49.03531],[11.02742,49.035],[11.03146,49.03491],[11.03302,49.03506],[11.04069,49.03346],[11.04256,49.03269],[11.04691,49.03216],[11.04807,49.03226],[11.04807,49.0311],[11.04781,49.03054],[11.048,49.02993],[11.04857,49.03093],[11.05097,49.03326],[11.05341,49.03361],[11.05341,49.03361]]}},{"type":"Feature","properties":{"n":"Oberhochstatt-Vetoniana"},"geometry":{"type":"LineString","coordinates":[[11.05341,49.03361],[11.07984,49.01609],[11.16579,48.94827],[11.19872,48.92255],[11.20425,48.91763],[11.22021,48.90932],[11.25099,48.89375],[11.26134,48.88868],[11.26348,48.88748]]}},{"type":"Feature","properties":{"n":"Vetoniana-Germanicum"},"geometry":{"type":"LineString","coordinates":[[11.26604,48.88788],[11.26649,48.88752],[11.2672,48.8863],[11.26915,48.88464],[11.29239,48.8801],[11.30804,48.87548],[11.33735,48.86738],[11.3674,48.85963],[11.36839,48.85848],[11.37161,48.8576],[11.37427,48.8564],[11.37874,48.855],[11.39998,48.84823],[11.45713,48.82907],[11.47067,48.82455],[11.48696,48.81634],[11.49715,48.81229],[11.49978,48.811]]}},{"type":"Feature","properties":{"n":"Germanicum-Celesum"},"geometry":{"type":"LineString","coordinates":[[11.49978,48.811],[11.50148,48.81101],[11.50368,48.81138],[11.50597,48.8115],[11.50829,48.811],[11.51298,48.80967],[11.52059,48.80823],[11.55666,48.81033],[11.58047,48.81238],[11.60946,48.81458],[11.63585,48.81619],[11.65648,48.81824],[11.65907,48.81868],[11.66335,48.81774],[11.66583,48.8176],[11.6664,48.81884],[11.67174,48.81851],[11.68094,48.81953],[11.68475,48.82061]]}},{"type":"Feature","properties":{"n":"Summuntorium-Donauw\u00f6rth"},"geometry":{"type":"LineString","coordinates":[[10.81562,48.63524],[10.81534,48.6358],[10.81612,48.63889],[10.81396,48.64271],[10.80981,48.64695],[10.8067,48.64803],[10.80813,48.64887],[10.80662,48.64936],[10.8037,48.65304],[10.80333,48.65469],[10.80141,48.65581],[10.80112,48.65715],[10.8002,48.65872],[10.80088,48.65947],[10.80017,48.66276],[10.79807,48.66534],[10.79744,48.66799],[10.79533,48.66951],[10.79191,48.67313],[10.79179,48.67484],[10.78906,48.67764],[10.78532,48.68096],[10.78309,48.68541],[10.7815,48.68955],[10.7818,48.69132],[10.7806,48.69453],[10.77967,48.69554],[10.78166,48.6992],[10.78174,48.70195],[10.78532,48.70455],[10.78932,48.70781],[10.79861,48.70908],[10.79868,48.713],[10.79715,48.71342],[10.79766,48.71424],[10.79766,48.71424]]}},{"type":"Feature","properties":{"n":"Donauw\u00f6rth-Germanicum"},"geometry":{"type":"LineString","coordinates":[[10.79766,48.71424],[10.80727,48.71672],[10.8153,48.72046],[10.82625,48.71877],[10.83795,48.71607],[10.84481,48.71711],[10.85302,48.7243],[10.85605,48.73017],[10.85907,48.73344],[10.86536,48.73521],[10.87423,48.73607],[10.88108,48.74193],[10.88818,48.74294],[10.89884,48.74533],[10.90502,48.7432],[10.90986,48.74201],[10.91773,48.74167],[10.92616,48.74261],[10.93341,48.74241],[10.93768,48.74138],[10.95013,48.74164],[10.95459,48.74125],[10.95772,48.74542],[10.96368,48.74776],[10.97675,48.74646],[10.9857,48.74412],[11.0009,48.74627],[11.00896,48.74637],[11.02049,48.74909],[11.03844,48.75117],[11.08005,48.7373],[11.08005,48.7373]]}},{"type":"Feature","properties":{"n":"Vicus Scuttarensium-Parrodunum"},"geometry":{"type":"LineString","coordinates":[[11.0589,48.71572],[11.06418,48.72177],[11.06943,48.72433],[11.06564,48.72786],[11.06553,48.73114],[11.06808,48.73239],[11.07057,48.73226],[11.08005,48.7373]]}},{"type":"Feature","properties":{"n":"Vicus Scuttarensium-Parrodunum"},"geometry":{"type":"LineString","coordinates":[[11.08005,48.7373],[11.09149,48.7458],[11.09753,48.7489],[11.10377,48.75106],[11.10648,48.75352],[11.11133,48.75499],[11.11568,48.75557],[11.11829,48.75661],[11.13067,48.75918],[11.13622,48.75967],[11.14024,48.76133],[11.14637,48.7634],[11.15387,48.76473],[11.15755,48.76572],[11.17213,48.77401],[11.18551,48.77893],[11.18576,48.78084],[11.19035,48.78056],[11.20401,48.78509],[11.22348,48.79424],[11.22513,48.79799],[11.22522,48.79852],[11.22619,48.79827],[11.22699,48.79788],[11.22776,48.79794],[11.22776,48.79896],[11.2282,48.79953]]}},{"type":"Feature","properties":{"n":"Vicus Scuttarensium-Germanicum"},"geometry":{"type":"LineString","coordinates":[[11.2282,48.79953],[11.24127,48.80034],[11.26024,48.79933],[11.26875,48.79875],[11.27685,48.80166],[11.28085,48.80113],[11.29296,48.80041],[11.30447,48.79927],[11.31213,48.79925],[11.31648,48.80126],[11.32115,48.80216],[11.32143,48.80172],[11.33324,48.80211],[11.33772,48.80179],[11.34016,48.80116],[11.34313,48.80104],[11.34736,48.80519],[11.36605,48.80202],[11.37191,48.80085],[11.37393,48.79747],[11.37949,48.79612],[11.39478,48.79465],[11.40442,48.79594],[11.412,48.79458],[11.41491,48.79264],[11.42546,48.79232],[11.43792,48.79039],[11.44068,48.79339],[11.44301,48.79429],[11.44455,48.79527],[11.45232,48.79646],[11.45978,48.80489],[11.46069,48.80564],[11.4631,48.8065],[11.46409,48.80735],[11.46785,48.80785],[11.4771,48.80777],[11.48591,48.80954],[11.4904,48.81066],[11.49346,48.81074],[11.49674,48.81034],[11.49797,48.81049],[11.49978,48.811],[11.49978,48.811]]}},{"type":"Feature","properties":{"n":"Donauw\u00f6rth-Phoebiana"},"geometry":{"type":"LineString","coordinates":[[10.42635,48.56708],[10.43048,48.57115],[10.43252,48.57284],[10.43839,48.57304],[10.49486,48.58132],[10.53013,48.59301],[10.54761,48.60306],[10.56451,48.60993],[10.56706,48.6111],[10.5671,48.61248],[10.56694,48.61567],[10.56758,48.61696],[10.56794,48.61858],[10.61412,48.64159],[10.65471,48.65991],[10.66123,48.66382],[10.67598,48.66908],[10.69513,48.67793],[10.7027,48.68089],[10.7103,48.6834],[10.72262,48.69079],[10.72716,48.6933],[10.73337,48.69798],[10.73495,48.70233],[10.73964,48.70948],[10.74482,48.71283],[10.7608,48.71953],[10.76806,48.71619],[10.77175,48.71566],[10.7775,48.71601],[10.78182,48.71574],[10.78251,48.71692]]}},{"type":"Feature","properties":{"n":"Phoebiana-Opia"},"geometry":{"type":"LineString","coordinates":[[10.40808,48.58165],[10.40594,48.62184],[10.40683,48.62508],[10.40902,48.62848],[10.40693,48.63352],[10.40405,48.64072],[10.40106,48.6554],[10.4025,48.65993],[10.4037,48.66369],[10.40169,48.66957],[10.39793,48.67232],[10.39253,48.67762],[10.38921,48.69072],[10.39371,48.6948],[10.39711,48.6997],[10.39365,48.70658],[10.40148,48.71197],[10.40715,48.71656],[10.40493,48.71903],[10.39583,48.72468],[10.39228,48.72429],[10.3956,48.72621],[10.3966,48.73173],[10.38308,48.75161],[10.34953,48.80901],[10.33948,48.80967],[10.33489,48.81197],[10.33531,48.81382],[10.33153,48.81994],[10.32887,48.82389],[10.3312,48.82684],[10.33127,48.83139],[10.33206,48.8322]]}},{"type":"Feature","properties":{"n":"Aquileia-Opia"},"geometry":{"type":"LineString","coordinates":[[10.16856,48.69696],[10.185,48.69511],[10.1958,48.69427],[10.20215,48.69718],[10.21139,48.69824],[10.21771,48.69946],[10.22002,48.70227],[10.22657,48.70461],[10.2324,48.70238],[10.23588,48.70399],[10.23958,48.70642],[10.24289,48.70559],[10.24626,48.70971],[10.25153,48.71991],[10.25915,48.7243],[10.26101,48.72828],[10.26238,48.73289],[10.26479,48.7375],[10.26546,48.74119],[10.26116,48.74487],[10.26656,48.75015],[10.26814,48.76162],[10.26823,48.78507],[10.26398,48.79315],[10.26545,48.79407],[10.26664,48.7955],[10.26966,48.80123],[10.28032,48.80648],[10.28881,48.81605],[10.29769,48.82266],[10.30757,48.82582],[10.3154,48.82598],[10.319,48.82732],[10.32112,48.829],[10.32428,48.83134],[10.33118,48.83224],[10.33206,48.8322]]}},{"type":"Feature","properties":{"n":"Clarenna-Ad Lunam"},"geometry":{"type":"LineString","coordinates":[[9.52412,48.50326],[9.52731,48.50498],[9.52932,48.50525],[9.53261,48.50464],[9.53929,48.50554],[9.54144,48.50533],[9.54647,48.5066],[9.54854,48.5083],[9.54913,48.51052],[9.55074,48.51135],[9.55583,48.51071],[9.55917,48.51182],[9.56084,48.5131],[9.5628,48.51398],[9.5647,48.5143],[9.56506,48.51483],[9.56577,48.51466],[9.56893,48.51408],[9.5714,48.51412],[9.57484,48.51519],[9.57696,48.51774],[9.57595,48.51996],[9.57489,48.52068],[9.57513,48.52142],[9.57692,48.52154],[9.57838,48.52201],[9.58136,48.52235],[9.58556,48.52175],[9.58887,48.52222],[9.60035,48.52214],[9.60485,48.52092],[9.61325,48.51574],[9.6181,48.51487],[9.62422,48.51515],[9.62432,48.51635],[9.62597,48.51648],[9.62786,48.51687],[9.62965,48.51688],[9.63158,48.51679],[9.63263,48.51723],[9.63394,48.51817],[9.63506,48.5185],[9.63712,48.51829],[9.64259,48.51893],[9.64369,48.51947],[9.64492,48.52074],[9.65612,48.52622],[9.65332,48.52944],[9.65312,48.53127],[9.65345,48.53253],[9.65593,48.53368],[9.65634,48.5341],[9.65634,48.5341]]}},{"type":"Feature","properties":{"n":"Ad Lunam-Stuttgart"},"geometry":{"type":"LineString","coordinates":[[9.59574,48.5687],[9.60379,48.56686],[9.60528,48.56716],[9.60557,48.56538],[9.61194,48.56351],[9.61392,48.5641],[9.61518,48.56322],[9.62166,48.56227],[9.62351,48.56204],[9.62442,48.56164],[9.62538,48.56168],[9.62629,48.56128],[9.62728,48.55913],[9.62815,48.55723],[9.62818,48.55631],[9.62849,48.55629],[9.62865,48.55728],[9.6291,48.56007],[9.62991,48.56054],[9.62953,48.56013],[9.62988,48.55735],[9.63092,48.55497],[9.63174,48.55316],[9.63367,48.55134],[9.63296,48.55076],[9.63535,48.54994],[9.63632,48.55121],[9.64617,48.55284],[9.64828,48.55194],[9.64985,48.54967],[9.6478,48.54395],[9.65113,48.53665],[9.65634,48.5341],[9.65634,48.5341]]}},{"type":"Feature","properties":{"n":"Ad Lunam-Stuttgart"},"geometry":{"type":"LineString","coordinates":[[9.65634,48.5341],[9.67447,48.53174],[9.68216,48.53102],[9.69366,48.53141],[9.69839,48.53064],[9.69867,48.53436],[9.70654,48.53267],[9.71012,48.5305],[9.7262,48.52715],[9.75975,48.51823],[9.78161,48.53261],[9.79116,48.5394],[9.83205,48.54143],[9.84868,48.54897],[9.86164,48.55347],[9.86356,48.55524],[9.8657,48.55534],[9.86795,48.55496],[9.86837,48.55526],[9.87013,48.555],[9.87652,48.5521],[9.87892,48.55002],[9.8808,48.54948],[9.88443,48.54979],[9.8891,48.55005],[9.89168,48.55062]]}},{"type":"Feature","properties":{"n":"Ad Lunam-G\u00f6ppingen"},"geometry":{"type":"LineString","coordinates":[[9.86871,48.58541],[9.86641,48.58659],[9.86575,48.5873],[9.86533,48.58858],[9.86384,48.58936],[9.85899,48.59099],[9.8573,48.59277],[9.8542,48.5936],[9.85316,48.59439],[9.85113,48.59644],[9.84846,48.59795],[9.84445,48.59848],[9.8428,48.59931],[9.84206,48.60024],[9.84205,48.60186],[9.84356,48.60445],[9.84342,48.60678],[9.84272,48.60737],[9.84301,48.61068],[9.84211,48.61152],[9.84211,48.61238],[9.84221,48.61309],[9.84074,48.61535],[9.84059,48.61637],[9.83878,48.61686],[9.83783,48.61765],[9.83686,48.61986],[9.83573,48.62317],[9.82703,48.62487],[9.82495,48.6253],[9.82147,48.62715],[9.81664,48.62848],[9.81125,48.63019],[9.80742,48.63118],[9.80227,48.63419],[9.80078,48.63566],[9.79547,48.63774],[9.79163,48.64077],[9.79022,48.64222],[9.78918,48.64504],[9.78119,48.65251],[9.77693,48.65508],[9.77157,48.65996],[9.76436,48.6637],[9.75457,48.6668],[9.7418,48.66665],[9.73351,48.66871],[9.7218,48.68005],[9.70558,48.68291],[9.7029,48.68698],[9.70375,48.69036],[9.70547,48.69276],[9.70662,48.6957],[9.70651,48.69754],[9.70523,48.69776],[9.70381,48.69863],[9.70217,48.69991],[9.70107,48.70059],[9.70107,48.70059]]}},{"type":"Feature","properties":{"n":"Aquileia-Ad Lunam"},"geometry":{"type":"LineString","coordinates":[[9.86871,48.58541],[9.86988,48.58627],[9.87152,48.58979],[9.87403,48.59263],[9.88321,48.60435],[9.88555,48.60602],[9.89414,48.61138],[9.89849,48.61103],[9.90324,48.61157],[9.90587,48.61148],[9.91188,48.613],[9.91268,48.6136],[9.91443,48.6138],[9.91555,48.61418],[9.91605,48.61456],[9.91778,48.61411],[9.91893,48.61413],[9.92148,48.61573],[9.9256,48.61723],[9.92875,48.61977],[9.93934,48.62155],[9.95251,48.62037],[9.95529,48.62067],[9.95476,48.6245],[9.95359,48.6275],[9.95474,48.63083],[9.95415,48.63224],[9.95595,48.63749],[9.95804,48.64297],[9.95858,48.64351],[9.959,48.6442],[9.95996,48.64447],[9.96398,48.65155],[9.97051,48.65527],[9.97121,48.65885],[9.97352,48.66134],[9.98081,48.67145],[10.00344,48.67006],[10.00892,48.67031],[10.01531,48.66859],[10.02047,48.66851],[10.02334,48.66589],[10.02587,48.66595],[10.03527,48.66761],[10.04076,48.6711],[10.04706,48.67331],[10.05722,48.67224],[10.06358,48.67239],[10.07268,48.6736],[10.09159,48.67842],[10.10661,48.6803],[10.13478,48.67977],[10.15084,48.67853],[10.1575,48.67727],[10.15863,48.67596],[10.15863,48.67596]]}},{"type":"Feature","properties":{"n":"Phoebiana-Aquileia"},"geometry":{"type":"LineString","coordinates":[[10.15682,48.67057],[10.16121,48.66817],[10.16617,48.6661],[10.17206,48.66577],[10.17996,48.66653],[10.1908,48.66778],[10.19515,48.66784],[10.20432,48.66216],[10.22112,48.65893],[10.22649,48.65646],[10.22801,48.65319],[10.2287,48.65009],[10.2316,48.64789],[10.26984,48.63287],[10.27237,48.62722],[10.27514,48.62802],[10.28282,48.62869],[10.30105,48.63149],[10.30944,48.6271],[10.33403,48.625],[10.34736,48.62822],[10.35777,48.61939],[10.35935,48.61798],[10.35996,48.61693],[10.36145,48.6165],[10.36089,48.61583],[10.36132,48.61495],[10.3602,48.61418],[10.35862,48.61113],[10.36038,48.60926],[10.36515,48.60599],[10.36687,48.60204],[10.36969,48.60001],[10.37486,48.59894],[10.37705,48.59748],[10.37656,48.59565],[10.37967,48.59196],[10.39281,48.58597],[10.39805,48.58396],[10.40808,48.58165]]}},{"type":"Feature","properties":{"n":"Phoebiana-Sontheim"},"geometry":{"type":"LineString","coordinates":[[10.23685,48.53655],[10.24028,48.53743],[10.2654,48.54237],[10.28899,48.54814],[10.29402,48.54879],[10.29429,48.54757],[10.29412,48.54626],[10.29468,48.54586],[10.30113,48.54676],[10.30652,48.54702],[10.31314,48.54604],[10.31692,48.54582],[10.32009,48.54589],[10.32869,48.54415],[10.3329,48.54391],[10.33498,48.5443],[10.33655,48.54507],[10.33761,48.54514],[10.33947,48.54465],[10.34937,48.54612],[10.35202,48.54606],[10.35767,48.54738],[10.36753,48.54905],[10.36725,48.5497],[10.36534,48.55155],[10.36445,48.55218],[10.36379,48.5547],[10.36784,48.55518],[10.37073,48.55485],[10.37359,48.55408],[10.3757,48.55374],[10.38254,48.55508],[10.38859,48.55883],[10.38948,48.56019],[10.40038,48.56391],[10.40326,48.56399],[10.40522,48.56314],[10.4076,48.56284],[10.40972,48.56305],[10.40972,48.56305]]}},{"type":"Feature","properties":{"n":"Buch-Aalen"},"geometry":{"type":"LineString","coordinates":[[10.09666,48.8372],[10.09634,48.84573],[10.10121,48.85416],[10.10962,48.86898],[10.11746,48.87494],[10.13425,48.88334],[10.13205,48.88894],[10.13179,48.89243],[10.13187,48.89384],[10.12862,48.89683],[10.13134,48.89972],[10.13197,48.90255],[10.13437,48.90624],[10.13435,48.90704],[10.13379,48.9082]]}},{"type":"Feature","properties":{"n":"Losodica-Opia"},"geometry":{"type":"LineString","coordinates":[[10.41798,48.8867],[10.42029,48.88737],[10.42332,48.88869],[10.43152,48.88977],[10.43288,48.88964],[10.43393,48.88932],[10.43496,48.88978],[10.43601,48.88991],[10.43748,48.89073],[10.4394,48.89051],[10.44075,48.89091],[10.44221,48.89192],[10.44466,48.89216],[10.45242,48.89057],[10.45825,48.88915],[10.46285,48.89139],[10.46791,48.89408],[10.46836,48.90112],[10.46721,48.90573],[10.46714,48.91244],[10.46535,48.92383],[10.47043,48.92383],[10.47171,48.92376],[10.47288,48.92395],[10.48214,48.92408],[10.49037,48.9262],[10.49202,48.9277],[10.49614,48.92854],[10.4981,48.92861],[10.49879,48.92829],[10.49913,48.92786],[10.50223,48.92753],[10.50485,48.92676],[10.50537,48.9253],[10.50651,48.92484],[10.51021,48.9242],[10.55191,48.92383],[10.5511,48.92534],[10.55149,48.92616],[10.55232,48.92622],[10.55359,48.92662],[10.55477,48.92666],[10.55676,48.9271],[10.56002,48.92649],[10.57427,48.92105],[10.57521,48.92219],[10.58254,48.92117],[10.58786,48.92002],[10.59442,48.92002],[10.59442,48.92002]]}},{"type":"Feature","properties":{"n":"Donauw\u00f6rth-Losodica"},"geometry":{"type":"LineString","coordinates":[[10.77779,48.73751],[10.76781,48.73924],[10.7475,48.73971],[10.74046,48.74106],[10.73276,48.74479],[10.72953,48.74917],[10.71757,48.75789],[10.71657,48.75686],[10.71494,48.75598],[10.71481,48.755],[10.7102,48.75379],[10.70772,48.75373],[10.70631,48.75475],[10.70425,48.75542],[10.70327,48.75614],[10.69439,48.75855],[10.69143,48.75758],[10.687,48.75782],[10.67914,48.75604],[10.66928,48.75659],[10.66737,48.75735],[10.66698,48.7579],[10.66577,48.75864],[10.66484,48.76265],[10.65485,48.77944],[10.6553,48.78027],[10.65747,48.78213],[10.65905,48.78265],[10.65903,48.78296],[10.65855,48.78307],[10.65766,48.78279],[10.65657,48.78291],[10.65409,48.78286],[10.65311,48.78307],[10.65099,48.78569],[10.64572,48.78732],[10.64424,48.78834],[10.64315,48.78951],[10.64199,48.79015],[10.64123,48.79084],[10.64091,48.79155],[10.64133,48.79217],[10.64093,48.79351],[10.63901,48.79517],[10.6379,48.79652],[10.63245,48.80883],[10.63268,48.81064],[10.63451,48.81249],[10.6371,48.81313],[10.63924,48.814],[10.64038,48.81547],[10.64045,48.81744],[10.62503,48.85055],[10.62366,48.8564],[10.60498,48.91124],[10.60295,48.92163],[10.60295,48.92163]]}},{"type":"Feature","properties":{"n":"Losodica-Biriciana"},"geometry":{"type":"LineString","coordinates":[[10.60295,48.92163],[10.6025,48.92604],[10.60146,48.94567],[10.60162,48.94953],[10.60493,48.95105],[10.60702,48.95298],[10.61108,48.95483],[10.62298,48.97015],[10.64469,48.98582],[10.65415,48.99634],[10.65927,49.0022],[10.66275,49.00404],[10.66489,49.00693],[10.68491,49.0164],[10.69172,49.023],[10.69402,49.02979],[10.69177,49.0371],[10.70146,49.04748],[10.71184,49.05804],[10.71407,49.05925],[10.71764,49.0592],[10.74949,49.0492],[10.79445,49.04907],[10.80428,49.03779],[10.82295,49.03138],[10.83216,49.02521],[10.85115,49.02058],[10.86586,49.02674],[10.87111,49.03128],[10.89185,49.03187],[10.90244,49.03002],[10.90277,49.02475],[10.91627,49.02344],[10.92389,49.02422],[10.94043,49.02153],[10.95123,49.02298]]}},{"type":"Feature","properties":{"n":"Ruffenhofen-Losodica"},"geometry":{"type":"LineString","coordinates":[[10.48078,49.04658],[10.48309,49.04532],[10.47902,49.02367],[10.47893,49.01701],[10.48149,49.0117],[10.48211,49.00857],[10.48225,49.00654],[10.48254,49.00586],[10.4841,49.00499],[10.48414,49.00474],[10.48212,49.00352],[10.48213,49.00308],[10.48505,49.00207],[10.48717,49.00186],[10.48761,49.00157],[10.48686,48.9989],[10.487,48.99818],[10.48798,48.99767],[10.48938,48.99721],[10.49021,48.99635],[10.49026,48.99481],[10.48918,48.99457],[10.48935,48.99346],[10.48924,48.99163],[10.4894,48.99066],[10.48991,48.99025],[10.4926,48.99042],[10.50007,48.98901],[10.50177,48.98976],[10.50496,48.99033],[10.50656,48.98995],[10.50719,48.9894],[10.50784,48.98791],[10.50942,48.98667],[10.5099,48.98592],[10.51492,48.98436],[10.51562,48.98458],[10.51677,48.98407],[10.51727,48.98266],[10.5187,48.98092],[10.52426,48.98101],[10.53236,48.97876],[10.53384,48.97728],[10.53479,48.97668],[10.5356,48.97301],[10.55202,48.96027],[10.56378,48.95446],[10.58214,48.94102],[10.58795,48.93894],[10.58793,48.93466],[10.5921,48.92614],[10.59442,48.92002],[10.59442,48.92002]]}},{"type":"Feature","properties":{"n":"Losodica-Treuchtlingen"},"geometry":{"type":"LineString","coordinates":[[10.90812,48.95506],[10.9066,48.95828],[10.90169,48.96102],[10.89591,48.96362],[10.89415,48.96383],[10.89509,48.96153],[10.88256,48.95737],[10.84839,48.96201],[10.84075,48.96449],[10.82894,48.95994],[10.82306,48.95927],[10.82165,48.95841],[10.80288,48.9524],[10.79072,48.94877],[10.78261,48.9449],[10.77328,48.94267],[10.76051,48.93608],[10.75364,48.93418],[10.73285,48.93744],[10.72109,48.93837],[10.71546,48.93829],[10.71157,48.9367],[10.70444,48.93591],[10.68926,48.93749],[10.67887,48.93996],[10.67151,48.94127],[10.6566,48.93759],[10.64961,48.93167],[10.63941,48.9285],[10.62758,48.92906],[10.62183,48.92889],[10.61834,48.92509],[10.61605,48.9225],[10.60612,48.92145],[10.60295,48.92163],[10.60295,48.92163]]}},{"type":"Feature","properties":{"n":"Vicus Scuttarensium-Treuchtlingen"},"geometry":{"type":"LineString","coordinates":[[10.94065,48.96184],[10.95149,48.96698],[10.9961,48.97323],[11.01145,48.96745],[11.00898,48.95546],[11.01868,48.94928],[11.02784,48.94159],[11.03221,48.93265],[11.03726,48.92831],[11.06638,48.92417],[11.08385,48.91085],[11.08806,48.89838],[11.07505,48.88694],[11.06722,48.88271],[11.07229,48.87885],[11.07319,48.87355],[11.07596,48.87127],[11.07381,48.86604],[11.07789,48.85092],[11.06176,48.84434],[11.05527,48.83597],[11.05524,48.8303],[11.07451,48.82419],[11.08255,48.82574],[11.08065,48.81912],[11.08528,48.81759],[11.09304,48.82064],[11.10294,48.81818],[11.11925,48.81891],[11.12485,48.82242],[11.1645,48.80894],[11.19117,48.80691],[11.20328,48.80403],[11.22242,48.80014],[11.2282,48.79953]]}},{"type":"Feature","properties":{"n":"Vicus Scuttarensium-Vetoniana"},"geometry":{"type":"LineString","coordinates":[[11.2282,48.79953],[11.2278,48.80564],[11.22679,48.80758],[11.22558,48.81237],[11.22905,48.82517],[11.22563,48.83349],[11.22317,48.83542],[11.22315,48.83947],[11.22575,48.84989],[11.23608,48.85692],[11.23701,48.85878],[11.24736,48.86006],[11.25176,48.86755],[11.24799,48.86877],[11.24872,48.87161],[11.26,48.87464],[11.26398,48.88429],[11.26348,48.88748]]}},{"type":"Feature","properties":{"n":"Vetoniana-Michelsberg"},"geometry":{"type":"LineString","coordinates":[[11.26604,48.88788],[11.26693,48.88936],[11.27491,48.89436],[11.2829,48.89669],[11.29457,48.90336],[11.29967,48.90471],[11.30304,48.90687],[11.3049,48.90961],[11.30618,48.91407],[11.30715,48.9152],[11.30975,48.9233],[11.31646,48.92885],[11.31782,48.93106],[11.32107,48.93234],[11.32654,48.93117],[11.32891,48.92908],[11.34499,48.92165],[11.34601,48.92133],[11.34781,48.92181],[11.35866,48.91975],[11.36555,48.92055],[11.37104,48.92183],[11.37284,48.92306],[11.37429,48.9238],[11.3758,48.92601],[11.37651,48.92661],[11.37681,48.92784],[11.37722,48.92846],[11.37658,48.93],[11.37654,48.93142],[11.37605,48.9321],[11.37523,48.93423],[11.37415,48.93505],[11.37026,48.93638],[11.3642,48.93729],[11.36084,48.93867],[11.35942,48.94032],[11.36212,48.94337],[11.36609,48.94521],[11.36609,48.94521]]}},{"type":"Feature","properties":{"n":"Ad Lunam-Niederstotzingen"},"geometry":{"type":"LineString","coordinates":[[9.89168,48.55062],[9.9009,48.54783],[9.91078,48.5488],[9.91635,48.54631],[9.92258,48.53942],[9.92467,48.53577],[9.92549,48.53364],[9.94677,48.52333],[9.94863,48.52317],[9.9512,48.52128],[9.95494,48.51735],[9.96,48.51265],[9.96434,48.51156],[9.96656,48.51141],[9.97219,48.50945],[9.97916,48.50799],[9.98343,48.50596],[9.98832,48.50553],[9.99311,48.50657],[9.9999,48.50638],[10.01995,48.50075],[10.04134,48.49669],[10.06644,48.49561],[10.08822,48.49346]]}},{"type":"Feature","properties":{"n":"Oberstotzingen-Niederstotzingen"},"geometry":{"type":"LineString","coordinates":[[10.22252,48.53858],[10.2231,48.53856],[10.22807,48.54017],[10.23101,48.54071],[10.23304,48.54131],[10.23516,48.5409],[10.23634,48.53885],[10.23674,48.53686],[10.23685,48.53655]]}},{"type":"Feature","properties":{"n":"Ruffenhofen-Dambach"},"geometry":{"type":"LineString","coordinates":[[10.57989,49.10263],[10.57993,49.10193],[10.57654,49.09964],[10.57929,49.09539],[10.57855,49.09236],[10.57972,49.08476],[10.57754,49.08376],[10.57862,49.08247],[10.57811,49.0812],[10.57833,49.08022],[10.57978,49.07847],[10.58251,49.07469],[10.58421,49.06991],[10.58463,49.0667],[10.58827,49.06343],[10.58911,49.05603],[10.58784,49.05337],[10.58799,49.05101]]}},{"type":"Feature","properties":{"n":"Burladingen-east"},"geometry":{"type":"LineString","coordinates":[[9.10944,48.28936],[9.11415,48.28901],[9.11872,48.29027],[9.12433,48.29025],[9.13105,48.2904],[9.1345,48.28978],[9.14403,48.28943],[9.16155,48.27845],[9.16625,48.27648],[9.16893,48.27582]]}},{"type":"Feature","properties":{"n":"Mengen-Burladingen"},"geometry":{"type":"LineString","coordinates":[[9.18448,48.24706],[9.19661,48.24422],[9.21829,48.24278],[9.22465,48.23646],[9.22658,48.22961],[9.23058,48.22486],[9.23682,48.22251],[9.23148,48.21555],[9.22588,48.20816],[9.21769,48.19931],[9.22122,48.19456],[9.21747,48.19263],[9.22327,48.1855],[9.20904,48.17927],[9.20655,48.17401],[9.1987,48.16455],[9.19945,48.15688],[9.20366,48.14942],[9.21062,48.14296],[9.21569,48.11769],[9.23234,48.10605],[9.23783,48.09887],[9.25225,48.10433],[9.27654,48.10906],[9.28944,48.1048],[9.30651,48.09788],[9.32993,48.09383],[9.32443,48.08648],[9.34063,48.07515],[9.34521,48.06964],[9.34517,48.06535],[9.34248,48.05471]]}},{"type":"Feature","properties":{"n":"Mangolding-Moos"},"geometry":{"type":"LineString","coordinates":[[12.24153,48.94034],[12.2584,48.933],[12.26303,48.92894],[12.27026,48.92612],[12.27398,48.92406],[12.2854,48.9234],[12.29066,48.92856],[12.32909,48.92559],[12.35531,48.92028],[12.39516,48.91431],[12.41169,48.92059],[12.42336,48.91753],[12.4343,48.9124],[12.45128,48.90651],[12.48616,48.90443],[12.49459,48.89517],[12.50554,48.88537],[12.53092,48.88433],[12.55561,48.88021],[12.56375,48.87961],[12.57374,48.88082],[12.58813,48.88297],[12.60727,48.88418],[12.6259,48.8841],[12.63187,48.88289],[12.63512,48.88201],[12.63851,48.87701],[12.68001,48.85054],[12.72864,48.8278],[12.87112,48.78065],[12.87656,48.7782],[12.88083,48.77291]]}},{"type":"Feature","properties":{"n":"Iovisura-Mangolding"},"geometry":{"type":"LineString","coordinates":[[12.23126,48.59342],[12.22703,48.6212],[12.21165,48.63168],[12.21035,48.63875],[12.21266,48.64384],[12.21033,48.64801],[12.2113,48.65234],[12.21345,48.65873],[12.21215,48.66754],[12.21017,48.67665],[12.20618,48.68215],[12.20452,48.68866],[12.204,48.69251],[12.20319,48.69611],[12.20121,48.70197],[12.19741,48.70619],[12.19256,48.71112],[12.18908,48.73112],[12.19194,48.73892],[12.19495,48.74163],[12.20345,48.74946],[12.20451,48.75517],[12.19613,48.76277],[12.18694,48.76998],[12.18605,48.77971],[12.17846,48.78571],[12.17431,48.78969],[12.17201,48.79417],[12.16938,48.8055],[12.1712,48.81375],[12.17182,48.81907],[12.17903,48.82985],[12.17915,48.83481],[12.19195,48.84355],[12.18741,48.85149],[12.18723,48.86476],[12.2011,48.88324],[12.21377,48.88681],[12.21424,48.90431],[12.23753,48.92551],[12.23895,48.93356],[12.24153,48.94034],[12.24153,48.94034]]}},{"type":"Feature","properties":{"n":"M\u00fcnchen Dennig-Siedlung Forstinning"},"geometry":{"type":"LineString","coordinates":[[11.89199,48.16846],[11.87878,48.16532],[11.86387,48.16219],[11.84079,48.16055],[11.82417,48.15712],[11.80672,48.15135],[11.79015,48.15002],[11.77151,48.14233],[11.69474,48.14165],[11.67987,48.13698],[11.65606,48.13935],[11.61488,48.13673]]}},{"type":"Feature","properties":{"n":"M\u00fcnchen Dennig-Siedlung Forstinning"},"geometry":{"type":"LineString","coordinates":[[11.61488,48.13673],[11.59886,48.13571],[11.59655,48.13593],[11.58892,48.1374],[11.56847,48.14085],[11.56586,48.14063],[11.5615,48.14201],[11.55683,48.14363],[11.559,48.14751],[11.56095,48.15332]]}},{"type":"Feature","properties":{"n":"Unterhaching-M\u00fcnchen Dennig"},"geometry":{"type":"LineString","coordinates":[[11.58853,48.00846],[11.59588,48.01288],[11.59658,48.01703],[11.59658,48.02273],[11.59906,48.0273],[11.60259,48.03021],[11.60833,48.03328],[11.61523,48.03622],[11.61904,48.0427],[11.61775,48.04588],[11.61658,48.04689],[11.61655,48.05014],[11.61883,48.05402],[11.61891,48.05627],[11.61974,48.05663],[11.61879,48.05893],[11.61855,48.06074],[11.61625,48.06136],[11.61758,48.06625],[11.6195,48.07043],[11.62284,48.07747],[11.6221,48.0802],[11.62613,48.1013],[11.62589,48.10311],[11.62158,48.1059],[11.61934,48.108],[11.61744,48.11188],[11.61631,48.11327],[11.62058,48.12122],[11.62058,48.12514],[11.61515,48.12917],[11.6162,48.13332],[11.61488,48.13673],[11.61488,48.13673]]}},{"type":"Feature","properties":{"n":"Friedberg-Oberpeiching"},"geometry":{"type":"LineString","coordinates":[[10.98808,48.36281],[10.99028,48.38075],[10.99171,48.38672],[10.98174,48.40409],[10.96923,48.41156],[10.96514,48.41736],[10.96342,48.42444],[10.96255,48.42945],[10.95243,48.43461],[10.9462,48.43856],[10.94365,48.43938],[10.93642,48.44115],[10.93278,48.44013],[10.93108,48.44811],[10.92564,48.47451],[10.92244,48.48897],[10.92032,48.5059],[10.91634,48.52447],[10.91505,48.53263],[10.9161,48.54171],[10.90856,48.55548],[10.9127,48.56351],[10.90945,48.56544],[10.90686,48.56947],[10.90724,48.57759],[10.90619,48.58658],[10.90751,48.59272],[10.90827,48.60108],[10.90733,48.61534],[10.9071,48.62872],[10.91487,48.63674],[10.92215,48.65183],[10.92051,48.66498],[10.92051,48.66498]]}},{"type":"Feature","properties":{"n":"Summuntorium-Augusta Vindelicum"},"geometry":{"type":"LineString","coordinates":[[10.81463,48.63246],[10.82079,48.63054],[10.82269,48.62888],[10.82296,48.62403],[10.82866,48.6105],[10.82777,48.60829],[10.82722,48.601],[10.82832,48.59847],[10.83165,48.59472],[10.8346,48.5884],[10.83574,48.58425],[10.83787,48.5743],[10.83854,48.57321],[10.8366,48.57341],[10.83735,48.57141],[10.83727,48.5706],[10.83775,48.56978],[10.8411,48.56707],[10.84328,48.56408],[10.84475,48.55532],[10.84731,48.54915],[10.84806,48.51384],[10.84758,48.47488],[10.86181,48.42234],[10.87049,48.38204]]}},{"type":"Feature","properties":{"n":"Iovisura-west"},"geometry":{"type":"LineString","coordinates":[[11.3271,48.33371],[11.33466,48.33767],[11.34134,48.33754],[11.34501,48.33582],[11.34706,48.33931],[11.36809,48.34492],[11.37793,48.35349],[11.38054,48.35571],[11.3811,48.35813],[11.3831,48.35666],[11.38578,48.35528],[11.39246,48.35524],[11.40596,48.35369],[11.42062,48.35052],[11.43002,48.35037],[11.45149,48.34629],[11.48465,48.34284],[11.51985,48.34159],[11.52669,48.33778],[11.53493,48.33689],[11.54146,48.33721],[11.57186,48.33317],[11.59178,48.33494],[11.5956,48.33545],[11.60517,48.33345],[11.61463,48.33135],[11.61937,48.33024],[11.62084,48.32895],[11.62705,48.32832],[11.63276,48.32531],[11.65714,48.32995],[11.72568,48.38068],[11.74219,48.39469],[11.74598,48.39665],[11.75533,48.39759],[11.75863,48.39481],[11.76832,48.38437],[11.83755,48.39332],[11.83969,48.39637],[11.84411,48.39687],[11.84862,48.39823],[11.85073,48.3993],[11.85426,48.40101],[11.88138,48.41342],[11.91993,48.40857],[11.91993,48.40857]]}},{"type":"Feature","properties":{"n":"Iovisura-west"},"geometry":{"type":"LineString","coordinates":[[11.91993,48.40857],[11.92865,48.41221],[11.93107,48.41458],[11.93238,48.41311],[11.93746,48.41307],[11.93982,48.41338],[11.94487,48.4154],[11.94545,48.41641],[11.94555,48.41728],[11.96707,48.42365],[11.96918,48.42417],[11.96984,48.42454],[11.97086,48.42491],[11.97201,48.42555],[11.97203,48.42674],[11.97248,48.42824],[11.97557,48.43001],[11.97751,48.42754]]}},{"type":"Feature","properties":{"n":"Reginum-Mangolding"},"geometry":{"type":"LineString","coordinates":[[12.24153,48.94034],[12.23968,48.94382],[12.24008,48.94586],[12.2406,48.94672],[12.24016,48.94876],[12.23926,48.95022],[12.23956,48.95238],[12.23923,48.95298],[12.23799,48.95481],[12.23309,48.95425],[12.22685,48.95152],[12.22067,48.94837],[12.21474,48.95049],[12.20771,48.95098],[12.20371,48.95182],[12.1948,48.95631],[12.17769,48.96362],[12.17184,48.96638],[12.14101,48.99641],[12.11172,48.99272],[12.10357,48.99186]]}},{"type":"Feature","properties":{"n":"Connecting road"},"geometry":{"type":"LineString","coordinates":[[11.91993,48.40857],[11.91813,48.40692],[11.91955,48.40056],[11.9222,48.39769],[11.92218,48.39495],[11.92369,48.39418],[11.9241,48.39196],[11.92369,48.3909],[11.92694,48.38746],[11.92907,48.38533],[11.93038,48.38268]]}},{"type":"Feature","properties":{"n":"Opia-Losodica"},"geometry":{"type":"LineString","coordinates":[[10.59442,48.92002],[10.59614,48.92078],[10.60295,48.92163]]}},{"type":"Feature","properties":{"n":"Ad Lunam-Aquileia"},"geometry":{"type":"LineString","coordinates":[[9.89168,48.55062],[9.89153,48.55141],[9.89158,48.55216],[9.89046,48.55405],[9.8901,48.5561],[9.89068,48.55717],[9.89222,48.55969],[9.89193,48.56137],[9.8908,48.56332],[9.88823,48.5645],[9.88176,48.56605],[9.87913,48.56797],[9.87599,48.57689],[9.87371,48.58052],[9.86971,48.58377],[9.86916,48.58514],[9.86871,48.58541]]}},{"type":"Feature","properties":{"n":"Opia-Aquileia"},"geometry":{"type":"LineString","coordinates":[[10.33206,48.8322],[10.33323,48.83339],[10.33422,48.83473],[10.33442,48.83585],[10.33273,48.83879],[10.32955,48.84028],[10.32896,48.84106],[10.3293,48.84179],[10.33581,48.84318],[10.3365,48.8445],[10.33913,48.8454],[10.33921,48.84588],[10.33828,48.84683],[10.33889,48.84728],[10.3455,48.85016],[10.34545,48.85111],[10.34615,48.85129],[10.35104,48.85183],[10.35603,48.8531],[10.35582,48.85392],[10.354,48.85416],[10.3537,48.85448],[10.354,48.85544],[10.35401,48.85674],[10.3551,48.85892],[10.35365,48.85936]]}},{"type":"Feature","properties":{"n":"Phoebiana-Aquileia"},"geometry":{"type":"LineString","coordinates":[[10.42635,48.56708],[10.4225,48.57196],[10.4215,48.57227],[10.41952,48.57219],[10.41753,48.57357],[10.40936,48.57944],[10.40808,48.58165]]}},{"type":"Feature","properties":{"n":"Donauw\u00f6rth connecting road"},"geometry":{"type":"LineString","coordinates":[[10.78251,48.71692],[10.78448,48.71611],[10.79046,48.71553],[10.79766,48.71424]]}},{"type":"Feature","properties":{"n":"Pf\u00fcnz connecting road"},"geometry":{"type":"LineString","coordinates":[[11.26348,48.88748],[11.26604,48.88788]]}},{"type":"Feature","properties":{"n":"Treuchtlingen-Briciana"},"geometry":{"type":"LineString","coordinates":[[10.95123,49.02298],[10.95257,49.02114],[10.95722,49.01839],[10.96028,49.01751],[10.9607,49.01612],[10.96004,49.01489],[10.95424,49.00523],[10.95029,48.99534],[10.94716,48.99127],[10.94524,48.97954],[10.94458,48.96643],[10.94065,48.96184]]}},{"type":"Feature","properties":{"n":"Donauw\u00f6rth-Losodica"},"geometry":{"type":"LineString","coordinates":[[10.77779,48.73751],[10.77786,48.73369],[10.77852,48.72678],[10.77805,48.72163],[10.77664,48.72029],[10.77629,48.71955],[10.77878,48.71898],[10.78052,48.71812],[10.7808,48.7176],[10.78251,48.71692]]}},{"type":"Feature","properties":{"n":"Biriciana-Oberhochstatt"},"geometry":{"type":"LineString","coordinates":[[10.94065,48.96184],[10.93542,48.96029],[10.91677,48.95733],[10.91499,48.95598],[10.91341,48.95541],[10.90864,48.95554],[10.90812,48.95506]]}},{"type":"Feature","properties":{"n":"Aquileia-Opia"},"geometry":{"type":"LineString","coordinates":[[10.15863,48.67596],[10.1585,48.67761],[10.15797,48.67869],[10.15789,48.67957],[10.15697,48.68234],[10.15815,48.68546],[10.16678,48.69171],[10.16854,48.6945],[10.16856,48.69696]]}},{"type":"Feature","properties":{"n":"Aquileia connecting road"},"geometry":{"type":"LineString","coordinates":[[10.15682,48.67057],[10.15768,48.67224],[10.15863,48.67596]]}},{"type":"Feature","properties":{"n":"Bopfingen connecting road"},"geometry":{"type":"LineString","coordinates":[[10.34511,48.86236],[10.35049,48.86013],[10.35365,48.85936]]}},{"type":"Feature","properties":{"n":"Road network-Wessling"},"geometry":{"type":"LineString","coordinates":[[11.03823,48.07409],[11.04466,48.07451],[11.05352,48.07312],[11.06179,48.07119],[11.06718,48.07073],[11.06828,48.07056],[11.0687,48.07077],[11.06937,48.07174],[11.07022,48.07182],[11.07187,48.0716],[11.07995,48.07314],[11.0904,48.07418],[11.09441,48.07521],[11.0957,48.07581],[11.10265,48.07526],[11.1121,48.07649],[11.11814,48.0781],[11.13602,48.07888],[11.14454,48.08244],[11.1514,48.08465]]}},{"type":"Feature","properties":{"n":"Ambrae-Augusta Vindelicum"},"geometry":{"type":"LineString","coordinates":[[10.98511,48.20965],[10.98596,48.20738],[10.98845,48.20446],[10.98999,48.19928],[11.0038,48.18799],[11.00538,48.18356],[11.01211,48.17849],[11.0317,48.17526],[11.06892,48.1754],[11.08312,48.17458],[11.0929,48.16918],[11.09966,48.16796],[11.11828,48.17212],[11.12199,48.17404],[11.1248,48.17188],[11.12789,48.17184],[11.14176,48.16843],[11.14238,48.16768],[11.16406,48.16893],[11.16704,48.16353],[11.17054,48.16062],[11.17289,48.157],[11.20052,48.14236]]}},{"type":"Feature","properties":{"n":"Marsonia-Saldis"},"geometry":{"type":"LineString","coordinates":[[18.39349,45.00597],[18.37554,45.01338],[18.36863,45.01184],[18.36287,45.01583],[18.35689,45.01595],[18.35134,45.01557],[18.32825,45.01064],[18.32317,45.01499],[18.31722,45.02125],[18.30621,45.03346],[18.28385,45.05077],[18.28168,45.0492],[18.27531,45.04676],[18.2726,45.05345],[18.27048,45.05756],[18.26847,45.0583],[18.26781,45.0609],[18.26314,45.06805],[18.25507,45.06352],[18.25526,45.06037],[18.24796,45.06092],[18.2353,45.06085],[18.22735,45.06822],[18.22315,45.06892],[18.21847,45.06674],[18.21546,45.06468],[18.20945,45.0709],[18.2063,45.07522],[18.17272,45.07362],[18.15279,45.07495],[18.14776,45.09201],[18.16087,45.1089],[18.16465,45.12187],[18.16215,45.13452],[18.16215,45.13452]]}},{"type":"Feature","properties":{"n":"Saldis-Ad Basante"},"geometry":{"type":"LineString","coordinates":[[18.82333,44.91287],[18.82517,44.92398],[18.83071,44.93368],[18.83208,44.93586],[18.83204,44.94213],[18.83146,44.94443],[18.83135,44.94938],[18.83001,44.96002],[18.80181,44.98957],[18.8004,44.99271],[18.79597,44.99808],[18.79246,44.99958],[18.78199,45.00175],[18.77534,45.00264],[18.77152,45.00308],[18.76145,45.00907],[18.75972,45.01213],[18.75594,45.01532],[18.75301,45.01972],[18.7489,45.02179],[18.74805,45.02355],[18.74663,45.0246],[18.74316,45.03093],[18.75125,45.05283]]}},{"type":"Feature","properties":{"n":"Emona-Celeia"},"geometry":{"type":"LineString","coordinates":[[14.50406,46.05477],[14.50476,46.05485],[14.51064,46.07067],[14.51389,46.0857],[14.51378,46.09114],[14.51571,46.0943],[14.51618,46.09408],[14.51636,46.09386],[14.51807,46.09369],[14.51938,46.09369],[14.5204,46.09347],[14.52246,46.09349],[14.52234,46.096],[14.52378,46.09926],[14.52577,46.09917],[14.529,46.09796],[14.53276,46.09758],[14.53754,46.09808],[14.54029,46.10289],[14.54416,46.10492]]}},{"type":"Feature","properties":{"n":"Netreti\u0107-Karlovac"},"geometry":{"type":"LineString","coordinates":[[15.41479,45.50785],[15.4165,45.50729],[15.4179,45.50791],[15.42055,45.50818],[15.4222,45.5078],[15.42667,45.50935],[15.42935,45.51127],[15.43037,45.51134],[15.43131,45.51184],[15.43239,45.51181],[15.4337,45.51236],[15.43633,45.51195],[15.43737,45.51211],[15.4384,45.51187],[15.43885,45.51114],[15.43949,45.51088],[15.44065,45.51123],[15.4411,45.51194],[15.44218,45.51251],[15.44314,45.51241],[15.44392,45.51273],[15.44481,45.51235],[15.4457,45.51257],[15.44639,45.5133],[15.44683,45.51405],[15.44668,45.51478],[15.4472,45.51516],[15.44816,45.51498],[15.44887,45.51441],[15.44935,45.51268],[15.44998,45.5124],[15.45158,45.51239],[15.45245,45.51251],[15.45271,45.5132],[15.45442,45.51355],[15.45557,45.51498],[15.45603,45.51492],[15.45659,45.51455],[15.458,45.51388],[15.45952,45.51403],[15.46357,45.51398],[15.46541,45.51449],[15.46652,45.51446],[15.47003,45.51523],[15.47271,45.51676],[15.47364,45.51624],[15.47437,45.51569],[15.4757,45.51502],[15.48251,45.51599],[15.49064,45.51549],[15.50393,45.51132],[15.51517,45.5097],[15.52655,45.51038],[15.54089,45.51433],[15.54089,45.51433]]}},{"type":"Feature","properties":{"n":"Bosanski Petrovac connecting road"},"geometry":{"type":"LineString","coordinates":[[16.40171,44.53863],[16.38895,44.5358],[16.37346,44.54004],[16.36705,44.54436],[16.36414,44.54513]]}},{"type":"Feature","properties":{"n":"Raetinium-Bihac"},"geometry":{"type":"LineString","coordinates":[[15.93247,44.78622],[15.92947,44.79003],[15.92738,44.79184],[15.91959,44.796],[15.91789,44.79719],[15.91436,44.79821],[15.91163,44.79976],[15.9024,44.8038],[15.89838,44.80516],[15.89129,44.807],[15.8882,44.80726],[15.8867,44.80749],[15.88517,44.80821],[15.88047,44.81208],[15.87806,44.81412],[15.87715,44.8145]]}},{"type":"Feature","properties":{"n":"Ionnaria-Bistua Vetus"},"geometry":{"type":"LineString","coordinates":[[17.23759,43.95812],[17.23853,43.95518],[17.23019,43.94496],[17.2281,43.9375],[17.23065,43.93214],[17.23245,43.93051],[17.23367,43.92615],[17.23991,43.92137],[17.2423,43.91819],[17.2449,43.91647],[17.25256,43.91568],[17.26069,43.91174],[17.26131,43.91194],[17.2623,43.90816],[17.26426,43.90626],[17.26295,43.90205],[17.26659,43.89864],[17.2686,43.8983],[17.26905,43.8979],[17.26941,43.89699],[17.27028,43.89659],[17.27257,43.89711],[17.27423,43.89694],[17.27552,43.89569],[17.2758,43.89449],[17.2768,43.89388],[17.27865,43.89338],[17.27906,43.89266],[17.27894,43.89129],[17.27973,43.88864],[17.28216,43.88641],[17.28306,43.8849],[17.28429,43.88428],[17.28502,43.88277],[17.28746,43.88147],[17.289,43.88107],[17.29035,43.88017],[17.29244,43.87941],[17.29477,43.87935],[17.29969,43.87764],[17.30397,43.87659],[17.30778,43.877],[17.30778,43.877]]}},{"type":"Feature","properties":{"n":"Bistua-Northeast"},"geometry":{"type":"LineString","coordinates":[[17.23471,43.76884],[17.23644,43.77135],[17.23678,43.77389],[17.2379,43.77502],[17.23776,43.7765],[17.234,43.77813],[17.23266,43.77986],[17.23191,43.78252],[17.22998,43.78389],[17.22969,43.78549],[17.23086,43.78662],[17.23443,43.78724],[17.2377,43.78947],[17.23989,43.79011],[17.24176,43.78998],[17.24323,43.78948],[17.24547,43.78824],[17.24776,43.78794],[17.24932,43.78829],[17.25494,43.79091],[17.25638,43.79287],[17.26005,43.79445],[17.26111,43.79545],[17.26186,43.79712],[17.2615,43.79831],[17.26059,43.79996],[17.26086,43.80135],[17.26452,43.80415],[17.26677,43.8042],[17.26791,43.80434],[17.26947,43.80543],[17.27233,43.80672],[17.27557,43.80929],[17.27609,43.81081],[17.27592,43.81215],[17.27654,43.81304],[17.27782,43.81364],[17.28233,43.81431],[17.2862,43.8164],[17.28847,43.81699],[17.29499,43.81635],[17.29955,43.81774],[17.30486,43.8179],[17.30963,43.81919],[17.31443,43.82227],[17.31853,43.82348],[17.32843,43.82343],[17.35241,43.82757],[17.35241,43.82757]]}},{"type":"Feature","properties":{"n":"Lienz connecting road"},"geometry":{"type":"LineString","coordinates":[[12.77035,46.82658],[12.76985,46.82653],[12.76959,46.82707]]}},{"type":"Feature","properties":{"n":"Stanecli-Bistua Nova"},"geometry":{"type":"LineString","coordinates":[[17.71654,44.20792],[17.72981,44.21049],[17.73052,44.21141],[17.73361,44.2119],[17.73639,44.20988],[17.74028,44.21145],[17.74177,44.2103],[17.74344,44.2132],[17.74641,44.21213],[17.74786,44.21282],[17.75228,44.21198],[17.75312,44.21114],[17.75445,44.21114],[17.75508,44.21168],[17.75574,44.21304],[17.75644,44.21383],[17.75761,44.21444],[17.75759,44.21492],[17.75742,44.21581],[17.7598,44.21672],[17.76053,44.21773],[17.76188,44.21842],[17.76231,44.2197],[17.76295,44.2199],[17.76322,44.22085],[17.76407,44.22122],[17.76457,44.22154],[17.76517,44.22293],[17.76456,44.22557],[17.76391,44.22638],[17.7638,44.22838],[17.7628,44.23002],[17.76131,44.23131],[17.76139,44.23297],[17.76088,44.23378],[17.76033,44.23421],[17.75857,44.23779],[17.75857,44.23779]]}},{"type":"Feature","properties":{"n":"Stanecli-Bistua Nova"},"geometry":{"type":"LineString","coordinates":[[17.88854,44.23126],[17.89054,44.22688],[17.89157,44.22575],[17.89207,44.22372],[17.89203,44.2228],[17.8931,44.22147],[17.89332,44.22083],[17.89319,44.21816],[17.89234,44.2173],[17.89121,44.21581],[17.89094,44.21471],[17.89098,44.21355],[17.89153,44.21296],[17.89253,44.21216],[17.89315,44.21114],[17.89431,44.21042],[17.89582,44.20893],[17.89661,44.20772],[17.8971,44.20624],[17.89799,44.20522],[17.90088,44.20372],[17.9021,44.20223],[17.90225,44.20198],[17.90321,44.20227]]}},{"type":"Feature","properties":{"n":"Bistua Nova-south"},"geometry":{"type":"LineString","coordinates":[[17.90321,44.20227],[17.89682,44.19727],[17.89257,44.19534],[17.88643,44.193],[17.88379,44.19312],[17.87975,44.19402],[17.8751,44.19433],[17.8713,44.19072],[17.86557,44.18883],[17.86227,44.18796],[17.85879,44.19018],[17.85605,44.19059],[17.85297,44.18528],[17.85524,44.18349],[17.85271,44.18288],[17.85134,44.18199],[17.85215,44.18238],[17.85426,44.18233],[17.85375,44.18214],[17.85111,44.18113],[17.85002,44.17954],[17.84668,44.17959],[17.84256,44.18029],[17.8418,44.17961],[17.84492,44.17615],[17.8434,44.17476],[17.84027,44.17347],[17.83684,44.17347],[17.83726,44.17255],[17.83806,44.17172],[17.83306,44.16418],[17.83158,44.16292],[17.82864,44.16163],[17.82366,44.16182],[17.8199,44.16033],[17.81936,44.15862],[17.81833,44.15707],[17.81573,44.15595],[17.81194,44.15021],[17.80396,44.14869],[17.80167,44.14679]]}},{"type":"Feature","properties":{"n":"Visoko connecting road"},"geometry":{"type":"LineString","coordinates":[[18.18138,43.98693],[18.18156,43.9881],[18.1825,43.99057]]}},{"type":"Feature","properties":{"n":"Ferovac-Lu\u017eani"},"geometry":{"type":"LineString","coordinates":[[17.86108,45.38381],[17.81309,45.31547],[17.80937,45.30832],[17.80791,45.30679],[17.80576,45.28636],[17.79986,45.28368],[17.79522,45.28393],[17.78211,45.2761],[17.7784,45.27031],[17.7754,45.26674],[17.77001,45.26405],[17.75438,45.24502],[17.72931,45.23066],[17.71772,45.22762],[17.70843,45.22462],[17.70544,45.22228],[17.70593,45.21959],[17.70313,45.21759],[17.70691,45.2145],[17.71448,45.21203],[17.71617,45.2099],[17.71742,45.20715],[17.71375,45.20569],[17.71202,45.20429],[17.70995,45.20285],[17.70767,45.20081],[17.70747,45.19886],[17.70898,45.19397],[17.70843,45.19186],[17.70746,45.19205],[17.70462,45.18922],[17.70468,45.18771],[17.70424,45.18626],[17.70513,45.18479],[17.70581,45.18371],[17.70613,45.17813],[17.70713,45.17683],[17.70665,45.17282],[17.708,45.17045],[17.7097,45.16939],[17.7097,45.16939]]}},{"type":"Feature","properties":{"n":"Varianis-Aquae Balissae"},"geometry":{"type":"LineString","coordinates":[[16.78127,45.47779],[16.7817,45.48122],[16.77861,45.48193],[16.78056,45.48467],[16.78236,45.49079],[16.78192,45.49278],[16.78243,45.49764],[16.78183,45.49957],[16.78365,45.50476],[16.78504,45.50647],[16.78597,45.50913],[16.78799,45.51056],[16.79397,45.5126],[16.79469,45.51363],[16.79504,45.51561],[16.79646,45.51708],[16.80076,45.51814],[16.80414,45.52021],[16.81221,45.52181],[16.81533,45.52319],[16.82992,45.52727],[16.83205,45.53062],[16.83535,45.5329],[16.8407,45.5392],[16.85153,45.54437],[16.85437,45.54491],[16.86187,45.54885]]}},{"type":"Feature","properties":{"n":"Bulinac-Poetovio"},"geometry":{"type":"LineString","coordinates":[[16.98141,45.81633],[16.99603,45.81891],[17.00528,45.82459],[17.00644,45.8296],[17.0098,45.83314],[17.01746,45.83909],[17.02302,45.8437],[17.02481,45.84769],[17.02874,45.84788],[17.02914,45.85112],[17.03848,45.87362],[17.03725,45.87933],[17.03371,45.88826],[17.03094,45.89828],[17.02921,45.90378],[17.02704,45.91376],[17.03066,45.91901],[17.0371,45.91986],[17.03872,45.92699],[17.04308,45.92822],[17.05402,45.93193],[17.06039,45.93587],[17.0704,45.94274],[17.0764,45.9428],[17.08134,45.94087],[17.09251,45.94859],[17.09811,45.95221],[17.10467,45.95442],[17.10836,45.95435],[17.11101,45.95782],[17.1202,45.97019],[17.12152,45.97542],[17.14179,45.98034],[17.15663,45.98386],[17.15663,45.98386]]}},{"type":"Feature","properties":{"n":"Sala-Ad Vicesimum"},"geometry":{"type":"LineString","coordinates":[[16.5003,46.83837],[16.50708,46.83728],[16.51127,46.83791],[16.52002,46.84115],[16.52827,46.84199],[16.53118,46.8432],[16.53811,46.84419],[16.5431,46.84386],[16.54519,46.84404],[16.54601,46.84393],[16.54844,46.84309],[16.55333,46.84263],[16.55523,46.8424],[16.55669,46.84283],[16.55825,46.84386],[16.56055,46.84427],[16.56272,46.84396],[16.56451,46.84433],[16.56813,46.84675],[16.56941,46.84721],[16.57394,46.84703],[16.57686,46.84771],[16.57782,46.84769],[16.57967,46.84715],[16.58174,46.8474],[16.5848,46.84708]]}},{"type":"Feature","properties":{"n":"Andautonia-Pyrri"},"geometry":{"type":"LineString","coordinates":[[16.11562,45.82364],[16.11558,45.82476],[16.11705,45.83192],[16.14325,45.8527],[16.16725,45.87781],[16.23112,45.90978],[16.23846,45.91781],[16.23444,45.92828],[16.23557,45.93489],[16.23866,45.95333],[16.23831,45.95644],[16.24296,45.9599],[16.24503,45.96016],[16.24549,45.96218],[16.24982,45.96559],[16.25313,45.96823],[16.25318,45.96955],[16.27447,45.98191],[16.27706,45.98501],[16.27577,45.99277],[16.28386,46.00036],[16.2851,46.00409],[16.28943,46.0203],[16.28892,46.03506],[16.29045,46.04255],[16.29024,46.05336],[16.29158,46.05781],[16.29291,46.05957],[16.2928,46.0632],[16.29442,46.07038],[16.29428,46.07163]]}},{"type":"Feature","properties":{"n":"Aquae Balissae-west"},"geometry":{"type":"LineString","coordinates":[[17.23305,45.61386],[17.21565,45.6239],[17.21116,45.62763],[17.1945,45.6353],[17.18296,45.63869],[17.17388,45.63956],[17.1647,45.63792],[17.16097,45.64189],[17.15837,45.64535],[17.14809,45.65109],[17.13118,45.66085],[17.12157,45.66523],[17.12067,45.66706],[17.11392,45.67185],[17.09997,45.68317],[17.09733,45.68879],[17.08311,45.69838],[17.07921,45.70238],[17.07284,45.70865],[17.05395,45.71648],[17.05036,45.71821],[17.04746,45.71873],[17.04589,45.7179],[17.03828,45.72209],[17.03748,45.72997],[17.03899,45.73294],[17.03994,45.73818],[17.03992,45.74079],[17.04502,45.74765],[17.0462,45.74948],[17.04986,45.74973],[17.04924,45.75464],[17.04511,45.76262],[17.03692,45.77008],[17.03388,45.77427],[17.01958,45.78611],[17.00918,45.78932],[16.99484,45.79721],[16.99532,45.80281],[16.99539,45.80807],[16.9894,45.81157],[16.9817,45.81364],[16.98141,45.81633],[16.98141,45.81633]]}},{"type":"Feature","properties":{"n":"Aquae Balissae-west"},"geometry":{"type":"LineString","coordinates":[[16.5464,46.02239],[16.52685,46.02243],[16.51732,46.024],[16.50643,46.02868],[16.49176,46.02713],[16.48584,46.0279],[16.47661,46.02849],[16.46331,46.02975],[16.45968,46.0299],[16.4353,46.03489],[16.40732,46.04578],[16.39833,46.04888],[16.39447,46.05176],[16.38724,46.05673],[16.37758,46.06413],[16.36913,46.07295],[16.35913,46.07661],[16.35271,46.08201],[16.35452,46.09768],[16.35205,46.10154],[16.34898,46.10034],[16.3447,46.09801],[16.34162,46.09829],[16.34017,46.09556],[16.33427,46.09451],[16.32586,46.09013],[16.31947,46.08589],[16.31637,46.08207],[16.31549,46.08658],[16.31145,46.08483],[16.30788,46.08361],[16.3003,46.07738],[16.29428,46.07163],[16.29428,46.07163]]}},{"type":"Feature","properties":{"n":"Schwanenstadt-south"},"geometry":{"type":"LineString","coordinates":[[13.6296,47.6322],[13.6432,47.62561],[13.65382,47.61755],[13.66157,47.61587],[13.66323,47.6126],[13.66321,47.61132],[13.66526,47.61573],[13.67622,47.62101],[13.68225,47.62198],[13.68494,47.62333],[13.69075,47.62481],[13.69167,47.62573],[13.69262,47.62489],[13.69379,47.62315],[13.69947,47.62163],[13.70128,47.62351],[13.70569,47.62752],[13.71527,47.62742],[13.72183,47.62788],[13.72526,47.62953],[13.73082,47.62945],[13.73013,47.62831],[13.7295,47.62689],[13.73922,47.62557],[13.74977,47.62405],[13.75815,47.61964],[13.76339,47.61462],[13.76925,47.61129],[13.77466,47.60756],[13.77843,47.6053],[13.77706,47.60269],[13.77967,47.60169],[13.78342,47.60382],[13.78502,47.60056],[13.79126,47.59743],[13.79583,47.59153]]}},{"type":"Feature","properties":{"n":"Stiriate-Surontio"},"geometry":{"type":"LineString","coordinates":[[14.23979,47.56742],[14.24237,47.56697]]}},{"type":"Feature","properties":{"n":"Ilz-Feldbach"},"geometry":{"type":"LineString","coordinates":[[15.92614,47.08647],[15.91915,47.07891],[15.9252,47.07645],[15.92089,47.07591],[15.92382,47.06851],[15.92415,47.05686],[15.92819,47.04977],[15.93195,47.04249],[15.92742,47.0388],[15.92568,47.03349],[15.9301,47.03266],[15.93308,47.03053],[15.93389,47.02493],[15.93267,47.02027],[15.93398,47.0168],[15.93382,47.00774],[15.9365,47.00313],[15.9368,46.99929],[15.9307,46.99655],[15.92838,46.99413],[15.92114,46.9927],[15.9124,46.99267],[15.89803,46.99121],[15.89443,46.98744],[15.89015,46.98052],[15.88665,46.97725],[15.88105,46.97453],[15.877,46.9757],[15.87564,46.97272],[15.88134,46.96313],[15.88049,46.95836]]}},{"type":"Feature","properties":{"n":"Weisenh\u00f6f-Neunkirchen"},"geometry":{"type":"LineString","coordinates":[[16.0852,47.72291],[16.08705,47.71454],[16.1117,47.70989],[16.11983,47.70329],[16.12866,47.69955],[16.12792,47.68517],[16.1289,47.66169],[16.12638,47.64458],[16.13007,47.63742],[16.12772,47.62115],[16.12224,47.61042],[16.1077,47.59342],[16.09979,47.57939],[16.09903,47.56968],[16.08626,47.55486],[16.08464,47.54949],[16.07428,47.54321],[16.07336,47.54181],[16.06758,47.541],[16.07433,47.53767],[16.07017,47.52831],[16.06216,47.52316],[16.06004,47.51683],[16.05176,47.51486],[16.05064,47.5133],[16.04269,47.51145],[16.03797,47.50912],[16.02977,47.50872],[16.02996,47.50438],[16.04169,47.49023],[16.04715,47.48128],[16.06311,47.45969]]}},{"type":"Feature","properties":{"n":"Gleisdorf-west"},"geometry":{"type":"LineString","coordinates":[[15.70334,47.1051],[15.69694,47.10545],[15.67205,47.09296],[15.65111,47.08556],[15.64564,47.08116],[15.6401,47.07544],[15.63705,47.0718],[15.63027,47.06985],[15.62503,47.06783],[15.61973,47.06521],[15.6124,47.06295],[15.60969,47.06071],[15.60922,47.06144],[15.60795,47.06161],[15.60391,47.06154],[15.60004,47.06014],[15.59111,47.06269],[15.58731,47.06572],[15.5849,47.06642],[15.58357,47.06628],[15.58213,47.06841],[15.57906,47.06607],[15.56196,47.06389],[15.54132,47.05846],[15.53086,47.05631],[15.52831,47.04866],[15.51942,47.04475],[15.51231,47.04553],[15.50753,47.04165],[15.50555,47.03981],[15.49785,47.03773],[15.48165,47.03414],[15.46412,47.03013],[15.45614,47.03448],[15.44348,47.0336],[15.42864,47.031],[15.42864,47.031]]}},{"type":"Feature","properties":{"n":"Gleisdorf connecting road"},"geometry":{"type":"LineString","coordinates":[[15.71488,47.10169],[15.71167,47.10348],[15.71115,47.10417],[15.7068,47.10219],[15.70472,47.1038],[15.70488,47.10417],[15.70334,47.1051]]}},{"type":"Feature","properties":{"n":"Gleisdorf-east"},"geometry":{"type":"LineString","coordinates":[[15.92614,47.08647],[15.92503,47.0865],[15.92314,47.08695],[15.92072,47.08716],[15.91855,47.08705],[15.91686,47.08739],[15.91235,47.08944],[15.90895,47.09064],[15.90622,47.09089],[15.90408,47.09043],[15.9014,47.08942],[15.89664,47.08911],[15.89315,47.08927],[15.8799,47.09185],[15.8767,47.09186],[15.87486,47.09217],[15.87045,47.09375],[15.86689,47.0943],[15.86345,47.0945],[15.85445,47.09783],[15.85165,47.09841],[15.84755,47.09834],[15.84406,47.09871],[15.8422,47.09941],[15.83442,47.09964],[15.82294,47.10144],[15.8136,47.10071],[15.80875,47.10171],[15.80592,47.1015],[15.8027,47.10164],[15.79262,47.10068],[15.78729,47.10159],[15.78242,47.10305],[15.77962,47.1043],[15.77774,47.10455],[15.77194,47.10351],[15.76885,47.10348],[15.76768,47.10293],[15.7648,47.09928],[15.76098,47.0969],[15.75731,47.09502],[15.75584,47.09488],[15.7546,47.09532],[15.75228,47.09788],[15.74918,47.10076],[15.74525,47.1024],[15.74339,47.10307],[15.73952,47.10391],[15.73776,47.10383],[15.73358,47.10186],[15.73095,47.10136],[15.72645,47.10115],[15.71992,47.1026],[15.71644,47.10247],[15.71488,47.10169],[15.71488,47.10169]]}},{"type":"Feature","properties":{"n":"Buch-Ruffenhofen"},"geometry":{"type":"LineString","coordinates":[[10.13982,48.9076],[10.16973,48.91776],[10.1729,48.91004],[10.17913,48.9069],[10.19297,48.91675],[10.20552,48.93032],[10.20755,48.93578],[10.21151,48.94027],[10.21808,48.94343],[10.2219,48.94533],[10.22743,48.95062],[10.23319,48.95368],[10.24113,48.95604],[10.25614,48.96311],[10.25857,48.96562],[10.2727,48.97299],[10.27634,48.97443],[10.2811,48.9752],[10.28494,48.97889],[10.2889,48.98332],[10.30302,48.9795],[10.31898,48.98091],[10.32728,48.98254],[10.34021,48.98119],[10.35483,48.98677],[10.35657,48.99014],[10.35533,48.99216],[10.35244,48.99612],[10.36451,48.99659],[10.36935,48.99459],[10.37332,48.99678],[10.37648,49.00112],[10.38137,49.00839],[10.39434,49.0115],[10.40793,49.01765],[10.42724,49.02253],[10.43978,49.03014],[10.45351,49.03791],[10.48078,49.04658],[10.48078,49.04658]]}},{"type":"Feature","properties":{"n":"Gunzenhausen-Sablonetum"},"geometry":{"type":"LineString","coordinates":[[11.05341,49.03361],[11.05779,49.04063],[11.02942,49.05138],[11.02852,49.05279],[11.01499,49.05246],[11.01208,49.0543],[11.00291,49.05293],[10.9975,49.05433],[10.99719,49.05507],[10.99852,49.05706],[10.99888,49.05823],[11.00132,49.0602],[11.00276,49.0611],[11.00307,49.06175],[10.99665,49.06162],[10.9943,49.062],[10.98769,49.0624],[10.97745,49.06017],[10.9721,49.06105],[10.97117,49.0608],[10.96714,49.06083],[10.9659,49.06074],[10.93875,49.0614],[10.93381,49.06303],[10.92009,49.06471],[10.91404,49.06716],[10.90448,49.06905],[10.89474,49.07234],[10.88974,49.07162],[10.88834,49.07277],[10.88132,49.07266],[10.86532,49.07611],[10.85508,49.08228],[10.8535,49.08313],[10.8523,49.08329],[10.85258,49.08497],[10.84985,49.08559],[10.84859,49.08896],[10.84859,49.08896]]}},{"type":"Feature","properties":{"n":"Gunzenhausen-Ruffenhofen"},"geometry":{"type":"LineString","coordinates":[[10.84859,49.08896],[10.84694,49.08345],[10.84406,49.08384],[10.83563,49.08352],[10.82861,49.08435],[10.82374,49.08615],[10.82208,49.08738],[10.81721,49.08742],[10.81594,49.09062],[10.81751,49.09308],[10.81944,49.0944],[10.82023,49.09633],[10.82339,49.09817],[10.82172,49.09935],[10.81887,49.10049],[10.80471,49.10312],[10.79622,49.10345],[10.76987,49.10041],[10.76239,49.10168],[10.75248,49.10067],[10.74921,49.10084],[10.74649,49.10173],[10.73525,49.10176],[10.72647,49.10479],[10.72064,49.10448],[10.71349,49.10378],[10.70619,49.10165],[10.69378,49.09562],[10.66562,49.09205],[10.65329,49.08273],[10.64548,49.08034],[10.64212,49.07814],[10.63952,49.07437],[10.6354,49.0724],[10.6303,49.07123],[10.62732,49.06909],[10.62409,49.06564],[10.62008,49.06059],[10.61295,49.05189],[10.61118,49.05102],[10.61068,49.05293],[10.60855,49.05469],[10.60627,49.05503],[10.59903,49.05464],[10.58971,49.0518],[10.58799,49.05101],[10.58799,49.05101]]}},{"type":"Feature","properties":{"n":"Ruffenhofen-Dambach"},"geometry":{"type":"LineString","coordinates":[[10.58799,49.05101],[10.57216,49.04395],[10.55441,49.041],[10.54922,49.04068],[10.53703,49.04168],[10.52262,49.04635],[10.5133,49.05087],[10.51258,49.05187],[10.51057,49.05316],[10.50457,49.05449],[10.50409,49.0541],[10.50258,49.05399],[10.50199,49.05309],[10.50202,49.05121],[10.49888,49.05155],[10.48643,49.0479],[10.48392,49.0476],[10.48226,49.04761],[10.48078,49.04658]]}},{"type":"Feature","properties":{"n":"Tergeste-Longaticum"},"geometry":{"type":"LineString","coordinates":[[13.97168,45.67921],[13.97208,45.68022],[13.97197,45.68267],[13.97308,45.68434],[13.97891,45.68751],[13.98149,45.691],[13.98605,45.69528],[13.98597,45.69853],[13.98768,45.69996],[13.99505,45.70063],[13.99866,45.70349],[14.00176,45.71243],[14.00077,45.71793],[14.00613,45.72548],[14.01051,45.73217],[14.01257,45.73327],[14.01377,45.73325],[14.01704,45.73498],[14.01812,45.73648],[14.01837,45.7373],[14.01999,45.73763],[14.02174,45.73856],[14.02366,45.7389],[14.02973,45.74079],[14.03161,45.74207],[14.03251,45.74219],[14.03587,45.74245],[14.03723,45.74294],[14.03738,45.74327],[14.03633,45.7436],[14.03637,45.74389],[14.03727,45.74432],[14.03843,45.74444],[14.04037,45.7462],[14.04121,45.74735],[14.04252,45.74985],[14.04407,45.75133],[14.04344,45.75137],[14.04182,45.75135],[14.04137,45.7514],[14.04102,45.75169],[14.04062,45.75189],[14.04096,45.75195],[14.04168,45.75186],[14.04248,45.75193],[14.04284,45.75232],[14.04366,45.7527],[14.04336,45.75426],[14.04303,45.75494],[14.0435,45.75515],[14.04385,45.75506],[14.0472,45.75492],[14.04843,45.75555],[14.0491,45.75561],[14.04923,45.75602],[14.05011,45.75649],[14.05011,45.75649]]}},{"type":"Feature","properties":{"n":"Nadlesk-Tergeste"},"geometry":{"type":"LineString","coordinates":[[13.97168,45.67921],[14.02061,45.66373],[14.05442,45.65594],[14.07698,45.65627],[14.11479,45.64272],[14.1512,45.63271],[14.16768,45.61917],[14.19454,45.6248],[14.22058,45.63714],[14.24437,45.6251],[14.28558,45.62266],[14.29765,45.61914],[14.3246,45.6142],[14.34437,45.62057],[14.36529,45.62488],[14.3766,45.62134],[14.38728,45.61973],[14.40655,45.61755],[14.42235,45.61717],[14.4336,45.61906],[14.44532,45.62455],[14.46382,45.62271],[14.47294,45.63058],[14.47527,45.63611],[14.47066,45.6464],[14.47094,45.65542],[14.46464,45.66732],[14.46902,45.6743],[14.47246,45.67747],[14.47198,45.68335],[14.47446,45.70248],[14.47279,45.71073]]}},{"type":"Feature","properties":{"n":"Aegida-Piranum"},"geometry":{"type":"LineString","coordinates":[[13.73513,45.53519],[13.7253,45.53598],[13.72435,45.5351],[13.72312,45.53511],[13.71916,45.53627],[13.7142,45.53788],[13.71335,45.53942],[13.70841,45.53963],[13.70291,45.53928],[13.69648,45.54248],[13.69053,45.54333],[13.6859,45.54271],[13.68307,45.54259],[13.68162,45.54213],[13.68144,45.54109],[13.67706,45.54173],[13.66316,45.53438],[13.65077,45.53008],[13.64334,45.53111],[13.64097,45.53041],[13.63753,45.53053],[13.62569,45.52969],[13.6108,45.52525],[13.60581,45.52509],[13.60046,45.52565],[13.59753,45.52324],[13.59573,45.52322],[13.59627,45.52415],[13.59653,45.52577],[13.59623,45.52498],[13.59467,45.52332],[13.59483,45.52374],[13.59535,45.52533],[13.59272,45.52519],[13.5908,45.52259],[13.58862,45.52276],[13.58675,45.52166],[13.58509,45.52111],[13.58485,45.51987],[13.58019,45.52024],[13.57441,45.5216],[13.57441,45.5216]]}},{"type":"Feature","properties":{"n":"Silvo-Piranum"},"geometry":{"type":"LineString","coordinates":[[13.63719,45.45522],[13.63542,45.45479],[13.62884,45.45547],[13.62397,45.4548],[13.6199,45.45286],[13.61599,45.45381],[13.6149,45.45458],[13.61346,45.45639],[13.6112,45.45746],[13.60935,45.45769],[13.60451,45.45888],[13.60168,45.45972],[13.60117,45.46015],[13.59837,45.46118],[13.59556,45.46173],[13.58104,45.46694],[13.57368,45.46984],[13.57142,45.47012],[13.56682,45.46936],[13.56509,45.46987],[13.56264,45.47219],[13.56125,45.47241],[13.55842,45.47256],[13.55686,45.47236],[13.55591,45.47254],[13.54602,45.47771],[13.54478,45.47938],[13.54368,45.47992],[13.54019,45.48032],[13.53735,45.4812],[13.52283,45.48957],[13.52019,45.49094],[13.5182,45.49226],[13.51636,45.49242],[13.51337,45.49178],[13.51275,45.49156],[13.51092,45.49185],[13.50982,45.49237],[13.50587,45.49195],[13.50587,45.49195]]}},{"type":"Feature","properties":{"n":"Humagum-Neapolis"},"geometry":{"type":"LineString","coordinates":[[13.5421,45.39225],[13.54731,45.37815],[13.54858,45.36306],[13.54952,45.36196],[13.55713,45.35854],[13.5569,45.35784],[13.5539,45.35416],[13.5486,45.35205],[13.54599,45.35163],[13.54609,45.35116],[13.5566,45.34321],[13.55631,45.34155],[13.55872,45.3389],[13.56037,45.33425],[13.56162,45.33228],[13.56472,45.32237],[13.56953,45.3194]]}},{"type":"Feature","properties":{"n":"Neapolis-Ad Ningum"},"geometry":{"type":"LineString","coordinates":[[13.56953,45.3194],[13.57048,45.32093],[13.57158,45.32444],[13.5735,45.32615],[13.5742,45.32752],[13.57608,45.32888],[13.57896,45.33595],[13.58412,45.33908],[13.58713,45.34222],[13.61599,45.35165],[13.61842,45.35093]]}},{"type":"Feature","properties":{"n":"Hugamum-Ad Ningum"},"geometry":{"type":"LineString","coordinates":[[13.5241,45.43122],[13.52931,45.43054],[13.53255,45.42962],[13.53775,45.42904],[13.54811,45.4271],[13.55708,45.42423],[13.56625,45.42421],[13.56774,45.42373],[13.56839,45.42297],[13.5687,45.42181],[13.57587,45.4171],[13.57847,45.41407],[13.58182,45.41246],[13.5856,45.41008],[13.58896,45.40883],[13.59265,45.40645],[13.59325,45.40569],[13.59419,45.40539],[13.5995,45.40489],[13.60222,45.4037],[13.60468,45.40383],[13.60802,45.40334],[13.60883,45.40247],[13.61038,45.40179],[13.61253,45.40216],[13.61397,45.40197],[13.61604,45.40313],[13.61905,45.40297]]}},{"type":"Feature","properties":{"n":"Ruginium-east"},"geometry":{"type":"LineString","coordinates":[[13.63162,45.08306],[13.64048,45.08606],[13.64431,45.08848],[13.64645,45.08853],[13.64948,45.08841],[13.65521,45.09023],[13.65981,45.0911],[13.6682,45.09207],[13.67322,45.09392],[13.68044,45.09866],[13.68371,45.10151],[13.68916,45.10252],[13.69198,45.10268],[13.71612,45.10995],[13.71859,45.11001],[13.72035,45.10959],[13.72469,45.10783],[13.72715,45.10649],[13.72896,45.10622],[13.73272,45.10647],[13.73685,45.10618],[13.74144,45.10636],[13.74532,45.10686],[13.75174,45.10646],[13.75449,45.10681],[13.75943,45.10822],[13.76613,45.10845],[13.76805,45.10814]]}},{"type":"Feature","properties":{"n":"Brajkovi\u0107i-east"},"geometry":{"type":"LineString","coordinates":[[13.76805,45.10814],[13.79693,45.11011],[13.82998,45.11786],[13.84344,45.12586],[13.86416,45.12969],[13.88099,45.13352],[13.9027,45.14145],[13.91252,45.14529],[13.92979,45.15122],[13.94108,45.15756],[13.95067,45.163],[13.95524,45.16853],[13.96782,45.1701],[13.98683,45.17473],[13.9999,45.18014],[14.01232,45.17728],[14.02293,45.1722],[14.03331,45.17602],[14.04274,45.1764],[14.04925,45.17897],[14.05344,45.18033],[14.05791,45.18072],[14.06118,45.18101],[14.062,45.18242],[14.0637,45.18532],[14.06866,45.18552],[14.07222,45.18854],[14.07692,45.19009],[14.08054,45.18759],[14.09628,45.19641],[14.1225,45.19146],[14.134,45.18848]]}},{"type":"Feature","properties":{"n":"Flanona-Vranja"},"geometry":{"type":"LineString","coordinates":[[14.14979,45.32277],[14.14783,45.32316],[14.13944,45.3262],[14.13687,45.32444],[14.13784,45.32162],[14.13969,45.31768],[14.13427,45.31224],[14.13461,45.30476],[14.13558,45.29786],[14.13291,45.29584],[14.12649,45.29559],[14.1235,45.29385],[14.12218,45.29132],[14.12295,45.28351],[14.12533,45.28023],[14.12892,45.27838],[14.12903,45.27677],[14.12699,45.27298],[14.12714,45.2671],[14.12849,45.26228],[14.12922,45.25791],[14.13462,45.25494],[14.13604,45.25233],[14.1429,45.24705],[14.14394,45.24343],[14.14553,45.23966],[14.14538,45.23572],[14.14609,45.23065],[14.14598,45.22742],[14.14545,45.21765],[14.14574,45.21293],[14.14153,45.20708],[14.13626,45.20462],[14.13396,45.20034],[14.1333,45.18953],[14.134,45.18848]]}},{"type":"Feature","properties":{"n":"Vranja-Tarsatica"},"geometry":{"type":"LineString","coordinates":[[14.32671,45.36466],[14.31205,45.35989],[14.30507,45.35519],[14.30324,45.35175],[14.30371,45.3485],[14.29646,45.34591],[14.29052,45.34472],[14.28644,45.34453],[14.2777,45.34057],[14.2752,45.33652],[14.27209,45.33609],[14.26174,45.33655],[14.25711,45.33431],[14.24909,45.33056],[14.24503,45.32379],[14.23733,45.31996],[14.23316,45.31712],[14.23195,45.31496],[14.22912,45.31386],[14.22491,45.31205],[14.2171,45.30905],[14.21216,45.30882],[14.20429,45.30661],[14.19724,45.30355],[14.19397,45.30575],[14.19285,45.30961],[14.18894,45.31213],[14.18404,45.31254],[14.18286,45.31365],[14.17837,45.31574],[14.16872,45.32014],[14.14979,45.32277]]}},{"type":"Feature","properties":{"n":"Ad Ningum-East"},"geometry":{"type":"LineString","coordinates":[[14.14979,45.32277],[14.13379,45.33081],[14.12648,45.33861],[14.11574,45.34536],[14.09752,45.35988],[14.08395,45.36883],[14.07643,45.37672],[14.07157,45.38378],[14.05853,45.38966],[14.04635,45.39117],[14.03418,45.39657],[14.02308,45.40031],[14.01081,45.4028],[14.0004,45.40044],[13.99561,45.39532],[13.98129,45.40535],[13.96834,45.40941],[13.96143,45.40568],[13.94512,45.40384],[13.93825,45.39841],[13.93084,45.39043],[13.9277,45.38741],[13.91948,45.38806],[13.9145,45.39153],[13.90672,45.39369],[13.89933,45.39419],[13.89571,45.38682],[13.89616,45.38276],[13.88924,45.37701],[13.86893,45.36522],[13.83015,45.34714],[13.80103,45.3462],[13.77051,45.35165],[13.74725,45.35371],[13.73839,45.35852]]}},{"type":"Feature","properties":{"n":"Pola-Brajkovi\u0107i"},"geometry":{"type":"LineString","coordinates":[[13.84735,44.88892],[13.84596,44.89045],[13.84598,44.89316],[13.84516,44.89489],[13.84512,44.8992],[13.85058,44.91802],[13.85058,44.92233],[13.8537,44.94673],[13.8537,44.95123],[13.85296,44.95259],[13.84548,44.957],[13.8447,44.95759],[13.84425,44.95858],[13.84672,44.96778],[13.84597,44.97078],[13.8455,44.97247],[13.84406,44.97434],[13.83637,44.98139],[13.83292,44.98402],[13.83066,44.98735],[13.8251,44.99333],[13.81444,45.00355],[13.80691,45.01431],[13.80444,45.01753],[13.79962,45.02524],[13.79811,45.02838],[13.79705,45.02922],[13.79361,45.031],[13.79299,45.03165],[13.78994,45.03623],[13.78993,45.03763],[13.79008,45.0405],[13.78995,45.04159],[13.79086,45.06208],[13.79027,45.06486],[13.78977,45.06628],[13.7868,45.07048],[13.78298,45.07396],[13.78114,45.0751],[13.78063,45.07589],[13.77955,45.08104],[13.77754,45.0844],[13.77601,45.08634],[13.77593,45.08713],[13.77608,45.09068],[13.77564,45.09142],[13.76917,45.09593],[13.76844,45.09722],[13.76797,45.09858],[13.76894,45.10041],[13.76805,45.10814],[13.76805,45.10814]]}},{"type":"Feature","properties":{"n":"Pola-Nesactium"},"geometry":{"type":"LineString","coordinates":[[13.84934,44.88561],[13.85211,44.88561],[13.85624,44.88595],[13.85957,44.88528],[13.86268,44.883],[13.86483,44.88072],[13.87013,44.88325],[13.87441,44.88718],[13.88932,44.89291],[13.89828,44.89404],[13.90539,44.89722],[13.90915,44.89943],[13.91666,44.9012],[13.92156,44.90027],[13.92262,44.90081],[13.92354,44.90094],[13.92455,44.90179],[13.92816,44.90112],[13.93069,44.90291],[13.9349,44.90458],[13.9381,44.90418],[13.94228,44.90608],[13.94288,44.90709],[13.94452,44.90803],[13.94876,44.90859],[13.95017,44.90933],[13.95362,44.90988],[13.95597,44.90859],[13.95664,44.90632],[13.95811,44.90583],[13.95996,44.90558],[13.95996,44.90558]]}},{"type":"Feature","properties":{"n":"Parentium-Ad Ningum"},"geometry":{"type":"LineString","coordinates":[[13.60547,45.24265],[13.67512,45.2875],[13.69044,45.30056],[13.70138,45.3041],[13.70341,45.30364],[13.71075,45.30626],[13.71291,45.30675],[13.71386,45.30836],[13.72205,45.31253],[13.72707,45.31587],[13.74371,45.32639],[13.75048,45.3297],[13.75857,45.33005],[13.75962,45.33136],[13.75992,45.33197],[13.75792,45.3338],[13.75562,45.33423],[13.752,45.33408],[13.75041,45.33484],[13.75055,45.33691],[13.75051,45.33796],[13.75219,45.33906],[13.75191,45.34025],[13.74885,45.34117],[13.74788,45.3418],[13.74749,45.34348],[13.7468,45.34424],[13.74266,45.34533],[13.74119,45.34867],[13.73797,45.34942],[13.73621,45.35048],[13.73442,45.35029],[13.7359,45.3515],[13.74215,45.35225],[13.74481,45.35136],[13.74549,45.35163],[13.73876,45.35559],[13.73789,45.35794],[13.73839,45.35852]]}},{"type":"Feature","properties":{"n":"Ad Ningum-Tergeste"},"geometry":{"type":"LineString","coordinates":[[13.73839,45.35852],[13.73799,45.36052],[13.7257,45.36293],[13.72387,45.36651],[13.72003,45.3688],[13.71196,45.36835],[13.70704,45.37165],[13.7046,45.37571],[13.70039,45.3752],[13.69889,45.37725],[13.6975,45.37645],[13.69322,45.3767],[13.69681,45.37761],[13.69649,45.37878],[13.69382,45.37987],[13.69339,45.38107],[13.68896,45.38308],[13.68649,45.38284],[13.68908,45.38569],[13.68747,45.38723],[13.68653,45.3893],[13.6833,45.39267],[13.67932,45.39708],[13.67593,45.3993],[13.67322,45.40036],[13.66826,45.40158],[13.66455,45.4034],[13.66693,45.40753],[13.66369,45.41204],[13.66332,45.41566],[13.6584,45.42712],[13.65821,45.43322],[13.65766,45.43796],[13.65585,45.44377],[13.65848,45.44678],[13.65549,45.44957],[13.65171,45.44875],[13.6466,45.45203],[13.64458,45.45382],[13.64442,45.45408]]}},{"type":"Feature","properties":{"n":"Cibalae-south"},"geometry":{"type":"LineString","coordinates":[[18.54524,45.11659],[18.55353,45.1178],[18.5622,45.12086],[18.56867,45.12468],[18.57063,45.12665],[18.57766,45.13776],[18.57856,45.13866],[18.57913,45.1424],[18.58115,45.14558],[18.58332,45.14647],[18.58519,45.14711],[18.5851,45.15063],[18.58559,45.15393],[18.58944,45.15837],[18.59217,45.16009],[18.5952,45.16088],[18.60404,45.16758],[18.62436,45.1728],[18.64006,45.17409],[18.64541,45.17409],[18.64895,45.17351],[18.65171,45.17349],[18.65408,45.1747],[18.65829,45.17713],[18.6663,45.18043],[18.67003,45.18124],[18.67344,45.18337],[18.67813,45.18504],[18.6819,45.18733],[18.68548,45.18839],[18.68771,45.18968],[18.68774,45.19026],[18.68829,45.19056],[18.69204,45.19128],[18.69735,45.19236],[18.69735,45.19236]]}},{"type":"Feature","properties":{"n":"Cibalae-Sirmium"},"geometry":{"type":"LineString","coordinates":[[19.60959,44.97231],[19.58331,44.98417],[19.52587,45.01268],[19.47752,45.00967],[19.46208,45.0104],[19.39675,45.0248],[19.3819,45.04165],[19.37486,45.04425],[19.3466,45.07019],[19.31434,45.08186],[19.30831,45.08201],[19.30614,45.08662],[19.2637,45.10673],[19.2078,45.13787],[19.15172,45.16475],[19.14264,45.16862],[19.131,45.17452],[19.09319,45.18251],[19.06333,45.18525],[19.01662,45.1991],[19.00347,45.20479],[18.98912,45.2137],[18.98152,45.21546],[18.94804,45.21979],[18.94309,45.22177],[18.91165,45.24741],[18.90064,45.25299],[18.87841,45.25608],[18.85764,45.2679],[18.81672,45.28675],[18.81169,45.28854],[18.80398,45.29025]]}},{"type":"Feature","properties":{"n":"Arelape-south"},"geometry":{"type":"LineString","coordinates":[[15.30765,47.78612],[15.29545,47.81457],[15.30042,47.82313],[15.30814,47.83297],[15.31398,47.8454],[15.31064,47.84633],[15.30559,47.84782],[15.30882,47.85191],[15.31423,47.85904],[15.32719,47.8692],[15.3157,47.86992],[15.32228,47.87691],[15.31,47.89103],[15.30209,47.89462],[15.29939,47.90096],[15.28303,47.90366],[15.29603,47.91305],[15.29056,47.92254],[15.28559,47.92502],[15.28565,47.93637],[15.27046,47.93937],[15.27273,47.94571],[15.27204,47.94819],[15.25029,47.95303],[15.22982,47.95108],[15.20907,47.95768],[15.19525,47.9687],[15.18401,47.9779],[15.1696,47.98678],[15.16146,47.9981],[15.16254,48.01047],[15.13989,48.04398],[15.1401,48.05852]]}},{"type":"Feature","properties":{"n":"Arelape-south"},"geometry":{"type":"LineString","coordinates":[[15.15479,48.12471],[15.15685,48.12675],[15.15838,48.13025],[15.15779,48.13226],[15.15518,48.13571],[15.15386,48.13704],[15.15073,48.13861],[15.15278,48.14],[15.15558,48.14109],[15.15645,48.14297],[15.1596,48.14629],[15.162,48.14744],[15.16471,48.15012],[15.16841,48.14907],[15.16912,48.14929],[15.16988,48.1499],[15.16912,48.15076],[15.17211,48.1528],[15.17684,48.15304],[15.17895,48.1537],[15.18007,48.15482],[15.18019,48.15615],[15.17938,48.15736],[15.1795,48.15973],[15.17915,48.16144],[15.17744,48.1638],[15.17744,48.16474],[15.17727,48.16608],[15.17736,48.16738],[15.17721,48.16933],[15.17562,48.17065],[15.17561,48.17116],[15.17632,48.17225],[15.17916,48.17344],[15.18002,48.17421],[15.18219,48.175],[15.18307,48.17594],[15.18485,48.17703],[15.18523,48.17768],[15.1853,48.17913],[15.18481,48.18056],[15.18495,48.18145],[15.18443,48.18282],[15.18397,48.18309],[15.186,48.18547],[15.18989,48.18808],[15.19218,48.19077],[15.19346,48.1949],[15.19335,48.19702],[15.19379,48.1983],[15.19389,48.19939],[15.19696,48.20196],[15.1975,48.20272],[15.19808,48.20542],[15.19752,48.20594],[15.19767,48.20653],[15.19888,48.20751],[15.20456,48.20816],[15.20456,48.20816]]}},{"type":"Feature","properties":{"n":"Ad Pontem-south"},"geometry":{"type":"LineString","coordinates":[[15.0436,48.15761],[15.04484,48.15563],[15.04731,48.15377],[15.05119,48.14807],[15.05606,48.14345],[15.07831,48.14938],[15.0792,48.14785],[15.08193,48.14887],[15.08296,48.148],[15.0833,48.14505],[15.08252,48.1435],[15.07868,48.14183],[15.07611,48.14015],[15.07643,48.13952],[15.07634,48.13787],[15.07736,48.13639],[15.07797,48.13376],[15.07856,48.13389],[15.08162,48.13364],[15.08382,48.13266],[15.08682,48.1324],[15.09088,48.13275],[15.09155,48.13242],[15.09205,48.13201],[15.09373,48.13146],[15.09412,48.13163],[15.09501,48.13297],[15.09594,48.13333],[15.09696,48.13278],[15.09878,48.13293],[15.10767,48.13037],[15.10787,48.12987],[15.10771,48.12903],[15.10809,48.12874],[15.11124,48.12828],[15.11218,48.12778],[15.1141,48.12813],[15.11993,48.12698],[15.12158,48.12741],[15.12339,48.12877],[15.1247,48.12865],[15.12668,48.12726],[15.1263,48.12689],[15.12886,48.12564],[15.13361,48.1279],[15.13853,48.1299],[15.13865,48.12865],[15.14155,48.12766],[15.144,48.12823],[15.1452,48.12748],[15.14755,48.12707],[15.14882,48.12644],[15.15479,48.12471],[15.15479,48.12471]]}},{"type":"Feature","properties":{"n":"Aenona-Iader"},"geometry":{"type":"LineString","coordinates":[[15.23707,44.11235],[15.23605,44.1137],[15.23531,44.11699],[15.23474,44.12003],[15.23401,44.12071],[15.23798,44.12251],[15.23436,44.12632],[15.23134,44.12993],[15.23053,44.132],[15.23082,44.13357],[15.22955,44.13555],[15.22968,44.13681],[15.22864,44.1384],[15.2282,44.14042],[15.22239,44.14878],[15.21837,44.15226],[15.21104,44.1575],[15.20473,44.16327],[15.19825,44.16839],[15.194,44.17132],[15.18974,44.17666],[15.17712,44.19577],[15.176,44.19914],[15.17856,44.21499],[15.17835,44.21623],[15.17718,44.21732],[15.17781,44.22031],[15.17802,44.22548],[15.18058,44.22999],[15.18052,44.2327],[15.1816,44.2333],[15.18207,44.23469],[15.1815,44.23666],[15.18147,44.23934],[15.18077,44.24085],[15.18204,44.24159],[15.18268,44.2413],[15.18405,44.24245],[15.18491,44.2428],[15.18491,44.2428]]}},{"type":"Feature","properties":{"n":"Connecting road"},"geometry":{"type":"LineString","coordinates":[[15.89458,43.83266],[15.87661,43.84404],[15.86052,43.85219],[15.82474,43.86139],[15.80922,43.86968],[15.78012,43.89794],[15.75926,43.90723],[15.76214,43.90982],[15.76249,43.91082],[15.75969,43.91293],[15.76006,43.9139],[15.76283,43.91587],[15.76186,43.91703],[15.75858,43.9196],[15.75667,43.92023],[15.75373,43.92271],[15.74905,43.9248],[15.74444,43.92932],[15.74076,43.9314],[15.73659,43.93471],[15.72936,43.93994],[15.72567,43.94353],[15.71394,43.95363],[15.70748,43.95863],[15.69921,43.96334],[15.69813,43.96554],[15.68361,43.97372],[15.68207,43.97506],[15.67848,43.977],[15.67549,43.97529],[15.67365,43.97522],[15.6668,43.97372],[15.66618,43.97396],[15.66222,43.97855],[15.66208,43.98139],[15.66244,43.98278],[15.66216,43.98352],[15.65771,43.98787],[15.65074,43.99453],[15.64899,43.99546],[15.63063,44.01327],[15.62508,44.01887],[15.62422,44.02079],[15.62335,44.02194],[15.62333,44.02267],[15.62087,44.02285],[15.61503,44.02625],[15.61397,44.02743],[15.60256,44.03325],[15.60256,44.03325]]}},{"type":"Feature","properties":{"n":"Arelape-south"},"geometry":{"type":"LineString","coordinates":[[15.1401,48.05852],[15.13956,48.06129],[15.13877,48.0624],[15.13702,48.06375],[15.1354,48.06513],[15.13476,48.06643],[15.13503,48.06761],[15.13727,48.07246],[15.137,48.07901],[15.1394,48.08417],[15.13581,48.08994],[15.13351,48.09727],[15.13868,48.09863],[15.14101,48.09968],[15.1441,48.10246],[15.14551,48.10592],[15.14563,48.1136],[15.14617,48.11622],[15.1477,48.11767],[15.15479,48.12471]]}},{"type":"Feature","properties":{"n":"Neapolis-Ad Ningum"},"geometry":{"type":"LineString","coordinates":[[13.73839,45.35852],[13.736,45.35898],[13.73416,45.35886],[13.72858,45.35675],[13.72602,45.35522],[13.71879,45.35316],[13.71116,45.35229],[13.70794,45.35239],[13.70487,45.35268],[13.70307,45.35235],[13.70161,45.35164],[13.6979,45.34813],[13.69465,45.3449],[13.69284,45.3441],[13.69063,45.34383],[13.68773,45.34464],[13.6766,45.34906],[13.67418,45.34934],[13.67143,45.34856],[13.6696,45.3472],[13.66741,45.34652],[13.66444,45.34689],[13.66288,45.34792],[13.66062,45.35132],[13.6575,45.35326],[13.65656,45.35493],[13.6563,45.35734],[13.65424,45.35878],[13.65247,45.35908],[13.6476,45.35938],[13.64553,45.35888],[13.64353,45.35818],[13.64147,45.35783],[13.6364,45.35794],[13.63029,45.35647],[13.62063,45.35325],[13.61842,45.35093],[13.61842,45.35093]]}},{"type":"Feature","properties":{"n":"Flanona-Krsan"},"geometry":{"type":"LineString","coordinates":[[14.134,45.18848],[14.13815,45.18613],[14.13995,45.18419],[14.14739,45.18082],[14.15028,45.17922],[14.15174,45.17731],[14.15219,45.17594],[14.15187,45.17398],[14.14953,45.16582],[14.15023,45.16424],[14.15631,45.15903],[14.15849,45.15847],[14.16052,45.15655],[14.16127,45.15439],[14.16145,45.15245],[14.16275,45.15064],[14.16409,45.1462],[14.16665,45.14282],[14.16662,45.14128],[14.16738,45.13937]]}},{"type":"Feature","properties":{"n":"Humagum-Neapolis"},"geometry":{"type":"LineString","coordinates":[[13.5241,45.43122],[13.52505,45.42709],[13.53072,45.41933],[13.52881,45.41499],[13.52884,45.41367],[13.52963,45.41216],[13.53274,45.40831],[13.53785,45.40071],[13.53876,45.39898],[13.54061,45.39788],[13.54111,45.39739],[13.54159,45.39569],[13.54212,45.39477],[13.5421,45.39225]]}},{"type":"Feature","properties":{"n":"Tergeste-Diva\u010da"},"geometry":{"type":"LineString","coordinates":[[13.86272,45.64245],[13.86712,45.64325],[13.87268,45.64617],[13.8798,45.6528],[13.88196,45.65544],[13.89068,45.6577],[13.89573,45.65757],[13.90394,45.65955],[13.90588,45.66108],[13.91269,45.66068],[13.92347,45.66126],[13.9258,45.66078],[13.92729,45.66128],[13.92811,45.66089],[13.92989,45.6609],[13.93133,45.66071],[13.93784,45.66174],[13.94579,45.6669],[13.94913,45.67259],[13.95205,45.67375],[13.95512,45.67885],[13.95641,45.67928],[13.96342,45.67809],[13.96712,45.67878],[13.96875,45.6799],[13.97168,45.67921]]}},{"type":"Feature","properties":{"n":"Bihac connecting road"},"geometry":{"type":"LineString","coordinates":[[15.87715,44.8145],[15.87097,44.81356]]}},{"type":"Feature","properties":{"n":"Buch road"},"geometry":{"type":"LineString","coordinates":[[10.13379,48.9082],[10.13462,48.90846],[10.13561,48.90915],[10.13637,48.90955],[10.13687,48.90953],[10.1373,48.90921],[10.13894,48.90859],[10.13982,48.9076]]}},{"type":"Feature","properties":{"n":"Bratananium-M\u00fcnchen Gr\u00fcnwald"},"geometry":{"type":"LineString","coordinates":[[11.37368,48.0675],[11.37417,48.06733],[11.37561,48.0673],[11.37888,48.06739],[11.38818,48.06455],[11.38901,48.06394],[11.39005,48.06354],[11.4109,48.06034],[11.44017,48.05024],[11.49849,48.03233],[11.50836,48.0282],[11.50588,48.02685],[11.50661,48.02611],[11.50474,48.02543],[11.50263,48.02569],[11.50163,48.02584],[11.50032,48.02466],[11.5009,48.0232],[11.50389,48.01137],[11.52309,48.0113],[11.56804,48.01079],[11.58853,48.00846]]}},{"type":"Feature","properties":{"n":"Novae-north"},"geometry":{"type":"LineString","coordinates":[[17.30266,43.48132],[17.30173,43.4731],[17.30029,43.46871],[17.29794,43.46411],[17.29068,43.46328],[17.28808,43.4613],[17.28253,43.46014],[17.27683,43.45973],[17.27626,43.45776],[17.27281,43.45721],[17.26389,43.45405],[17.26519,43.45286],[17.2651,43.45069],[17.2649,43.44963],[17.26129,43.44999],[17.2601,43.45024],[17.26279,43.44864],[17.26221,43.44725],[17.26207,43.44639],[17.25957,43.44538],[17.25772,43.44608],[17.25746,43.44493],[17.25893,43.44236],[17.2586,43.43953],[17.25834,43.43688],[17.25878,43.43566],[17.26189,43.43478],[17.26252,43.43331],[17.2627,43.43193],[17.2589,43.43159],[17.25893,43.43099],[17.25787,43.43062],[17.25658,43.42946],[17.25642,43.42891],[17.2563,43.42765],[17.25252,43.41272],[17.25243,43.41108],[17.24828,43.40474],[17.25184,43.40095],[17.25195,43.39979],[17.24282,43.3946],[17.2388,43.39095],[17.2378,43.39018],[17.23772,43.38879]]}},{"type":"Feature","properties":{"n":"Colatio-north"},"geometry":{"type":"LineString","coordinates":[[14.87706,46.70064],[14.89758,46.69926],[14.90322,46.69565],[14.90382,46.6891],[14.90809,46.68129],[14.9122,46.6776],[14.91695,46.67474],[14.91726,46.67324],[14.91655,46.67215],[14.9191,46.66889],[14.92262,46.66506],[14.92627,46.65749],[14.93425,46.64999],[14.94004,46.6449],[14.93957,46.64297],[14.94374,46.64178],[14.94912,46.64061],[14.95211,46.63916],[14.96699,46.62948],[14.97301,46.62194],[14.97527,46.6188],[14.97566,46.61287],[14.97728,46.60819],[14.98381,46.60511],[14.98563,46.60391],[15.00037,46.59655],[15.00819,46.59447],[15.02124,46.58951],[15.02467,46.58925],[15.02397,46.58739],[15.02301,46.58473],[15.02403,46.58087],[15.02708,46.57811],[15.03548,46.56953],[15.03458,46.56928],[15.03568,46.56751],[15.03568,46.56751]]}},{"type":"Feature","properties":{"n":"T\u00f6ging-Branau"},"geometry":{"type":"LineString","coordinates":[[12.58683,48.25452],[12.59049,48.25633],[12.59332,48.25707],[12.59586,48.2587],[12.63245,48.2628],[12.65043,48.26347],[12.65687,48.26276],[12.66318,48.25859],[12.69465,48.26143],[12.72345,48.26428],[12.73474,48.26516],[12.74782,48.26129],[12.7886,48.26303],[12.8022,48.26998],[12.80888,48.27151],[12.81578,48.272],[12.82109,48.27113],[12.84146,48.25809],[12.85384,48.25645],[12.88396,48.25229],[12.91605,48.24632],[12.92426,48.24862],[12.93505,48.24993],[12.94945,48.24829],[12.96854,48.24552],[12.97271,48.24601],[12.98197,48.24924],[12.99182,48.25257],[12.99588,48.25547],[12.99813,48.25676],[13.00937,48.26153],[13.01466,48.26277],[13.01758,48.26304],[13.02442,48.26591],[13.02622,48.26709],[13.02763,48.26756],[13.02763,48.26756]]}},{"type":"Feature","properties":{"n":"Ambra-Bratananium"},"geometry":{"type":"LineString","coordinates":[[11.3206,48.09667],[11.32809,48.09219],[11.32983,48.09172],[11.33537,48.08876],[11.37434,48.06865],[11.37368,48.0675]]}},{"type":"Feature","properties":{"n":"Ambrae-Augusta Vindelicum"},"geometry":{"type":"LineString","coordinates":[[11.20052,48.14236],[11.20511,48.13993],[11.20729,48.13788],[11.20918,48.13673],[11.20879,48.13578],[11.20917,48.13441],[11.21034,48.13406],[11.21262,48.13448],[11.21751,48.13609],[11.21848,48.13714],[11.22018,48.13742],[11.22361,48.1385],[11.22557,48.13864],[11.22733,48.1383],[11.22855,48.13877],[11.25298,48.1333],[11.25784,48.1329],[11.27114,48.12899],[11.2825,48.12032],[11.2877,48.11722],[11.30637,48.10519],[11.3206,48.09667]]}},{"type":"Feature","properties":{"n":"Oberdirf am Ipf-Dirgenheim"},"geometry":{"type":"LineString","coordinates":[[10.34511,48.86236],[10.34513,48.8627],[10.34463,48.86317],[10.34382,48.86529],[10.34376,48.86583],[10.34261,48.8668],[10.34275,48.86737],[10.34349,48.86791],[10.34491,48.87098],[10.34704,48.87306],[10.34698,48.87647],[10.3486,48.87833],[10.35141,48.88022],[10.3543,48.89078],[10.35436,48.89236],[10.35644,48.89772],[10.35586,48.90488],[10.3594,48.90701],[10.36164,48.90533],[10.37628,48.89956],[10.38513,48.8972],[10.39299,48.8929],[10.39846,48.89157],[10.41565,48.88677],[10.41798,48.8867]]}},{"type":"Feature","properties":{"n":"Aquae Balissae-Incero"},"geometry":{"type":"LineString","coordinates":[[17.73915,45.3576],[17.63324,45.44026],[17.60622,45.43793],[17.5937,45.44901],[17.57951,45.46118],[17.56864,45.47284],[17.56477,45.48934],[17.55421,45.49499],[17.52279,45.48205],[17.50362,45.47237],[17.49307,45.47914],[17.47845,45.48336],[17.45752,45.49585],[17.45167,45.50432],[17.43099,45.50934],[17.42113,45.51493],[17.41059,45.51561],[17.40587,45.51607],[17.39888,45.52309],[17.39851,45.52006],[17.39473,45.51957],[17.3911,45.51958],[17.38481,45.52677],[17.36925,45.5256],[17.34824,45.52927],[17.32548,45.53163],[17.29999,45.53648],[17.28608,45.55102],[17.26996,45.5663],[17.25543,45.57925],[17.23121,45.59031],[17.22343,45.5928]]}},{"type":"Feature","properties":{"n":"Bigeste-Martari"},"geometry":{"type":"LineString","coordinates":[[17.96161,43.656],[17.93347,43.66551],[17.894,43.68366],[17.87238,43.6889],[17.85154,43.69004],[17.84772,43.6872],[17.84363,43.6942],[17.83053,43.6852],[17.80424,43.68252],[17.78881,43.68503],[17.77575,43.67788],[17.78721,43.67385],[17.77899,43.67187],[17.77203,43.66627],[17.77373,43.66502],[17.75727,43.65338],[17.76163,43.64382],[17.75356,43.62818],[17.73913,43.61213],[17.73196,43.59758],[17.72003,43.5859],[17.71913,43.57557],[17.72151,43.56513],[17.73083,43.54465],[17.74196,43.51866],[17.77197,43.5025],[17.79682,43.48848],[17.80752,43.48623],[17.81136,43.48212],[17.85074,43.45612],[17.83521,43.36623],[17.79663,43.33804]]}},{"type":"Feature","properties":{"n":"Rogatica-Podromanija"},"geometry":{"type":"LineString","coordinates":[[18.75727,43.92149],[18.76126,43.91793],[18.77067,43.91726],[18.79653,43.90103],[18.82465,43.88116],[18.84047,43.87225],[18.84775,43.87106],[18.84911,43.86668],[18.85169,43.86222],[18.85346,43.85561],[18.85692,43.85274],[18.86525,43.8464],[18.86936,43.84419],[18.8873,43.84086],[18.89537,43.84105],[18.90386,43.84109],[18.91026,43.8409],[18.9201,43.83696],[18.92778,43.83561],[18.93405,43.83011],[18.93376,43.82394],[18.93581,43.82166],[18.93655,43.81904],[18.93486,43.81955],[18.92783,43.81879],[18.9271,43.81567],[18.92731,43.81228],[18.9309,43.80616],[18.93649,43.80318],[18.93811,43.80185],[18.93957,43.79794],[18.94718,43.79565],[18.9535,43.79452],[18.96811,43.79254],[18.96811,43.79254]]}},{"type":"Feature","properties":{"n":"Aquae Sulphurae-east"},"geometry":{"type":"LineString","coordinates":[[18.30745,43.83296],[18.3247,43.82159],[18.34887,43.80305],[18.36042,43.79386],[18.36047,43.78064],[18.36582,43.7772],[18.37231,43.7767],[18.37586,43.77476],[18.38496,43.77402],[18.39196,43.77344],[18.39917,43.77094],[18.40409,43.76581],[18.40405,43.76003],[18.40846,43.75248],[18.40681,43.74446],[18.404,43.73633],[18.40421,43.73223],[18.40555,43.72948],[18.41418,43.72714],[18.42307,43.72536],[18.4268,43.72552],[18.4314,43.72524],[18.43725,43.72511],[18.44014,43.72662],[18.43916,43.72101],[18.4403,43.71756],[18.44001,43.71435],[18.4402,43.71309],[18.43869,43.71175],[18.438,43.7108],[18.43756,43.71045],[18.44365,43.70152],[18.44651,43.69566]]}},{"type":"Feature","properties":{"n":"Aquae Sulphurae-east"},"geometry":{"type":"LineString","coordinates":[[18.74335,43.49199],[18.723,43.50046],[18.7025,43.50109],[18.68276,43.50704],[18.66654,43.5146],[18.64934,43.51507],[18.63905,43.51459],[18.63029,43.51148],[18.62229,43.51577],[18.62159,43.51865],[18.61717,43.52768],[18.60722,43.52611],[18.59231,43.53574],[18.57033,43.52944],[18.55895,43.54028],[18.55806,43.55448],[18.5687,43.56999],[18.55843,43.5806],[18.55805,43.57818],[18.54994,43.57993],[18.52926,43.58059],[18.50456,43.59591],[18.48062,43.60598],[18.48309,43.61425],[18.47667,43.61213],[18.46928,43.62142],[18.46759,43.62667],[18.46874,43.62734],[18.46055,43.63202],[18.4548,43.63817],[18.44383,43.65499],[18.44592,43.67862],[18.44651,43.69566],[18.44651,43.69566]]}},{"type":"Feature","properties":{"n":"Hedum Castellum Daesitiatium-west"},"geometry":{"type":"LineString","coordinates":[[18.28965,43.98921],[18.28927,43.99007],[18.28838,43.9906],[18.28705,43.99288],[18.28422,43.99183],[18.28115,43.99194],[18.27915,43.99183],[18.27512,43.99261],[18.27163,43.99272],[18.26606,43.99304],[18.26451,43.99287],[18.26395,43.99327],[18.26395,43.99389],[18.26267,43.99604],[18.26276,43.99681],[18.26089,43.99909],[18.26091,43.9997],[18.25987,44.00028],[18.25918,44.00013],[18.25792,43.99901],[18.25622,43.9996]]}},{"type":"Feature","properties":{"n":"Hedum Castellum Daesitiatium-Visoko"},"geometry":{"type":"LineString","coordinates":[[18.1825,43.99057],[18.18437,43.99051],[18.18562,43.98949],[18.18679,43.98895],[18.19127,43.99046],[18.19333,43.9916],[18.19491,43.99207],[18.19998,43.99262],[18.20272,43.99356],[18.20713,43.99545],[18.20961,43.99691],[18.21029,43.99778],[18.21176,43.99842],[18.21311,43.99864],[18.21476,43.99831],[18.21979,43.99578],[18.22946,43.99004],[18.23127,43.99127],[18.23266,43.99114],[18.23381,43.99189],[18.23502,43.99147],[18.23648,43.99259],[18.24007,43.99603],[18.24113,43.99656],[18.24199,43.9967],[18.24216,43.99725],[18.24566,44.00111],[18.24583,44.00331],[18.24715,44.0028],[18.24799,44.0026],[18.24906,44.00094],[18.24982,44.00085],[18.2507,44.00011],[18.25622,43.9996],[18.25622,43.9996]]}},{"type":"Feature","properties":{"n":"Network connecting road"},"geometry":{"type":"LineString","coordinates":[[18.83561,44.64787],[18.8359,44.65355],[18.83572,44.65662],[18.83643,44.66121],[18.83388,44.66577],[18.82858,44.66931],[18.82384,44.6718],[18.82244,44.67921],[18.82048,44.68226],[18.81753,44.68633],[18.81831,44.68886],[18.81965,44.69259],[18.82068,44.69475],[18.81941,44.69723],[18.82316,44.7026],[18.82456,44.70602],[18.82452,44.70878],[18.82431,44.71698],[18.82178,44.72156],[18.81964,44.72501],[18.81956,44.7317],[18.82212,44.73962],[18.82326,44.74503],[18.82165,44.75135],[18.82094,44.75715],[18.81473,44.76523],[18.81038,44.77933],[18.81586,44.79225],[18.81258,44.79847],[18.809,44.81037],[18.81855,44.8282],[18.76788,44.84433],[18.74311,44.9011],[18.74311,44.9011]]}},{"type":"Feature","properties":{"n":"Hedum Castellum Daesitiatium-north"},"geometry":{"type":"LineString","coordinates":[[18.33181,44.16877],[18.34141,44.17343],[18.37663,44.17247],[18.40349,44.18759],[18.4155,44.20365],[18.42968,44.20485],[18.41538,44.22184],[18.42836,44.23561],[18.42893,44.24802],[18.42689,44.28184],[18.42018,44.31879],[18.40265,44.35047],[18.4458,44.36245],[18.47696,44.37308],[18.52755,44.40032],[18.48036,44.41407],[18.46301,44.43354],[18.44242,44.45688],[18.46479,44.46606],[18.47952,44.49064],[18.50028,44.50827],[18.56837,44.51466],[18.6922,44.54773],[18.68641,44.59664],[18.68243,44.61476],[18.67979,44.6288],[18.69356,44.63025],[18.70194,44.63649],[18.72148,44.65156],[18.76077,44.66224],[18.80156,44.64573],[18.83561,44.64787]]}},{"type":"Feature","properties":{"n":"Network connecting road"},"geometry":{"type":"LineString","coordinates":[[18.90583,44.63782],[18.90222,44.63441],[18.9006,44.63438],[18.89864,44.63546],[18.89661,44.63673],[18.89238,44.63857],[18.89243,44.63791],[18.89136,44.63816],[18.88968,44.63886],[18.88901,44.63808],[18.888,44.63791],[18.88596,44.63807],[18.8845,44.63764],[18.88386,44.6378],[18.8839,44.63864],[18.88384,44.63909],[18.88223,44.6381],[18.88192,44.63498],[18.8791,44.63167],[18.87582,44.63093],[18.87535,44.62994],[18.87514,44.62645],[18.87346,44.62621],[18.87266,44.6256],[18.87323,44.6243],[18.87484,44.62201],[18.87137,44.62235],[18.86651,44.62412],[18.86057,44.62807],[18.85488,44.62909],[18.85204,44.62963],[18.85191,44.62909],[18.85262,44.62816],[18.85133,44.62881],[18.84855,44.62972],[18.84596,44.63074],[18.84476,44.63134],[18.8429,44.63227],[18.83573,44.64727],[18.83561,44.64787]]}},{"type":"Feature","properties":{"n":"Donje Polje-Tragurium"},"geometry":{"type":"LineString","coordinates":[[16.24591,43.51842],[16.21331,43.51603],[16.1767,43.51331],[16.16151,43.51235],[16.15099,43.51552],[16.14252,43.51699],[16.13087,43.52118],[16.11852,43.51774],[16.11194,43.51424],[16.07275,43.51691],[16.03875,43.52879],[16.00539,43.53575],[15.9733,43.54053],[15.95907,43.55507],[15.94767,43.56161],[15.94658,43.56868],[15.93581,43.58522],[15.94295,43.58648],[15.96735,43.59],[15.97009,43.60166],[15.97635,43.61711],[15.97959,43.62184],[15.97619,43.62503],[15.96654,43.62662],[15.96123,43.62744],[15.97515,43.63206],[15.9557,43.64309],[15.95223,43.65274],[15.94946,43.65922],[15.94599,43.66189],[15.93879,43.66799],[15.94729,43.67378],[15.95921,43.68007],[15.96786,43.68494]]}},{"type":"Feature","properties":{"n":"Arausa-Donje Polje"},"geometry":{"type":"LineString","coordinates":[[15.77975,43.8364],[15.7779,43.83295],[15.77827,43.83086],[15.80338,43.79867],[15.81429,43.79391],[15.82075,43.79047],[15.82128,43.7896],[15.82167,43.78887],[15.82218,43.78759],[15.823,43.78689]]}},{"type":"Feature","properties":{"n":"Arausa-Donje Polje"},"geometry":{"type":"LineString","coordinates":[[15.96786,43.68494],[15.95853,43.69075],[15.95693,43.69343],[15.95021,43.69589],[15.94456,43.69945],[15.93482,43.70354],[15.93026,43.7063],[15.92605,43.70691],[15.92067,43.71033],[15.91599,43.71418],[15.91148,43.71671],[15.90791,43.72219],[15.90496,43.72363],[15.90296,43.72752],[15.90194,43.72841],[15.89635,43.73116],[15.89682,43.73198],[15.89521,43.73356],[15.89491,43.7341],[15.89368,43.73464],[15.89117,43.73699],[15.89068,43.73858],[15.89119,43.74072],[15.89086,43.74206],[15.89008,43.74345],[15.88871,43.74425],[15.88802,43.74523],[15.88771,43.74622],[15.88452,43.74731],[15.88354,43.74819],[15.88201,43.75239],[15.88129,43.75313],[15.8811,43.7546],[15.87892,43.75641],[15.87006,43.75844],[15.86878,43.75944],[15.86817,43.76038],[15.86577,43.7613],[15.8625,43.76486],[15.85821,43.76843],[15.85747,43.76879],[15.85741,43.76919],[15.85418,43.77065],[15.8514,43.77129],[15.85016,43.77125],[15.84916,43.77144],[15.84824,43.77144],[15.84789,43.7721],[15.8472,43.7723],[15.84663,43.77303],[15.84634,43.77316],[15.84634,43.77316]]}},{"type":"Feature","properties":{"n":"Donje Polje-Rider"},"geometry":{"type":"LineString","coordinates":[[15.96786,43.68494],[15.97337,43.68205],[15.98035,43.67994],[15.98719,43.67852],[15.99568,43.67623],[16.00532,43.6742],[16.01135,43.67514],[16.01194,43.67687],[16.01153,43.67733],[16.01191,43.67787],[16.01202,43.67858],[16.01234,43.679],[16.01257,43.67945],[16.01304,43.67994],[16.01315,43.68062],[16.01961,43.69347],[16.02235,43.69526],[16.02347,43.69712],[16.02345,43.6976],[16.02287,43.69826],[16.02233,43.69876],[16.02221,43.69924],[16.02263,43.69995],[16.02388,43.70129],[16.02398,43.70231],[16.02425,43.70284],[16.02573,43.70357],[16.02619,43.70437]]}},{"type":"Feature","properties":{"n":"Rapis-Untermetingen"},"geometry":{"type":"LineString","coordinates":[[10.75787,48.17776],[10.75817,48.17691],[10.766,48.17749],[10.76762,48.17529],[10.77407,48.1704],[10.78019,48.16769],[10.78997,48.16603],[10.79583,48.16425],[10.79964,48.16442],[10.8041,48.16368],[10.80507,48.16283],[10.80625,48.16268],[10.80738,48.16207]]}},{"type":"Feature","properties":{"n":"Augusta Vindelicum-Untermetingen"},"geometry":{"type":"LineString","coordinates":[[10.80738,48.16207],[10.81018,48.1696],[10.8134,48.17501],[10.81897,48.18734],[10.81914,48.18921],[10.82076,48.19144],[10.82183,48.19214],[10.82366,48.19383],[10.82486,48.19596],[10.8262,48.19966],[10.82806,48.20122],[10.8322,48.20531],[10.83579,48.21067],[10.83829,48.21461],[10.83903,48.21658],[10.83924,48.21765],[10.84294,48.22212],[10.84795,48.22831],[10.85261,48.23247],[10.85601,48.23641],[10.85739,48.23832],[10.85844,48.23842],[10.86225,48.23718],[10.8637,48.23702],[10.86991,48.23838]]}},{"type":"Feature","properties":{"n":"Rapis-Ad Novas"},"geometry":{"type":"LineString","coordinates":[[10.80738,48.16207],[10.80687,48.16065],[10.80653,48.15853],[10.8068,48.15649],[10.80625,48.14497],[10.80732,48.13992],[10.80775,48.13556],[10.80984,48.12962],[10.81024,48.12657],[10.81637,48.1132],[10.81838,48.10861],[10.81844,48.10768],[10.81755,48.10531],[10.81791,48.10208],[10.81704,48.09964],[10.81788,48.09674],[10.81776,48.0906],[10.81549,48.08311],[10.81546,48.0826],[10.81405,48.07923],[10.81352,48.0766],[10.81406,48.07544],[10.81443,48.07323],[10.81451,48.07244],[10.81496,48.07133],[10.81536,48.06878],[10.81494,48.06447],[10.81517,48.06092],[10.81514,48.05814],[10.81621,48.05293],[10.81856,48.04785],[10.82321,48.03598],[10.8294,48.02586],[10.83418,48.0161],[10.83609,48.00237],[10.83402,48.0017],[10.83408,48.00041],[10.83465,47.99917],[10.83502,47.99739],[10.85256,47.97849],[10.85256,47.97849]]}},{"type":"Feature","properties":{"n":"Forum Iulii-Aquileia"},"geometry":{"type":"LineString","coordinates":[[13.43606,46.08844],[13.42191,46.08013],[13.41729,46.06171],[13.40729,46.04645],[13.40491,46.03994],[13.4007,46.03485],[13.39509,46.02212],[13.38788,46.0174],[13.38811,46.0118],[13.39188,46.00649],[13.39195,46.00272],[13.39062,45.99735],[13.39244,45.99276],[13.39703,45.99037],[13.39871,45.98729],[13.40102,45.98239],[13.3982,45.98031],[13.39677,45.97847],[13.39763,45.97305],[13.39848,45.9672],[13.39422,45.95275],[13.39461,45.94547],[13.38953,45.93284],[13.38212,45.92745],[13.37321,45.92129],[13.34663,45.91366],[13.34588,45.91261],[13.3466,45.91086],[13.34674,45.90511],[13.3468,45.90277],[13.34698,45.89944],[13.34758,45.89464],[13.34636,45.8922],[13.34817,45.89109],[13.34881,45.88928],[13.34788,45.87915],[13.34628,45.87557],[13.34397,45.87477],[13.33367,45.86295],[13.32261,45.86167],[13.32014,45.85874],[13.31928,45.8557]]}},{"type":"Feature","properties":{"n":"Podgra\u0111e Connecting road"},"geometry":{"type":"LineString","coordinates":[[15.62284,44.03146],[15.64252,44.0182],[15.66043,44.00816],[15.67543,44.01529],[15.67461,44.01664],[15.67549,44.0196],[15.68536,44.02763],[15.68103,44.03081]]}},{"type":"Feature","properties":{"n":"Humagum-Siparis"},"geometry":{"type":"LineString","coordinates":[[13.51225,45.47091],[13.51467,45.4684],[13.51789,45.46626],[13.51987,45.46329],[13.51998,45.4623],[13.51911,45.45996],[13.51905,45.458],[13.51907,45.45601],[13.52008,45.45178],[13.52014,45.44928],[13.5207,45.44764],[13.5224,45.44374],[13.52445,45.44069],[13.52483,45.43956],[13.5267,45.43756],[13.52682,45.43603],[13.52404,45.43382],[13.52361,45.43331],[13.5241,45.43122]]}},{"type":"Feature","properties":{"n":"Siparis-Silvo"},"geometry":{"type":"LineString","coordinates":[[13.50587,45.49195],[13.50546,45.49191],[13.5048,45.49159],[13.50422,45.49072],[13.50327,45.48973],[13.50092,45.48588],[13.50099,45.48475],[13.50168,45.48282],[13.50293,45.48128],[13.50689,45.47973],[13.50773,45.47835],[13.50823,45.47671],[13.50951,45.47604],[13.50988,45.47554],[13.51008,45.47442],[13.51103,45.47301],[13.51119,45.47201],[13.51225,45.47091]]}},{"type":"Feature","properties":{"n":"Silvo-Piranum"},"geometry":{"type":"LineString","coordinates":[[13.57441,45.5216],[13.57397,45.52128],[13.57362,45.52054],[13.57282,45.51988],[13.57295,45.51898],[13.5726,45.5186],[13.57127,45.51839],[13.57152,45.51808],[13.573,45.51774],[13.57488,45.51755],[13.57863,45.51583],[13.58081,45.51503],[13.58188,45.51422],[13.58494,45.51319],[13.58658,45.51324],[13.59077,45.51427],[13.5943,45.51383],[13.59477,45.51334],[13.59542,45.51166],[13.5942,45.51019],[13.59435,45.50933],[13.59582,45.50878],[13.59825,45.5085],[13.59928,45.5072],[13.60147,45.50625],[13.60347,45.50404],[13.60459,45.50328],[13.60623,45.50355],[13.60769,45.50205],[13.61348,45.49905],[13.61382,45.49822],[13.61348,45.49722],[13.61003,45.49297],[13.6099,45.49214],[13.61306,45.49002],[13.61869,45.48819],[13.61939,45.48754],[13.61952,45.48637],[13.62004,45.48522],[13.62293,45.48357],[13.62334,45.48228],[13.62289,45.48121],[13.62031,45.47874],[13.61772,45.47496],[13.61751,45.47378],[13.61844,45.47077],[13.62186,45.46507],[13.62177,45.46335],[13.62165,45.46229],[13.6222,45.46156],[13.62547,45.45973],[13.62673,45.45823],[13.62862,45.45761],[13.62966,45.45659],[13.63448,45.45609],[13.63719,45.45522],[13.63719,45.45522]]}},{"type":"Feature","properties":{"n":"Connecting road"},"geometry":{"type":"LineString","coordinates":[[15.41479,45.50785],[15.42198,45.50321],[15.42249,45.5004],[15.42248,45.49902],[15.42349,45.49835],[15.4236,45.49684],[15.42596,45.49501],[15.42728,45.49403],[15.43219,45.49262],[15.43489,45.49017],[15.43567,45.48778],[15.4378,45.48654],[15.4373,45.48582],[15.43926,45.48468],[15.44737,45.48208],[15.44836,45.47855],[15.45029,45.47812],[15.45173,45.47607],[15.45051,45.47304],[15.44838,45.47081],[15.44997,45.46893],[15.45178,45.46862],[15.45188,45.46655],[15.45383,45.46359],[15.45827,45.46149],[15.45845,45.46039],[15.46055,45.45874],[15.46215,45.45696],[15.46201,45.45601],[15.45777,45.45411],[15.45409,45.45136],[15.45711,45.44671],[15.46174,45.44592],[15.46398,45.44543],[15.46565,45.44114],[15.47097,45.44003],[15.47451,45.43796],[15.4776,45.43525],[15.48194,45.43174],[15.48369,45.43093],[15.48624,45.43043],[15.48982,45.4286]]}},{"type":"Feature","properties":{"n":"M\u00fcnchen Gr\u00fcnwald-Pons Aeni"},"geometry":{"type":"LineString","coordinates":[[11.58853,48.00846],[11.64117,47.99126],[11.70376,47.97388],[11.78013,47.95106],[11.78184,47.94425],[11.78488,47.94501],[11.78756,47.94454],[11.78878,47.94372],[11.79179,47.944],[11.7922,47.94366],[11.7944,47.94343]]}},{"type":"Feature","properties":{"n":"Celesum-Abusina"},"geometry":{"type":"LineString","coordinates":[[11.68475,48.82061],[11.68567,48.82087],[11.69618,48.82266],[11.69732,48.82499],[11.70207,48.82372],[11.7041,48.82367],[11.71025,48.82138],[11.71012,48.82216],[11.7108,48.82484],[11.71205,48.82678],[11.71254,48.82724],[11.71254,48.82803],[11.71461,48.8286],[11.71342,48.83416],[11.72814,48.84065],[11.73423,48.84223],[11.74868,48.84662],[11.75776,48.85606],[11.76042,48.85737],[11.76226,48.86004],[11.76259,48.86131],[11.76353,48.86217],[11.76461,48.86273],[11.76524,48.86358],[11.76561,48.8638],[11.76734,48.86313],[11.76795,48.86134],[11.76767,48.85918],[11.76799,48.85908],[11.76879,48.85929],[11.76933,48.85913],[11.76911,48.85868],[11.76871,48.85818],[11.77115,48.85706],[11.77074,48.85583],[11.77049,48.85375],[11.77049,48.85375]]}},{"type":"Feature","properties":{"n":"Phoebiana-Sontheim"},"geometry":{"type":"LineString","coordinates":[[10.40972,48.56305],[10.41474,48.56357],[10.42311,48.56518],[10.42635,48.56708]]}},{"type":"Feature","properties":{"n":"Phoebiana-Aislingen"},"geometry":{"type":"LineString","coordinates":[[10.40972,48.56305],[10.41029,48.56172],[10.41143,48.56154],[10.41082,48.55986],[10.41095,48.55932],[10.41263,48.55689],[10.41534,48.53905],[10.41453,48.53635],[10.4265,48.53324],[10.42764,48.52963],[10.42083,48.52332],[10.42055,48.51943],[10.41258,48.50911],[10.4126,48.50666],[10.41411,48.50493],[10.41582,48.5047],[10.41808,48.50509],[10.42114,48.50415],[10.42497,48.4955],[10.42518,48.48886],[10.42889,48.48079],[10.4413,48.45272]]}},{"type":"Feature","properties":{"n":"Guntia-Rusiava"},"geometry":{"type":"LineString","coordinates":[[10.13121,48.41048],[10.12616,48.40791],[10.12245,48.40575],[10.11806,48.40336],[10.11384,48.40102],[10.10985,48.39897],[10.10557,48.39738],[10.10329,48.397],[10.10226,48.39632],[10.09775,48.3953],[10.09302,48.39352],[10.08954,48.39234],[10.08747,48.39218]]}},{"type":"Feature","properties":{"n":"Guntia-Rusiava"},"geometry":{"type":"LineString","coordinates":[[10.08747,48.39218],[10.0823,48.38746],[10.07659,48.3845],[10.05685,48.37745],[10.02679,48.36446],[10.01447,48.3604],[10.01662,48.35658],[10.01211,48.35219],[10.00719,48.34925],[10.01323,48.34682],[10.01061,48.34141],[10.00681,48.34012],[9.99968,48.33968],[9.99885,48.33595],[9.99681,48.33479],[9.99355,48.33345],[9.98942,48.33117],[9.98514,48.32996],[9.98422,48.32773],[9.98112,48.32482],[9.97744,48.32228],[9.97117,48.31972],[9.95719,48.31523],[9.94735,48.30796],[9.93461,48.30478],[9.92085,48.30334],[9.91373,48.29487],[9.90753,48.29729],[9.90158,48.29048],[9.89316,48.2864],[9.88963,48.28617],[9.88742,48.28555],[9.8712,48.27959],[9.86083,48.27618],[9.83331,48.26682],[9.83129,48.26603]]}},{"type":"Feature","properties":{"n":"Guntia-Rusiava"},"geometry":{"type":"LineString","coordinates":[[10.13121,48.41048],[10.1324,48.41103],[10.13406,48.41162],[10.13523,48.41209],[10.13497,48.41261],[10.13516,48.41304],[10.13549,48.41345],[10.13575,48.41364],[10.13566,48.41409],[10.13568,48.41461],[10.1362,48.41509],[10.13749,48.41509],[10.13841,48.41479],[10.13965,48.41444],[10.141,48.41389],[10.14219,48.41373],[10.14343,48.41417],[10.14611,48.41471],[10.14716,48.41506],[10.14799,48.41526],[10.1502,48.41602],[10.15298,48.41689],[10.15572,48.41827],[10.16077,48.41973],[10.16505,48.42134],[10.16879,48.42304],[10.17431,48.4245],[10.17996,48.42627],[10.18251,48.42718],[10.18483,48.42769],[10.18768,48.42816],[10.19022,48.42849],[10.18959,48.43183],[10.18923,48.43597],[10.19196,48.43597],[10.19493,48.43715],[10.19624,48.43885],[10.1985,48.44054],[10.20094,48.44157],[10.20373,48.44228],[10.20545,48.44322],[10.20694,48.4435],[10.21936,48.44947],[10.21936,48.44947]]}},{"type":"Feature","properties":{"n":"Erding-Steinkirchen"},"geometry":{"type":"LineString","coordinates":[[12.23126,48.59342],[12.22955,48.59119],[12.22612,48.58998],[12.2215,48.58897],[12.21808,48.58889],[12.21369,48.58761],[12.2077,48.58761],[12.2057,48.58697],[12.20181,48.58496],[12.20035,48.58402],[12.19837,48.5826],[12.19517,48.58001],[12.19118,48.57864],[12.18815,48.57787],[12.18577,48.57311],[12.18357,48.56989],[12.17952,48.56567],[12.17482,48.56282],[12.1631,48.5577],[12.16013,48.55395],[12.15811,48.54901],[12.15686,48.54794],[12.14912,48.54771],[12.1408,48.54664],[12.13257,48.5442],[12.12711,48.5433],[12.13104,48.53664],[12.13675,48.52956],[12.13771,48.52801]]}},{"type":"Feature","properties":{"n":"Erding-Steinkirchen"},"geometry":{"type":"LineString","coordinates":[[11.91612,48.30166],[11.92168,48.30388],[11.93786,48.30617],[11.94091,48.3075],[11.94719,48.31074],[11.95005,48.31511],[11.95366,48.31778],[11.96185,48.31911],[11.96965,48.32311],[11.97251,48.3292],[11.97327,48.33434],[11.97022,48.34252],[11.96718,48.34424],[11.95947,48.35009],[11.96432,48.35238],[11.96732,48.35437],[11.96746,48.35766],[11.96647,48.36166],[11.96461,48.36637],[11.96518,48.37108],[11.96632,48.37579],[11.96918,48.37907],[11.97046,48.3825],[11.96846,48.38564],[11.9668,48.39161],[11.96573,48.39488],[11.96466,48.39667],[11.96353,48.39952],[11.96317,48.4025],[11.96531,48.40458],[11.97275,48.41053],[11.97828,48.41529],[11.98203,48.41969],[11.98048,48.42171],[11.97828,48.42445],[11.97751,48.42754],[11.97751,48.42754]]}},{"type":"Feature","properties":{"n":"Erding-Steinkirchen"},"geometry":{"type":"LineString","coordinates":[[11.97751,48.42754],[11.98,48.4351],[11.98583,48.43932],[11.98958,48.44117],[11.99262,48.44325],[11.99505,48.44557],[11.99797,48.44729],[12.00112,48.44949],[12.0019,48.45199],[12.0014,48.45438],[12.00035,48.45598],[12.00118,48.45752],[12.00517,48.46044],[12.00971,48.46441],[12.01272,48.4721],[12.01558,48.4784],[12.01653,48.48179],[12.01683,48.48584],[12.01992,48.48697],[12.0226,48.48804],[12.02539,48.48994],[12.02866,48.49197],[12.03271,48.49423],[12.03783,48.49577],[12.04461,48.49696],[12.05032,48.4975],[12.05734,48.49839],[12.06102,48.4997],[12.06685,48.50214],[12.07268,48.50571],[12.07738,48.50767],[12.0819,48.50934],[12.09142,48.51148],[12.09327,48.51243],[12.09481,48.51243],[12.09594,48.51225],[12.09684,48.51148],[12.09862,48.50862],[12.09922,48.50642],[12.09993,48.50339],[12.10046,48.50172],[12.10148,48.50119],[12.10284,48.50101],[12.10481,48.50107],[12.11076,48.50398],[12.11325,48.50517],[12.11813,48.50612],[12.122,48.50612],[12.12539,48.50547],[12.12979,48.50529],[12.12967,48.50743],[12.12723,48.51071],[12.12462,48.5141],[12.127,48.51826],[12.13027,48.52183],[12.13241,48.52355],[12.13705,48.52534],[12.13852,48.52688],[12.13771,48.52801],[12.13771,48.52801]]}},{"type":"Feature","properties":{"n":"Veldidena-Turum"},"geometry":{"type":"LineString","coordinates":[[12.16369,48.16536],[12.17348,48.16354],[12.18315,48.16159],[12.1847,48.15567],[12.18435,48.14739],[12.1847,48.13169],[12.18793,48.12154],[12.18717,48.11107],[12.19202,48.09901],[12.20362,48.08802],[12.20238,48.07513],[12.19696,48.06229],[12.18442,48.04564],[12.17795,48.03325],[12.1732,48.01831],[12.16521,48.00648],[12.15561,47.99935],[12.14639,47.98917],[12.14372,47.98001],[12.12908,47.97065],[12.12908,47.96085],[12.1288,47.95168],[12.13259,47.94093],[12.13308,47.92977],[12.12756,47.91665],[12.12556,47.90468],[12.12221,47.89942],[12.12226,47.89353],[12.12317,47.88931],[12.11856,47.8822],[12.12277,47.87808],[12.12072,47.86878],[12.1238,47.86296],[12.12916,47.856],[12.12911,47.85582]]}},{"type":"Feature","properties":{"n":"Vipitenum-Sebatume"},"geometry":{"type":"LineString","coordinates":[[11.42548,46.90137],[11.42306,46.89459],[11.4297,46.88524],[11.43754,46.88343],[11.4588,46.87695],[11.47855,46.87077],[11.50689,46.86097],[11.52143,46.84419],[11.53362,46.8314],[11.53868,46.81682],[11.55742,46.81207],[11.57229,46.80641],[11.59638,46.80076],[11.60412,46.7969],[11.61274,46.78797],[11.62166,46.77964],[11.62812,46.77653]]}},{"type":"Feature","properties":{"n":"Abodiacum-Parthanum"},"geometry":{"type":"LineString","coordinates":[[11.07192,47.89762],[11.0665,47.89957],[11.06228,47.90026],[11.05686,47.90091],[11.04996,47.90149],[11.04992,47.90716],[11.05013,47.9115],[11.04836,47.91284],[11.04551,47.9125],[11.04414,47.91193],[11.03952,47.91284],[11.03342,47.9143],[11.02811,47.91437],[11.02606,47.91261],[11.0219,47.91196],[11.01961,47.91246],[11.01613,47.91422],[11.01317,47.91407],[10.99931,47.91043],[10.98847,47.9065],[10.98185,47.90569],[10.97352,47.90569],[10.9705,47.90558],[10.96234,47.90638],[10.95647,47.91131],[10.94631,47.91544],[10.93759,47.91927],[10.932,47.9206],[10.92777,47.92152],[10.92504,47.92229],[10.92441,47.92083],[10.92099,47.91946],[10.9185,47.919],[10.91149,47.91876],[10.9106,47.91749],[10.91179,47.91458],[10.90888,47.91347],[10.90638,47.91291]]}},{"type":"Feature","properties":{"n":"Ad Lunam-Niederstotzingen"},"geometry":{"type":"LineString","coordinates":[[10.08822,48.49346],[10.08889,48.49339],[10.10293,48.49238],[10.11832,48.49603],[10.11944,48.49686],[10.12033,48.49779],[10.12048,48.49887],[10.12112,48.49931],[10.12127,48.49974],[10.12301,48.50149],[10.12656,48.50272],[10.13141,48.50382],[10.13426,48.504],[10.13373,48.50516],[10.13425,48.50614],[10.1344,48.50784],[10.14248,48.50811],[10.14729,48.51005],[10.15705,48.51199],[10.15973,48.51347],[10.16305,48.51434],[10.16621,48.51692],[10.17013,48.51854],[10.17005,48.51934],[10.17417,48.52132],[10.17688,48.52372],[10.17966,48.52524],[10.18092,48.5266],[10.18754,48.52951],[10.18966,48.52964],[10.19126,48.52965],[10.19178,48.53035],[10.19301,48.53098],[10.19586,48.53145],[10.20348,48.53358],[10.21231,48.53519],[10.21922,48.53756],[10.22252,48.53858],[10.22252,48.53858]]}},{"type":"Feature","properties":{"n":"Ad Lunam-Guntia"},"geometry":{"type":"LineString","coordinates":[[10.08822,48.49346],[10.1176,48.46489],[10.17086,48.46008],[10.18315,48.45981],[10.18511,48.46114],[10.18783,48.4613],[10.18911,48.46094],[10.19153,48.46103],[10.19307,48.46212],[10.20234,48.46329],[10.20459,48.4627],[10.21045,48.45843],[10.21189,48.45481],[10.21718,48.4493],[10.21936,48.44947]]}},{"type":"Feature","properties":{"n":"Vallatum-Summuntorium"},"geometry":{"type":"LineString","coordinates":[[10.81463,48.63246],[10.81322,48.63219],[10.81242,48.63237],[10.81081,48.63232],[10.80406,48.6328],[10.80381,48.63225],[10.80166,48.6319],[10.80021,48.63242],[10.79848,48.63247],[10.7947,48.63244],[10.79288,48.63252],[10.7913,48.63244],[10.7881,48.63256],[10.78337,48.63258],[10.78069,48.63244],[10.77521,48.63217],[10.7735,48.63179],[10.77213,48.63096],[10.77149,48.63023],[10.76974,48.63032],[10.76739,48.63052],[10.76638,48.63091],[10.76501,48.63003],[10.76332,48.62883],[10.76178,48.62783],[10.76044,48.62653],[10.75943,48.62587],[10.75488,48.62488],[10.75298,48.62426],[10.75194,48.62443],[10.74974,48.6242],[10.74671,48.62355],[10.7452,48.62298],[10.74321,48.62225],[10.74047,48.62164],[10.73883,48.62127]]}},{"type":"Feature","properties":{"n":"Vallatum-Summuntorium"},"geometry":{"type":"LineString","coordinates":[[11.44342,48.71302],[11.43041,48.70908],[11.41621,48.70347],[11.4022,48.70418],[11.3764,48.7068],[11.36314,48.71147],[11.3496,48.7152],[11.33633,48.71147],[11.32527,48.71141],[11.31212,48.71292],[11.30177,48.71633],[11.2771,48.71688],[11.25669,48.71439],[11.24496,48.71637],[11.23233,48.71615],[11.22167,48.71921],[11.20699,48.72401],[11.20075,48.72803],[11.19285,48.7286],[11.1894,48.72986],[11.18585,48.73018],[11.18155,48.72867],[11.17674,48.72712],[11.17274,48.72502],[11.16733,48.72416],[11.16249,48.72757],[11.15204,48.72902],[11.1406,48.72578],[11.13076,48.72305],[11.12366,48.7175],[11.11154,48.71308],[11.09813,48.71694],[11.08677,48.71656],[11.08096,48.71623],[11.07472,48.71538],[11.06734,48.71431],[11.06219,48.71511],[11.0589,48.71572]]}},{"type":"Feature","properties":{"n":"Vallatum-Summuntorium"},"geometry":{"type":"LineString","coordinates":[[10.81562,48.63524],[10.81578,48.63494],[10.8157,48.63465],[10.81549,48.6342],[10.81511,48.63359],[10.81502,48.63318],[10.81503,48.63295],[10.81462,48.63265],[10.81463,48.63246]]}},{"type":"Feature","properties":{"n":"Vallatum-Summuntorium"},"geometry":{"type":"LineString","coordinates":[[10.92051,48.66498],[10.91106,48.66102],[10.89864,48.65582],[10.88778,48.65167],[10.88643,48.64902],[10.88557,48.64652],[10.88006,48.64639],[10.87374,48.64643],[10.873,48.6457],[10.87181,48.64475],[10.86782,48.64504],[10.86563,48.64586],[10.85905,48.64718],[10.85178,48.64534],[10.84631,48.64462],[10.84198,48.64443],[10.83788,48.64421],[10.83743,48.64339],[10.83629,48.64223],[10.83519,48.64189],[10.8347,48.64131],[10.83376,48.64113],[10.83194,48.64116],[10.83134,48.63918],[10.83027,48.6368],[10.82435,48.63638],[10.82079,48.63586],[10.81797,48.63569],[10.81683,48.63609],[10.81562,48.6359],[10.81562,48.63524],[10.81562,48.63524]]}},{"type":"Feature","properties":{"n":"Vallatum-Summuntorium"},"geometry":{"type":"LineString","coordinates":[[11.0589,48.71572],[11.05464,48.7159],[11.05062,48.71539],[11.04771,48.71456],[11.0426,48.71188],[11.03803,48.7089],[11.03329,48.70488],[11.03169,48.70427],[11.03069,48.70319],[11.02796,48.7022],[11.02462,48.70114],[11.0208,48.70013],[11.01621,48.70064],[11.01582,48.69851],[11.01285,48.69848],[11.00772,48.69848],[10.99975,48.69892],[10.99424,48.69865],[10.99094,48.699],[10.98649,48.69981],[10.98228,48.70044],[10.97962,48.6997],[10.97675,48.69823],[10.97415,48.69668],[10.96717,48.69241],[10.96115,48.68882],[10.95688,48.68591],[10.94535,48.67799],[10.93409,48.67142],[10.92515,48.66734],[10.92051,48.66498]]}},{"type":"Feature","properties":{"n":"Arabiates-Halicanum"},"geometry":{"type":"LineString","coordinates":[[16.61737,47.22946],[16.61649,47.23937],[16.60891,47.24879],[16.60528,47.25361],[16.60237,47.25962],[16.6032,47.26461],[16.60159,47.26997],[16.59832,47.27699],[16.5957,47.28329],[16.59416,47.28995],[16.59225,47.29727],[16.59106,47.30215],[16.58892,47.31101],[16.58732,47.31678],[16.5863,47.32392],[16.58155,47.33748],[16.57845,47.34135],[16.57381,47.34712],[16.56822,47.35426],[16.56751,47.36288],[16.56388,47.37068],[16.55894,47.37484],[16.55817,47.37948],[16.55418,47.38335],[16.55448,47.38757],[16.55311,47.39281],[16.548,47.39703],[16.54184,47.40001],[16.5251,47.40664],[16.51168,47.41493],[16.50399,47.42594],[16.51244,47.43725],[16.52721,47.44976],[16.53822,47.45232],[16.53988,47.46499],[16.53189,47.47222],[16.52239,47.48006],[16.52993,47.48504],[16.54048,47.48971],[16.54048,47.48971]]}},{"type":"Feature","properties":{"n":"Donje Polje-Tragurium"},"geometry":{"type":"LineString","coordinates":[[16.28717,43.53375],[16.27832,43.53099],[16.26196,43.52128],[16.25417,43.5187],[16.25283,43.51847],[16.25101,43.51866],[16.24641,43.5185],[16.24591,43.51842]]}},{"type":"Feature","properties":{"n":"Senia-Ausancalio"},"geometry":{"type":"LineString","coordinates":[[15.24092,44.86924],[15.23825,44.86965],[15.23232,44.86921],[15.22834,44.87059],[15.22606,44.87076],[15.22299,44.87013],[15.2208,44.87185],[15.21535,44.87322],[15.21017,44.87413],[15.2079,44.87551],[15.20468,44.87699],[15.20271,44.87807],[15.20182,44.87903],[15.20107,44.88068],[15.1989,44.88196],[15.19834,44.88332],[15.19586,44.88541],[15.1935,44.88697],[15.19289,44.88869],[15.18921,44.89091],[15.18433,44.89378],[15.18337,44.89543],[15.18333,44.89937],[15.17778,44.90196],[15.17173,44.90627],[15.16575,44.9103],[15.15188,44.91858],[15.146,44.92025],[15.1423,44.92239],[15.13754,44.92473],[15.13269,44.93177],[15.12682,44.93804],[15.12159,44.94391],[15.11899,44.94549],[15.11277,44.94729],[15.11073,44.94864],[15.10678,44.95019],[15.1046,44.95199],[15.1031,44.95354],[15.09837,44.95605],[15.09362,44.95899],[15.08913,44.96147],[15.08292,44.96335],[15.07758,44.96471],[15.07511,44.9646],[15.07511,44.9646]]}},{"type":"Feature","properties":{"n":"Senia-Ausancalio"},"geometry":{"type":"LineString","coordinates":[[15.07511,44.9646],[15.06837,44.96509],[15.05888,44.9688],[15.05365,44.96606],[15.04461,44.96442],[15.03944,44.96254],[15.03267,44.96051],[15.02914,44.96157],[15.02515,44.96448],[15.02137,44.96485],[15.0144,44.96794],[15.0089,44.97013],[15.00469,44.97104],[15.00188,44.97248],[14.99668,44.97527],[14.99249,44.97782],[14.98661,44.97849],[14.98239,44.97961],[14.97844,44.97989],[14.97154,44.97831],[14.96896,44.97727],[14.96739,44.9755],[14.96588,44.9758],[14.96391,44.97528],[14.96145,44.97593],[14.9586,44.9776],[14.95686,44.97881],[14.95482,44.97991],[14.95309,44.97932],[14.95088,44.97874],[14.94906,44.97936],[14.94562,44.98043],[14.94345,44.98137],[14.9407,44.98323],[14.93782,44.9839],[14.93493,44.98464],[14.93347,44.98427],[14.93068,44.98505],[14.92682,44.98486],[14.92268,44.9853],[14.91704,44.98626],[14.9136,44.98665],[14.90932,44.98674],[14.90366,44.98825],[14.90255,44.98895]]}},{"type":"Feature","properties":{"n":"Lausaba-Ninia"},"geometry":{"type":"LineString","coordinates":[[17.02809,44.4323],[17.02895,44.43168],[17.02959,44.43043],[17.03078,44.42916],[17.0317,44.42828],[17.03285,44.42753],[17.03439,44.42689],[17.03558,44.42646],[17.03676,44.42582],[17.03754,44.42514],[17.03794,44.42465],[17.03858,44.42422],[17.0397,44.42373],[17.04097,44.42345],[17.04195,44.42335],[17.04361,44.42324],[17.04434,44.4234],[17.04548,44.42354],[17.04635,44.4238],[17.04735,44.42389],[17.04873,44.42393],[17.04976,44.42349],[17.05158,44.42296],[17.05352,44.42197],[17.0549,44.42098],[17.05702,44.41995],[17.05796,44.41964],[17.05866,44.41932],[17.05934,44.41917],[17.05976,44.4189],[17.06044,44.41861],[17.06099,44.41821],[17.06198,44.4176],[17.06365,44.41739],[17.06471,44.41719],[17.06632,44.41698],[17.06744,44.41691],[17.06841,44.41688],[17.06964,44.41752],[17.07076,44.41745],[17.07272,44.41776],[17.07364,44.41781],[17.07415,44.418],[17.07462,44.41822],[17.07517,44.41832],[17.07747,44.41815],[17.07816,44.41804],[17.07865,44.41765],[17.07976,44.41755],[17.08051,44.41741],[17.08122,44.41712],[17.08175,44.41665],[17.0822,44.41662],[17.08316,44.4168],[17.08394,44.41704],[17.08496,44.41748],[17.08496,44.41748]]}},{"type":"Feature","properties":{"n":"Ad Praetorium-Urbate"},"geometry":{"type":"LineString","coordinates":[[17.25013,45.14351],[17.25579,45.14724],[17.28028,45.15251],[17.29243,45.15261],[17.30016,45.14929],[17.31019,45.14632],[17.31383,45.14633],[17.31972,45.14458],[17.32167,45.14193],[17.32584,45.14092],[17.32784,45.14126],[17.33225,45.14096],[17.34166,45.1388],[17.34467,45.13784],[17.35152,45.13648],[17.36389,45.1356],[17.3685,45.13473],[17.37913,45.13206],[17.38315,45.1313],[17.3919,45.12754],[17.39678,45.127],[17.41011,45.13203],[17.42216,45.13008],[17.4315,45.12734],[17.4384,45.12427],[17.45202,45.1214],[17.47057,45.11115],[17.47781,45.10567],[17.49063,45.10472],[17.50966,45.09995],[17.51535,45.09736],[17.51535,45.09736]]}},{"type":"Feature","properties":{"n":"Emona-Tonovcov Gvad"},"geometry":{"type":"LineString","coordinates":[[14.50242,46.04608],[14.50251,46.0498],[14.50406,46.05477]]}},{"type":"Feature","properties":{"n":"Andautonia-Segestica"},"geometry":{"type":"LineString","coordinates":[[16.11562,45.82364],[16.11988,45.80522],[16.11506,45.78003],[16.13244,45.76304],[16.21238,45.69869],[16.2465,45.67956],[16.25176,45.66451],[16.25669,45.65665],[16.2649,45.65253],[16.2721,45.64876],[16.27838,45.64553],[16.28306,45.64077],[16.28416,45.63677],[16.28339,45.63273],[16.28563,45.62954],[16.29845,45.63409],[16.30672,45.6354],[16.31002,45.63259],[16.31909,45.62584],[16.32589,45.62153],[16.32938,45.61807],[16.33627,45.61492],[16.34907,45.60981],[16.34498,45.59998],[16.35075,45.58768],[16.37131,45.5853],[16.38089,45.57968],[16.3751,45.57578],[16.37565,45.56926],[16.37707,45.56459],[16.37553,45.54704],[16.37878,45.53518],[16.37995,45.52912]]}},{"type":"Feature","properties":{"n":"Salona-Setovia"},"geometry":{"type":"LineString","coordinates":[[16.59206,43.59929],[16.59401,43.60029],[16.59492,43.60178],[16.59413,43.60405],[16.59276,43.60551],[16.5931,43.60637],[16.59741,43.60685],[16.60072,43.60807],[16.60115,43.60887],[16.6008,43.60959],[16.59842,43.61144],[16.59793,43.61488],[16.59514,43.62073],[16.59449,43.62414],[16.59566,43.63638],[16.59683,43.63797],[16.59738,43.64002],[16.60337,43.64313],[16.60836,43.64329],[16.61294,43.64252],[16.61588,43.64248],[16.61844,43.64297],[16.62084,43.6442],[16.62583,43.64534],[16.63324,43.64928],[16.63905,43.6539],[16.6471,43.66597],[16.64923,43.6666],[16.64953,43.67029],[16.64888,43.67473],[16.64845,43.67822],[16.65009,43.68125],[16.65008,43.6827],[16.65008,43.6827]]}},{"type":"Feature","properties":{"n":"Titurium-Salona"},"geometry":{"type":"LineString","coordinates":[[16.48449,43.53885],[16.49084,43.53991],[16.49442,43.54117],[16.49751,43.54426],[16.49924,43.5457],[16.50001,43.54694],[16.50149,43.54752],[16.50365,43.54895],[16.50395,43.55029],[16.50653,43.55304],[16.50714,43.55355],[16.50866,43.55434],[16.50936,43.55555],[16.51007,43.55622],[16.5141,43.55702],[16.51874,43.55806],[16.52032,43.55934],[16.52183,43.56016],[16.52356,43.5614],[16.5245,43.56328],[16.52655,43.56437],[16.52802,43.56584],[16.52912,43.56776],[16.53081,43.5688],[16.53206,43.57036],[16.53154,43.57185],[16.53162,43.57286]]}},{"type":"Feature","properties":{"n":"Titurium-Salona"},"geometry":{"type":"LineString","coordinates":[[16.53162,43.57286],[16.53288,43.57342],[16.53574,43.57498],[16.53797,43.57636],[16.54098,43.57705],[16.54341,43.57707],[16.54679,43.57831],[16.54955,43.57926],[16.55556,43.58175],[16.56112,43.58346],[16.56349,43.5846],[16.56835,43.58788],[16.57492,43.5931],[16.57941,43.59696],[16.58472,43.59849],[16.5887,43.59908],[16.59206,43.59929]]}},{"type":"Feature","properties":{"n":"Osinium-Titurium"},"geometry":{"type":"LineString","coordinates":[[16.65008,43.6827],[16.64923,43.68527],[16.6487,43.68753],[16.64744,43.68918],[16.64539,43.69401],[16.64164,43.69797],[16.64036,43.699],[16.63839,43.70042],[16.63697,43.70132],[16.63696,43.702]]}},{"type":"Feature","properties":{"n":"Mursa-Jagma"},"geometry":{"type":"LineString","coordinates":[[17.1058,45.42181],[17.15169,45.41524],[17.18343,45.4266],[17.19055,45.43843],[17.20041,45.45228],[17.22061,45.45814],[17.23512,45.46199],[17.24486,45.46767],[17.26645,45.46982],[17.28344,45.46884],[17.30928,45.4727],[17.32883,45.47148],[17.34433,45.4677],[17.36242,45.46813],[17.37991,45.46803],[17.39583,45.46598],[17.40712,45.4632],[17.41598,45.46034],[17.42008,45.45712],[17.42662,45.45409],[17.43628,45.45629],[17.44456,45.45662],[17.45275,45.45742],[17.46085,45.45389],[17.46907,45.44867],[17.4832,45.44188],[17.49726,45.43546],[17.51098,45.42097],[17.52159,45.39232],[17.5395,45.38109],[17.58114,45.36169],[17.63381,45.34163],[17.66689,45.33738],[17.70227,45.34181],[17.73915,45.3576],[17.73915,45.3576]]}},{"type":"Feature","properties":{"n":"Mursa-Ad Basante"},"geometry":{"type":"LineString","coordinates":[[18.69864,45.10167],[18.69965,45.10677],[18.70118,45.12197],[18.70394,45.13992],[18.70565,45.14466],[18.70645,45.14882],[18.70775,45.15441],[18.705,45.16088],[18.69913,45.17026],[18.70003,45.18206],[18.69829,45.18757],[18.69735,45.19236]]}},{"type":"Feature","properties":{"n":"Mursa-Ad Basante"},"geometry":{"type":"LineString","coordinates":[[18.69735,45.19236],[18.69955,45.19458],[18.70615,45.20073],[18.71097,45.20258],[18.7181,45.20892],[18.73461,45.22291],[18.73756,45.22392],[18.74142,45.22622],[18.74151,45.22815],[18.74242,45.2301],[18.75466,45.23964],[18.77801,45.25844],[18.79551,45.27298],[18.80398,45.29025]]}},{"type":"Feature","properties":{"n":"Rapain Klanac-Novaki"},"geometry":{"type":"LineString","coordinates":[[15.07511,44.9646],[15.06811,44.97646],[15.06678,44.98371],[15.07306,44.99224],[15.08567,44.99328],[15.10317,44.99449],[15.12877,44.99877],[15.14535,45.00999],[15.15373,45.01619],[15.15861,45.02094],[15.17606,45.03291],[15.18127,45.04465],[15.19257,45.05194],[15.20728,45.05618],[15.20906,45.06443],[15.20927,45.0746],[15.20891,45.08301],[15.21172,45.09417],[15.21469,45.10011],[15.21653,45.10497],[15.22289,45.10802],[15.22279,45.11149],[15.22641,45.11515],[15.23391,45.11718],[15.23518,45.12244],[15.23726,45.12707],[15.24399,45.13197],[15.25219,45.134],[15.25927,45.1376],[15.26296,45.14287],[15.26662,45.14742],[15.26873,45.1498],[15.2802,45.15836],[15.288,45.17948],[15.288,45.17948]]}},{"type":"Feature","properties":{"n":"Parentium-Pola"},"geometry":{"type":"LineString","coordinates":[[13.84934,44.88561],[13.84973,44.88473],[13.84987,44.88381],[13.84969,44.88281],[13.84877,44.88027],[13.84844,44.87956],[13.84841,44.87834],[13.84859,44.87781],[13.84887,44.87717],[13.84877,44.87656],[13.84902,44.87606],[13.84937,44.87478],[13.84912,44.87317],[13.84894,44.87238],[13.84855,44.8711],[13.84852,44.86935],[13.84844,44.86903],[13.84762,44.86824],[13.84712,44.86767],[13.84637,44.86596],[13.84586,44.86535],[13.84559,44.8645]]}},{"type":"Feature","properties":{"n":"Parentium-Pola"},"geometry":{"type":"LineString","coordinates":[[13.84735,44.88892],[13.84934,44.88561]]}},{"type":"Feature","properties":{"n":"Parentium-Pola"},"geometry":{"type":"LineString","coordinates":[[13.59821,45.22002],[13.59836,45.21798],[13.60146,45.2141],[13.60429,45.20726],[13.60652,45.20086],[13.61306,45.19804],[13.61812,45.19492],[13.62332,45.19135],[13.62808,45.19031],[13.63522,45.18748],[13.63983,45.18346],[13.64533,45.18213],[13.65128,45.18034],[13.65634,45.17871],[13.66214,45.17543],[13.67091,45.17514],[13.68058,45.17439],[13.68534,45.17514],[13.69173,45.17246],[13.69842,45.17008],[13.70288,45.16131],[13.70675,45.15818],[13.70943,45.15357],[13.71419,45.15045],[13.72132,45.14807],[13.72712,45.1445],[13.73278,45.14078],[13.73828,45.13707],[13.74423,45.13424],[13.74809,45.12859],[13.75151,45.12457],[13.75464,45.1213],[13.7591,45.11981],[13.7649,45.11758],[13.76743,45.11223],[13.76805,45.10814]]}},{"type":"Feature","properties":{"n":"Aegida-Parentium"},"geometry":{"type":"LineString","coordinates":[[13.60547,45.24265],[13.60443,45.23968],[13.60369,45.23715],[13.6025,45.23552],[13.60205,45.23373],[13.60116,45.23209],[13.60131,45.22972],[13.60116,45.22689],[13.60057,45.22466],[13.60041,45.22364],[13.60019,45.22301],[13.59956,45.22261],[13.59916,45.22181],[13.59887,45.2209],[13.59821,45.22002]]}},{"type":"Feature","properties":{"n":"Aegida-Parentium"},"geometry":{"type":"LineString","coordinates":[[13.76466,45.55341],[13.76391,45.55252],[13.76363,45.55155],[13.76328,45.55098],[13.76306,45.54995],[13.76288,45.54898],[13.76288,45.54818],[13.76266,45.54721],[13.76237,45.54646],[13.76203,45.54572],[13.76151,45.54515],[13.76009,45.54384],[13.75899,45.54317],[13.75637,45.54187],[13.75423,45.53984],[13.75198,45.53823],[13.75023,45.53637],[13.74938,45.53426],[13.74546,45.53456],[13.74275,45.53486],[13.73973,45.53501],[13.73822,45.53622],[13.73642,45.53742],[13.73561,45.53662],[13.73513,45.53519]]}},{"type":"Feature","properties":{"n":"Aegida-Parentium"},"geometry":{"type":"LineString","coordinates":[[13.73513,45.53519],[13.7346,45.52686],[13.73019,45.52532],[13.72716,45.52478],[13.72312,45.52157],[13.71907,45.52163],[13.71366,45.52234],[13.70902,45.52282],[13.71181,45.52044],[13.70854,45.51883],[13.70426,45.51728],[13.70384,45.5155],[13.70218,45.51314],[13.7046,45.50886],[13.70218,45.50636],[13.69725,45.505],[13.69418,45.504],[13.6884,45.50336],[13.68212,45.502],[13.67962,45.49758],[13.67605,45.4933],[13.67512,45.48923],[13.67341,45.48509],[13.67141,45.48037],[13.67262,45.47731],[13.67198,45.47252],[13.6672,45.46888],[13.65856,45.46524],[13.65913,45.46383],[13.65865,45.46233],[13.65696,45.46044],[13.65753,45.45843],[13.65806,45.45698],[13.65686,45.45584],[13.65265,45.45303],[13.64908,45.45227],[13.64609,45.45351],[13.64442,45.45408]]}},{"type":"Feature","properties":{"n":"Aquileia-Tergeste"},"geometry":{"type":"LineString","coordinates":[[13.63376,45.7733],[13.65144,45.76212],[13.65838,45.75823],[13.66239,45.75438],[13.66808,45.75125],[13.67346,45.74885],[13.68404,45.74155],[13.69177,45.73689],[13.70346,45.7308],[13.71993,45.72083],[13.72535,45.71653],[13.72668,45.71539],[13.72797,45.7142],[13.7284,45.71201],[13.72923,45.7108],[13.73207,45.70607],[13.73492,45.70116],[13.739,45.69805],[13.74307,45.69483],[13.74478,45.69131],[13.7464,45.68808],[13.75059,45.68532],[13.75506,45.68218],[13.75687,45.67837],[13.75744,45.67361],[13.76029,45.66895],[13.76448,45.66495],[13.76962,45.66133],[13.77257,45.6561],[13.7753,45.65509],[13.7775,45.65082],[13.77739,45.64743],[13.77676,45.64566],[13.77653,45.64462]]}},{"type":"Feature","properties":{"n":"Lauriana-Tharsatica"},"geometry":{"type":"LineString","coordinates":[[14.27584,45.29127],[14.27611,45.29205],[14.27588,45.29262],[14.27576,45.29308],[14.27542,45.29371],[14.27503,45.29418],[14.27526,45.29522],[14.27507,45.29845],[14.27716,45.29997],[14.27812,45.30112],[14.27926,45.30302],[14.28002,45.3053],[14.28021,45.30702],[14.2823,45.30892],[14.28326,45.31063],[14.28554,45.31273],[14.28611,45.31444],[14.28801,45.31673],[14.28992,45.31882],[14.29258,45.32072],[14.29563,45.3211],[14.29696,45.32301],[14.29867,45.32758],[14.29963,45.32967],[14.30286,45.33367],[14.30477,45.33538],[14.30648,45.33728],[14.30819,45.33938],[14.31029,45.34223],[14.312,45.34414],[14.31333,45.34585],[14.31524,45.34794],[14.31657,45.35061],[14.31676,45.35251],[14.31847,45.35461],[14.32038,45.35594],[14.32266,45.35594],[14.32266,45.35594]]}},{"type":"Feature","properties":{"n":"Segestica-Ad Praetorium"},"geometry":{"type":"LineString","coordinates":[[16.37094,45.49505],[16.37149,45.49373],[16.37244,45.48893],[16.37157,45.48513],[16.3725,45.48279],[16.36942,45.48209],[16.36776,45.48176],[16.36813,45.47949],[16.36838,45.47725],[16.36982,45.47142],[16.37135,45.46759],[16.37213,45.46326],[16.3703,45.45011],[16.36769,45.44351],[16.35583,45.43886],[16.35535,45.43629],[16.34991,45.42984],[16.36095,45.40424],[16.36373,45.39408],[16.36438,45.39339],[16.36458,45.39297],[16.36386,45.3923],[16.36181,45.39079],[16.36065,45.3906],[16.36022,45.39027],[16.35931,45.3899],[16.35854,45.38968],[16.35736,45.38908],[16.35686,45.38811],[16.35677,45.38783]]}},{"type":"Feature","properties":{"n":"Kljuc-Romula"},"geometry":{"type":"LineString","coordinates":[[16.27691,45.36381],[16.28868,45.35045],[16.28807,45.33558],[16.28505,45.32364],[16.28333,45.31638],[16.28397,45.30287],[16.28511,45.28811],[16.28782,45.27511],[16.2862,45.26569],[16.28543,45.25306],[16.27555,45.24604],[16.27575,45.23837],[16.2755,45.23119],[16.27457,45.22366],[16.27029,45.21544],[16.26594,45.20743],[16.26459,45.19673],[16.25703,45.18798],[16.25721,45.18115],[16.26085,45.17196],[16.26856,45.16578],[16.27358,45.1603],[16.27468,45.1517],[16.28085,45.13974],[16.28456,45.12918],[16.28489,45.10796],[16.30173,45.09001],[16.32624,45.07857],[16.34402,45.08],[16.36254,45.073],[16.37499,45.06186],[16.38186,45.04968]]}},{"type":"Feature","properties":{"n":"Kljuc-Romula"},"geometry":{"type":"LineString","coordinates":[[16.63792,44.79854],[16.63833,44.79779],[16.63914,44.79669],[16.63929,44.79587],[16.63889,44.79447],[16.63852,44.79281],[16.63731,44.79014],[16.63666,44.78735],[16.63579,44.78604],[16.63568,44.7845],[16.63559,44.7827],[16.63631,44.78177],[16.63737,44.78113],[16.63826,44.78024],[16.63911,44.77959],[16.63964,44.77895],[16.64034,44.7772],[16.64101,44.77609],[16.64159,44.77449],[16.64201,44.77371],[16.64285,44.77296],[16.64381,44.77224],[16.6445,44.77121],[16.64491,44.77083],[16.64624,44.76999]]}},{"type":"Feature","properties":{"n":"Kljuc-Romula"},"geometry":{"type":"LineString","coordinates":[[16.38186,45.04968],[16.42441,45.03511],[16.46006,45.03015],[16.43976,45.01562],[16.42929,45.0],[16.42951,44.9828],[16.44476,44.97077],[16.46586,44.96545],[16.4639,44.95012],[16.45495,44.9437],[16.43792,44.94154],[16.43919,44.9312],[16.44112,44.92151],[16.43437,44.90199],[16.43071,44.88443],[16.44393,44.8783],[16.46482,44.87801],[16.47761,44.87513],[16.48937,44.86487],[16.49571,44.85789],[16.50057,44.84306],[16.52989,44.84127],[16.54954,44.84048],[16.55916,44.83681],[16.56333,44.8329],[16.56655,44.83007],[16.57073,44.82926],[16.57624,44.8281],[16.58427,44.82672],[16.5998,44.82797],[16.61535,44.8208],[16.62727,44.80963],[16.63792,44.79854]]}},{"type":"Feature","properties":{"n":"Segestica-Velika Ludina"},"geometry":{"type":"LineString","coordinates":[[16.37094,45.49505],[16.37819,45.50535],[16.37999,45.51752],[16.37995,45.52912]]}},{"type":"Feature","properties":{"n":"Aquae-Poidikon"},"geometry":{"type":"LineString","coordinates":[[16.24432,47.80878],[16.24629,47.8147],[16.24672,47.8157],[16.24782,47.82076],[16.24695,47.82262],[16.24421,47.82533],[16.24448,47.8272],[16.2389,47.83629],[16.23392,47.84327],[16.22419,47.87303],[16.21874,47.88032],[16.22005,47.88771],[16.21677,47.89119],[16.21655,47.89276],[16.22071,47.90155],[16.22142,47.91033],[16.22568,47.91911],[16.22647,47.9278],[16.23151,47.93389],[16.23298,47.94398],[16.23869,47.9559],[16.24679,47.97252],[16.25013,47.98254],[16.25695,47.98862],[16.25919,47.99919],[16.26456,48.00896],[16.27202,48.01549]]}},{"type":"Feature","properties":{"n":"Scarbantia-Aquae"},"geometry":{"type":"LineString","coordinates":[[16.24432,47.80878],[16.26618,47.79576],[16.30707,47.78501],[16.3153,47.78487],[16.32721,47.77126],[16.34433,47.75946],[16.35188,47.75693],[16.36661,47.75543],[16.37278,47.7514],[16.37558,47.75044],[16.38487,47.75055],[16.38819,47.74912],[16.39121,47.74436],[16.39467,47.74267],[16.39928,47.74252],[16.40237,47.74164],[16.40454,47.74002],[16.43259,47.71439],[16.44978,47.70799],[16.45401,47.70808],[16.4732,47.71193],[16.47729,47.7115],[16.47978,47.71028],[16.49574,47.69775],[16.50104,47.69539],[16.53356,47.6879],[16.56459,47.68871],[16.57521,47.68434],[16.58202,47.68549],[16.58361,47.6849],[16.58502,47.68513],[16.58745,47.68651],[16.5885,47.68647],[16.58981,47.68745],[16.59132,47.68767],[16.59316,47.68683],[16.59902,47.68967],[16.59902,47.68967]]}},{"type":"Feature","properties":{"n":"Dautonia-Aquae Balissae"},"geometry":{"type":"LineString","coordinates":[[16.78127,45.47779],[16.79332,45.47183],[16.81083,45.46555],[16.83082,45.45984],[16.84643,45.45851],[16.85709,45.45546],[16.8628,45.45394],[16.87327,45.45013],[16.8805,45.44442],[16.89287,45.44023],[16.90429,45.44062],[16.91153,45.44671],[16.91705,45.45413],[16.92371,45.45794],[16.93494,45.45832],[16.94465,45.45794],[16.95683,45.46079],[16.96597,45.46308],[16.97957,45.46443],[16.99645,45.46499],[17.00821,45.45871],[17.01883,45.44969],[17.03298,45.44461],[17.03811,45.43928],[17.06281,45.4341],[17.0724,45.43107],[17.08651,45.42879],[17.09894,45.42464],[17.1058,45.42181]]}},{"type":"Feature","properties":{"n":"Segestica-Varianis"},"geometry":{"type":"LineString","coordinates":[[16.78127,45.47779],[16.76904,45.478],[16.76801,45.47855],[16.72373,45.48138],[16.72352,45.48148],[16.72293,45.48102],[16.72171,45.48156],[16.72072,45.48145],[16.71876,45.47892],[16.71825,45.4776],[16.71741,45.47708],[16.71515,45.47655],[16.71166,45.47673],[16.69265,45.48339],[16.65107,45.49043],[16.63508,45.48221],[16.62615,45.48038],[16.62489,45.48094],[16.62445,45.48085],[16.62281,45.47978],[16.61961,45.47654],[16.60437,45.4753],[16.59666,45.4765],[16.59453,45.47939],[16.59528,45.48152],[16.58348,45.48158],[16.57818,45.48301],[16.56667,45.47968],[16.56442,45.48083],[16.56322,45.48036],[16.54352,45.47973],[16.51531,45.50178],[16.50789,45.49395],[16.50035,45.49171],[16.49108,45.49178],[16.48943,45.49152],[16.48703,45.49028],[16.47793,45.48484],[16.46804,45.48565],[16.45338,45.49105],[16.44798,45.49114],[16.43871,45.48448],[16.40858,45.47756],[16.38647,45.47884],[16.38202,45.47958],[16.37891,45.48035],[16.38071,45.49089],[16.37094,45.49505],[16.37094,45.49505]]}},{"type":"Feature","properties":{"n":"Cibalae-Cirtisa"},"geometry":{"type":"LineString","coordinates":[[18.5418,45.28295],[18.54597,45.28309],[18.55637,45.28519],[18.56649,45.28816],[18.56801,45.28831],[18.59061,45.28677],[18.59642,45.28694],[18.59759,45.28649],[18.60576,45.28015],[18.60787,45.27654],[18.61138,45.27573],[18.61209,45.27565],[18.6356,45.27911],[18.64965,45.2788],[18.67577,45.28367],[18.68594,45.28945],[18.69973,45.29481],[18.7619,45.28892],[18.79084,45.29114],[18.7937,45.29165],[18.79511,45.29241],[18.80398,45.29025]]}},{"type":"Feature","properties":{"n":"Ovilava-Lentia"},"geometry":{"type":"LineString","coordinates":[[14.02698,48.16157],[14.0345,48.16698],[14.04732,48.17477],[14.06188,48.18191],[14.08022,48.18988],[14.09015,48.19614],[14.1077,48.20511],[14.12305,48.21344],[14.13732,48.21998],[14.14934,48.22629],[14.15779,48.23069],[14.1773,48.24068],[14.19824,48.25222],[14.21442,48.25972],[14.22233,48.26652]]}},{"type":"Feature","properties":{"n":"Ovilavis-Lauriacum"},"geometry":{"type":"LineString","coordinates":[[14.2776,48.21053],[14.28217,48.21102],[14.2856,48.2112],[14.28807,48.20853],[14.29474,48.20653],[14.30102,48.2032],[14.30768,48.19902],[14.31225,48.19445],[14.31615,48.19131],[14.32472,48.19178],[14.3289,48.18969],[14.33461,48.18893],[14.3389,48.19064],[14.3428,48.19397],[14.34918,48.19683],[14.35432,48.19892],[14.35898,48.19997],[14.3626,48.20063],[14.36745,48.20235],[14.37526,48.20406],[14.38316,48.20587],[14.38763,48.20653],[14.39829,48.20977],[14.41047,48.20863],[14.42085,48.20711],[14.42637,48.20863],[14.43398,48.20777],[14.43788,48.21348],[14.44626,48.21653],[14.45483,48.21605],[14.47348,48.21529],[14.47687,48.21408],[14.47687,48.21408]]}},{"type":"Feature","properties":{"n":"Lentia-Lauriacum"},"geometry":{"type":"LineString","coordinates":[[14.22233,48.26652],[14.22313,48.24398],[14.22637,48.24023],[14.23468,48.23807],[14.23549,48.23606],[14.2334,48.22872],[14.23615,48.22192],[14.238,48.21999],[14.23877,48.21825],[14.23982,48.21732],[14.24062,48.2144],[14.24129,48.21311],[14.24259,48.21148],[14.24458,48.20934],[14.25415,48.2124],[14.26172,48.2174],[14.26528,48.21647],[14.26964,48.21404],[14.27034,48.21211],[14.27099,48.21165],[14.27172,48.21142],[14.27606,48.21209],[14.2776,48.21053]]}},{"type":"Feature","properties":{"n":"Ovilava-Lentia"},"geometry":{"type":"LineString","coordinates":[[14.22233,48.26652],[14.23235,48.26897],[14.24324,48.27118],[14.25285,48.27318],[14.26133,48.27384],[14.27091,48.27515],[14.27852,48.27919],[14.28602,48.28431],[14.28972,48.28941],[14.2921,48.29467],[14.29065,48.30062],[14.28583,48.3067]]}},{"type":"Feature","properties":{"n":"Comagena-Vindobona"},"geometry":{"type":"LineString","coordinates":[[16.25789,48.30955],[16.25474,48.3116],[16.24846,48.31313],[16.24141,48.31436],[16.24018,48.31589],[16.23618,48.31807],[16.22961,48.31741],[16.22133,48.31817],[16.21257,48.31855],[16.20534,48.3215],[16.19316,48.31817],[16.18926,48.3157],[16.17983,48.31294],[16.17139,48.31165],[16.16556,48.30913],[16.15927,48.30618],[16.15309,48.30361],[16.14681,48.30199],[16.14071,48.30113],[16.13434,48.30542],[16.12035,48.30941],[16.11178,48.31151],[16.10083,48.31465],[16.0937,48.31703],[16.08425,48.31928],[16.07317,48.32323],[16.06796,48.32585],[16.06391,48.32805],[16.0607,48.32948],[16.05892,48.32978]]}},{"type":"Feature","properties":{"n":"Cambodunum-Abodiacum"},"geometry":{"type":"LineString","coordinates":[[10.32337,47.72527],[10.3223,47.72704],[10.32227,47.72845],[10.32298,47.72958],[10.32369,47.73236],[10.3244,47.73299],[10.32408,47.73431],[10.33215,47.73714],[10.34156,47.74001]]}},{"type":"Feature","properties":{"n":"Abodiacum-Foetes"},"geometry":{"type":"LineString","coordinates":[[10.90593,47.90581],[10.90858,47.90355],[10.9104,47.90173],[10.91222,47.89926],[10.91305,47.89534],[10.91272,47.89163],[10.91233,47.88963],[10.9118,47.88838],[10.91133,47.88684],[10.90769,47.88434],[10.90712,47.88242],[10.90823,47.87988],[10.90858,47.87803],[10.90741,47.87606],[10.90679,47.87458],[10.9075,47.87193],[10.90842,47.86976],[10.90692,47.86614],[10.91086,47.86475],[10.90807,47.85855],[10.90343,47.8567],[10.90212,47.85486],[10.89736,47.85254],[10.89772,47.85057],[10.89402,47.84954],[10.89012,47.84876],[10.88838,47.84808],[10.88606,47.84747],[10.88456,47.84642],[10.88206,47.84475],[10.87989,47.84222],[10.87883,47.83965],[10.87957,47.83862],[10.87969,47.83736],[10.87774,47.83687],[10.87698,47.83411],[10.87207,47.82817],[10.87207,47.82817]]}},{"type":"Feature","properties":{"n":"Ovilavis-Vetonianis"},"geometry":{"type":"LineString","coordinates":[[14.24237,47.56697],[14.24774,47.56211],[14.25916,47.5602],[14.26678,47.55473],[14.27701,47.54831],[14.29652,47.54997],[14.30747,47.54474],[14.30866,47.53641],[14.32888,47.52927],[14.33364,47.5257],[14.34506,47.52451],[14.36029,47.52594],[14.37195,47.52451],[14.38551,47.52142],[14.39384,47.51571],[14.40407,47.51452],[14.43191,47.51],[14.45618,47.50476],[14.47046,47.49667],[14.48269,47.49696]]}},{"type":"Feature","properties":{"n":"Ovilavis-Vetonianis"},"geometry":{"type":"LineString","coordinates":[[14.0682,47.99841],[14.06432,48.00252],[14.0626,48.00983]]}},{"type":"Feature","properties":{"n":"Ovilavis-Vetonianis"},"geometry":{"type":"LineString","coordinates":[[14.0626,48.00983],[14.06083,48.01257],[14.06066,48.01594],[14.05958,48.02354],[14.05888,48.02763],[14.05709,48.03302],[14.05802,48.03876],[14.05838,48.04176],[14.05888,48.04358],[14.05834,48.04765],[14.05805,48.05026],[14.05641,48.05243],[14.05531,48.05508],[14.05209,48.0595],[14.05284,48.06189],[14.05381,48.06421],[14.05456,48.06664],[14.05438,48.06982],[14.05317,48.07199],[14.05049,48.07371],[14.04792,48.07478],[14.04667,48.07671],[14.04724,48.07977],[14.0477,48.08252],[14.04735,48.08338],[14.04542,48.08506],[14.0441,48.08691],[14.0426,48.08923],[14.04092,48.09205],[14.03967,48.10001],[14.03921,48.10451],[14.0376,48.10929],[14.03496,48.11218],[14.03114,48.11607],[14.02697,48.12064],[14.02458,48.12496],[14.02782,48.13324],[14.02854,48.1357],[14.03268,48.14052],[14.03478,48.14348],[14.03439,48.14698],[14.03421,48.15005],[14.03418,48.15148],[14.03418,48.15148]]}},{"type":"Feature","properties":{"n":"Ovilavis-Vetonianis"},"geometry":{"type":"LineString","coordinates":[[14.03418,48.15148],[14.03279,48.15216],[14.03193,48.15373],[14.03204,48.15523],[14.03139,48.15576],[14.03082,48.1563],[14.02978,48.15768],[14.02818,48.15855],[14.0279,48.15958],[14.02698,48.16157]]}},{"type":"Feature","properties":{"n":"Abodiacum-Parthanum"},"geometry":{"type":"LineString","coordinates":[[10.90638,47.91291],[10.9084,47.91136],[10.90965,47.9102],[10.90983,47.90933],[10.90917,47.90837],[10.90764,47.90795]]}},{"type":"Feature","properties":{"n":"Cambodunum-Abodiacum"},"geometry":{"type":"LineString","coordinates":[[10.90593,47.90581],[10.90764,47.90824],[10.90764,47.90795]]}},{"type":"Feature","properties":{"n":"Cambodunum-Piniana"},"geometry":{"type":"LineString","coordinates":[[10.34156,47.74001],[10.33416,47.74823],[10.33054,47.75307],[10.3287,47.75725],[10.32557,47.76603],[10.32526,47.76769],[10.32533,47.77118],[10.32651,47.77529]]}},{"type":"Feature","properties":{"n":"Augusta VIndelicum-Guntia"},"geometry":{"type":"LineString","coordinates":[[10.89448,48.37169],[10.89154,48.37366],[10.88969,48.37575],[10.88805,48.37811],[10.88313,48.37825],[10.88084,48.37925],[10.87549,48.38111],[10.87049,48.38204]]}},{"type":"Feature","properties":{"n":"Santicum connecting road"},"geometry":{"type":"LineString","coordinates":[[13.87586,46.63484],[13.87626,46.6358]]}},{"type":"Feature","properties":{"n":"Poidikon-Ragumdone"},"geometry":{"type":"LineString","coordinates":[[15.26964,47.40989],[15.27303,47.4108]]}},{"type":"Feature","properties":{"n":"Segestica-Neviodunum"},"geometry":{"type":"LineString","coordinates":[[15.48232,45.91775],[15.48788,45.91728],[15.48894,45.91723],[15.48986,45.91693],[15.49208,45.9161],[15.49395,45.91607],[15.49659,45.91646],[15.49987,45.91644],[15.50085,45.91625],[15.50191,45.91561],[15.50579,45.91457],[15.5072,45.91381],[15.50809,45.91355],[15.51011,45.91327],[15.51174,45.9129],[15.51225,45.91292],[15.51521,45.91319],[15.51816,45.91309],[15.52258,45.91231],[15.52766,45.91175],[15.53436,45.91052],[15.54231,45.90786],[15.5491,45.9051],[15.55706,45.89987],[15.55967,45.89632],[15.56245,45.89472],[15.56848,45.89109]]}},{"type":"Feature","properties":{"n":"Segestica-Neviodunum"},"geometry":{"type":"LineString","coordinates":[[15.56848,45.89109],[15.57418,45.89168],[15.57852,45.89184],[15.58217,45.89187],[15.58868,45.89199],[15.59228,45.89175],[15.59472,45.89213],[15.59985,45.89226],[15.60263,45.89179],[15.60499,45.89062]]}},{"type":"Feature","properties":{"n":"Segestica-Neviodunum"},"geometry":{"type":"LineString","coordinates":[[15.47257,45.91791],[15.47509,45.91783],[15.47846,45.91756],[15.47972,45.91751],[15.48054,45.91752],[15.48232,45.91775]]}},{"type":"Feature","properties":{"n":"Poidikon-Ragumdone"},"geometry":{"type":"LineString","coordinates":[[15.55166,46.76639],[15.5554,46.75443],[15.56067,46.74991],[15.57063,46.74433],[15.57162,46.73292],[15.5753,46.72804],[15.58465,46.72744],[15.59038,46.72533],[15.59731,46.72322],[15.60244,46.72111],[15.60877,46.72021],[15.61254,46.71749],[15.61751,46.71463],[15.62475,46.71267],[15.62972,46.70995],[15.6353,46.70528],[15.63726,46.70151],[15.63937,46.69533],[15.64299,46.69126],[15.65023,46.68342],[15.64706,46.67362],[15.6448,46.66834],[15.64706,46.65824],[15.64993,46.64814],[15.65113,46.64181],[15.65716,46.63337],[15.65837,46.62643],[15.66304,46.61075],[15.66274,46.60276],[15.66726,46.59718],[15.66983,46.59537],[15.66636,46.5901],[15.66922,46.58572],[15.66998,46.58165],[15.66033,46.58015],[15.65837,46.57698],[15.65837,46.56989],[15.66154,46.56582],[15.66259,46.56145],[15.66259,46.56145]]}},{"type":"Feature","properties":{"n":"Poidikon-Ragumdone"},"geometry":{"type":"LineString","coordinates":[[15.66259,46.56145],[15.66063,46.55768],[15.66093,46.55286],[15.66229,46.54818],[15.65927,46.5417],[15.6546,46.53899],[15.64766,46.53673],[15.64571,46.5316],[15.64736,46.52708],[15.64872,46.5215],[15.65204,46.51502],[15.65143,46.50718],[15.65023,46.50341],[15.65174,46.49466],[15.6546,46.48562],[15.65686,46.47808],[15.65902,46.47212],[15.65617,46.45884],[15.64691,46.44582],[15.63591,46.43089],[15.6246,46.41687],[15.61299,46.40586],[15.5949,46.39395],[15.57032,46.38235]]}},{"type":"Feature","properties":{"n":"Virunum-Candalicas"},"geometry":{"type":"LineString","coordinates":[[14.40161,46.96617],[14.41637,46.94756],[14.43341,46.91922],[14.43668,46.90553],[14.44293,46.89234]]}},{"type":"Feature","properties":{"n":"Santicum-Virunum"},"geometry":{"type":"LineString","coordinates":[[14.3592,46.70142],[14.34922,46.69401],[14.34482,46.69046]]}},{"type":"Feature","properties":{"n":"Teurnia-Santicum"},"geometry":{"type":"LineString","coordinates":[[13.8557,46.62076],[13.85969,46.62255],[13.86421,46.62433],[13.86784,46.62564],[13.87307,46.62594],[13.87527,46.62624],[13.87634,46.6285],[13.87593,46.63177],[13.87565,46.63354],[13.87586,46.63484]]}},{"type":"Feature","properties":{"n":"Urusa-Abodiacum"},"geometry":{"type":"LineString","coordinates":[[11.10751,47.89753],[11.07192,47.89762]]}},{"type":"Feature","properties":{"n":"Urusa-Parthanum"},"geometry":{"type":"LineString","coordinates":[[11.10751,47.89753],[11.10774,47.90424],[11.10859,47.91072],[11.10861,47.91382]]}},{"type":"Feature","properties":{"n":"Abodiacum-Parthanum"},"geometry":{"type":"LineString","coordinates":[[11.11677,47.48711],[11.11506,47.48822],[11.11352,47.4894],[11.11263,47.49012],[11.1111,47.49077],[11.10871,47.49138],[11.10686,47.49273],[11.10532,47.49417],[11.10251,47.49663],[11.10097,47.49894],[11.10329,47.50458],[11.10561,47.50867],[11.10764,47.51096],[11.10796,47.51192],[11.10768,47.51305],[11.10817,47.51467],[11.10946,47.51568],[11.10958,47.51685],[11.10992,47.51799],[11.10932,47.5204],[11.10914,47.52242],[11.11028,47.52557],[11.11088,47.52738],[11.11142,47.5288],[11.11267,47.53137],[11.1127,47.53405],[11.11548,47.53703],[11.11773,47.5391],[11.12179,47.54442],[11.12411,47.54738],[11.12629,47.54856],[11.12864,47.54976],[11.13238,47.55236],[11.13645,47.55496],[11.13744,47.55645],[11.13744,47.55645]]}},{"type":"Feature","properties":{"n":"Abodiacum-Parthanum"},"geometry":{"type":"LineString","coordinates":[[11.13744,47.55645],[11.13659,47.55551]]}},{"type":"Feature","properties":{"n":"Abodiacum-Parthanum"},"geometry":{"type":"LineString","coordinates":[[11.13744,47.55645],[11.13924,47.563],[11.14291,47.5677],[11.15024,47.57153],[11.15783,47.57381],[11.1663,47.57954],[11.17882,47.59002],[11.1831,47.60067],[11.1993,47.62167],[11.20909,47.64997],[11.20831,47.66251],[11.20496,47.66856],[11.20077,47.67112],[11.20137,47.67376],[11.19677,47.67918],[11.19383,47.68168],[11.1897,47.68736],[11.18442,47.69516],[11.17985,47.70248],[11.17777,47.70771],[11.17925,47.71181],[11.17753,47.72038],[11.17899,47.73387],[11.18165,47.75411],[11.17795,47.76437],[11.17697,47.77207],[11.17704,47.7812],[11.17536,47.78902],[11.16946,47.79455],[11.15867,47.80275],[11.1523,47.81364],[11.14698,47.82305],[11.1456,47.83234],[11.14322,47.8392],[11.14217,47.84185]]}},{"type":"Feature","properties":{"n":"Ad Basante-Sirmium"},"geometry":{"type":"LineString","coordinates":[[19.59975,44.96535],[19.5885,44.96],[19.5799,44.95487],[19.56437,44.94513],[19.55175,44.93948],[19.54192,44.93778],[19.52084,44.93362],[19.50085,44.93181],[19.49237,44.93015],[19.47851,44.92934],[19.45165,44.91761],[19.43604,44.9123],[19.4142,44.89945],[19.40647,44.89369],[19.40395,44.8873],[19.40186,44.88188],[19.39089,44.87956],[19.38715,44.87883],[19.38526,44.87604],[19.37825,44.87646],[19.37188,44.87658],[19.36836,44.87464],[19.36492,44.87346],[19.36175,44.87367],[19.35985,44.87211],[19.35473,44.87158],[19.34871,44.87068],[19.3362,44.86924],[19.32839,44.86869],[19.32087,44.86805],[19.31505,44.86605],[19.3135,44.86444],[19.30082,44.86487],[19.28088,44.86349],[19.28088,44.86349]]}},{"type":"Feature","properties":{"n":"Ad Basante-Sirmium"},"geometry":{"type":"LineString","coordinates":[[18.75125,45.05283],[18.76299,45.04578],[18.76844,45.04243],[18.77264,45.03826],[18.77525,45.03533],[18.77915,45.03052],[18.78239,45.02777],[18.78738,45.02323],[18.78887,45.02111],[18.78991,45.02032],[18.79606,45.01734],[18.80234,45.01317],[18.80635,45.00949],[18.80747,45.00631],[18.81172,45.00293],[18.83403,44.9963],[18.84086,44.99536],[18.84742,44.99229],[18.85226,44.98892],[18.86145,44.9856],[18.88077,44.98374],[18.95593,44.9577],[18.99363,44.93771],[19.04993,44.92546],[19.07583,44.90639],[19.06372,44.8853],[19.08104,44.87869],[19.10034,44.86196],[19.11877,44.84919]]}},{"type":"Feature","properties":{"n":"Aquileia-Emona"},"geometry":{"type":"LineString","coordinates":[[14.50242,46.04608],[14.49803,46.04676],[14.49516,46.04746],[14.48961,46.04558],[14.47782,46.04221],[14.47381,46.04039],[14.46131,46.03541],[14.45765,46.0352],[14.45554,46.03461],[14.43657,46.02844],[14.43015,46.02618],[14.42889,46.02593],[14.42186,46.0244],[14.41745,46.02405],[14.41373,46.02409],[14.41143,46.02363],[14.40826,46.02283],[14.40485,46.02245],[14.40249,46.02228],[14.40124,46.02186],[14.39672,46.01963],[14.39466,46.01886],[14.3908,46.01872],[14.38754,46.01782],[14.38408,46.01621],[14.37044,46.00805]]}},{"type":"Feature","properties":{"n":"Aquileia-Emona"},"geometry":{"type":"LineString","coordinates":[[13.71465,45.88954],[13.71037,45.8923],[13.70814,45.89257],[13.70714,45.89354],[13.70602,45.89395],[13.69899,45.89576],[13.69287,45.8959],[13.68862,45.89763],[13.68685,45.89791],[13.6861,45.89852],[13.68124,45.9004],[13.67669,45.89912],[13.67481,45.89888],[13.6735,45.89903],[13.67249,45.89939],[13.67068,45.89914],[13.66889,45.89954],[13.66784,45.89877],[13.66619,45.89836],[13.6583,45.89706],[13.65171,45.89601],[13.64943,45.8967],[13.64637,45.89616],[13.64294,45.89526],[13.63886,45.89464],[13.63767,45.89402],[13.63517,45.89365],[13.63145,45.89419],[13.62178,45.89739],[13.61822,45.89815],[13.61665,45.89815],[13.61602,45.89848],[13.61249,45.89868],[13.60858,45.89855],[13.58877,45.89931],[13.58751,45.89954],[13.58286,45.89974],[13.57564,45.90133],[13.57308,45.9017],[13.57125,45.90191],[13.56968,45.90269],[13.56594,45.90415],[13.55715,45.90618],[13.55615,45.90637],[13.55615,45.90637]]}},{"type":"Feature","properties":{"n":"Aquileia-Emona"},"geometry":{"type":"LineString","coordinates":[[14.37044,46.00805],[14.36952,46.00777],[14.36801,46.00735],[14.36634,46.00739],[14.36411,46.00804],[14.36275,46.00837],[14.36121,46.0085],[14.35995,46.00839],[14.35853,46.00793],[14.35724,46.00733],[14.35507,46.00628],[14.35283,46.00533],[14.34873,46.0038],[14.33893,45.99905],[14.3342,45.99671],[14.32936,45.99443],[14.32624,45.99257],[14.32173,45.98981],[14.31607,45.98473],[14.31225,45.98114],[14.30932,45.97872],[14.30428,45.97424],[14.30222,45.97218],[14.301,45.97061],[14.29856,45.96656]]}},{"type":"Feature","properties":{"n":"Aquileia-Emona"},"geometry":{"type":"LineString","coordinates":[[13.90977,45.88696],[13.88787,45.886],[13.87685,45.88557],[13.86937,45.88668],[13.86083,45.88879],[13.85769,45.88797],[13.85311,45.88755],[13.84953,45.88652],[13.84526,45.88633],[13.84106,45.88476],[13.83655,45.88501],[13.831,45.88608],[13.82831,45.88721],[13.81979,45.88874],[13.80992,45.89255],[13.80124,45.89587],[13.79681,45.89347],[13.78762,45.8936],[13.77425,45.89303],[13.77349,45.89125],[13.77168,45.89246],[13.77073,45.89134],[13.76728,45.88984],[13.76136,45.88907],[13.75716,45.88855],[13.75506,45.88802],[13.75398,45.88756],[13.75032,45.88757],[13.74662,45.88784],[13.74099,45.88808],[13.73814,45.88822],[13.73061,45.88717],[13.71753,45.88857],[13.71465,45.88954],[13.71465,45.88954]]}},{"type":"Feature","properties":{"n":"Aquileia-Emona"},"geometry":{"type":"LineString","coordinates":[[14.1891,45.89471],[14.17499,45.8915],[14.17313,45.88919],[14.17302,45.88712],[14.16829,45.8852],[14.16508,45.88747],[14.16164,45.88492],[14.15903,45.88148],[14.15386,45.87797],[14.14697,45.87626],[14.14108,45.87404],[14.13457,45.87305],[14.12966,45.87006],[14.12336,45.86711],[14.11463,45.86558],[14.1067,45.86402],[14.0966,45.86143],[14.08901,45.86127],[14.08419,45.86012],[14.07364,45.859],[14.06492,45.86277],[14.05434,45.86619],[14.04051,45.87001],[14.02501,45.87156],[14.0072,45.87832],[13.99207,45.88172],[13.98207,45.88283],[13.97526,45.88169],[13.96688,45.87962],[13.95835,45.87955],[13.94711,45.8813],[13.93476,45.88361],[13.92392,45.88689],[13.90977,45.88696]]}},{"type":"Feature","properties":{"n":"Aquileia-Emona"},"geometry":{"type":"LineString","coordinates":[[14.29856,45.96656],[14.29547,45.96451],[14.29199,45.96436],[14.28963,45.96102],[14.28887,45.95819],[14.28501,45.95411],[14.28253,45.95025],[14.281,45.9479],[14.27949,45.94613],[14.27818,45.94256],[14.2783,45.94099],[14.27688,45.93885],[14.27547,45.9378],[14.27284,45.93503],[14.26812,45.93198],[14.26376,45.93153],[14.25613,45.93181],[14.25153,45.93273],[14.24895,45.9286],[14.2436,45.92647],[14.24086,45.92349],[14.23671,45.92392],[14.23319,45.92249],[14.22847,45.91925],[14.22536,45.9174],[14.21851,45.91623],[14.20317,45.90992],[14.20084,45.90498],[14.20086,45.90206],[14.20054,45.89884],[14.19623,45.89657],[14.19217,45.8952],[14.1891,45.89471]]}},{"type":"Feature","properties":{"n":"Aquileia-Emona"},"geometry":{"type":"LineString","coordinates":[[13.55615,45.90637],[13.54573,45.90435],[13.52194,45.90372],[13.51521,45.90142],[13.50177,45.89471],[13.48691,45.88486],[13.48119,45.88256],[13.47261,45.88145]]}},{"type":"Feature","properties":{"n":"Aquileia-Emona"},"geometry":{"type":"LineString","coordinates":[[13.47261,45.88145],[13.46714,45.88074],[13.46132,45.87795],[13.44947,45.86977],[13.43722,45.85953],[13.43631,45.85777],[13.43446,45.85622],[13.42712,45.85141],[13.41537,45.84612],[13.40966,45.84098],[13.40121,45.83713],[13.40201,45.83594],[13.40137,45.83427],[13.402,45.83212],[13.40176,45.82915],[13.40047,45.82675],[13.3973,45.82566],[13.39433,45.82371],[13.39373,45.82216],[13.39747,45.81655],[13.3964,45.81305],[13.39168,45.80375],[13.37676,45.78196],[13.37374,45.77813],[13.36852,45.76958],[13.37095,45.76963]]}},{"type":"Feature","properties":{"n":"Augusta VIndelicum-Guntia"},"geometry":{"type":"LineString","coordinates":[[10.87049,48.38204],[10.85729,48.37497],[10.84058,48.37625],[10.8283,48.3769],[10.81981,48.3729],[10.79792,48.36965],[10.78865,48.37155],[10.76213,48.37449],[10.7463,48.38254],[10.73475,48.38718],[10.72248,48.3886],[10.70437,48.39201],[10.68147,48.39722],[10.67599,48.39998],[10.66656,48.39901],[10.6558,48.39744],[10.6452,48.39592],[10.6331,48.39635],[10.61709,48.39734],[10.60948,48.39966],[10.60398,48.40417],[10.59703,48.40516],[10.58877,48.40755],[10.5855,48.41031],[10.57748,48.41135],[10.55983,48.41534],[10.55139,48.41906],[10.54343,48.42198],[10.53493,48.4251],[10.53024,48.42681],[10.52566,48.42975],[10.52138,48.4317],[10.51259,48.43233],[10.50463,48.43257],[10.49803,48.43184],[10.48959,48.4302],[10.4834,48.43054]]}},{"type":"Feature","properties":{"n":"Augusta VIndelicum-Guntia"},"geometry":{"type":"LineString","coordinates":[[10.38274,48.43729],[10.38013,48.43745],[10.37654,48.43717],[10.3722,48.4368],[10.36948,48.43508],[10.36577,48.43508],[10.36206,48.43537],[10.35678,48.43665],[10.35307,48.43651],[10.34907,48.43594],[10.34393,48.43637],[10.33979,48.43851],[10.33522,48.44008],[10.33298,48.44047],[10.32989,48.44204],[10.32518,48.44461],[10.32075,48.44727],[10.3169,48.44865],[10.31128,48.4497],[10.30141,48.45161]]}},{"type":"Feature","properties":{"n":"Augusta VIndelicum-Guntia"},"geometry":{"type":"LineString","coordinates":[[10.26983,48.45456],[10.26743,48.4545],[10.26455,48.45384],[10.25963,48.45242],[10.25508,48.4528],[10.24121,48.44989],[10.22529,48.44642],[10.22206,48.4494],[10.21936,48.44947]]}},{"type":"Feature","properties":{"n":"Augusta VIndelicum-Guntia"},"geometry":{"type":"LineString","coordinates":[[10.30141,48.45161],[10.29991,48.45189],[10.29529,48.45199],[10.29524,48.45203],[10.29158,48.4527],[10.28734,48.45308],[10.28216,48.45408],[10.28073,48.45494],[10.2783,48.4546],[10.27521,48.45332],[10.27454,48.45346],[10.27278,48.45351],[10.27121,48.45379],[10.26983,48.45456]]}},{"type":"Feature","properties":{"n":"Augusta VIndelicum-Guntia"},"geometry":{"type":"LineString","coordinates":[[10.4834,48.43054],[10.48166,48.43066],[10.4805,48.43038],[10.47875,48.42985],[10.47762,48.42971],[10.4737,48.42997],[10.47165,48.42981],[10.47064,48.42993],[10.46871,48.42981],[10.46675,48.42981],[10.46378,48.42908],[10.46199,48.42882],[10.45991,48.42845],[10.4578,48.428],[10.45522,48.42762],[10.45177,48.42719],[10.45176,48.42721],[10.44905,48.42663],[10.44702,48.42567],[10.44548,48.42579],[10.44464,48.42472],[10.44357,48.42407],[10.44102,48.42401],[10.44024,48.42591],[10.43905,48.42615],[10.43566,48.42597],[10.43066,48.42579],[10.42686,48.42573],[10.42406,48.42544],[10.42121,48.42555],[10.41716,48.42538],[10.41127,48.42538],[10.40973,48.42847],[10.40889,48.42972],[10.40863,48.43077],[10.4076,48.43174],[10.40635,48.43203],[10.40503,48.43186],[10.40269,48.43208],[10.40035,48.43088],[10.39881,48.43163],[10.39744,48.43237],[10.39538,48.43305],[10.39287,48.43374],[10.39275,48.435],[10.3883,48.43528],[10.38753,48.43739],[10.38543,48.43766],[10.38274,48.43729],[10.38274,48.43729]]}},{"type":"Feature","properties":{"n":"Augusta Vindelicum-Urusa"},"geometry":{"type":"LineString","coordinates":[[10.98511,48.20965],[10.9838,48.21371],[10.98437,48.21792],[10.98662,48.22129],[10.98879,48.22588],[10.98906,48.22984],[10.98749,48.23233],[10.98449,48.23793],[10.98288,48.24096],[10.98202,48.2431],[10.98119,48.24498],[10.98255,48.24711],[10.98434,48.24917],[10.98541,48.25095],[10.98511,48.25364],[10.98553,48.25546],[10.98514,48.25948],[10.98466,48.26377],[10.98662,48.26731],[10.98775,48.27126],[10.98062,48.27419],[10.97314,48.28052],[10.96708,48.28851],[10.96327,48.30436],[10.95721,48.33127],[10.95319,48.33871],[10.95019,48.33985],[10.94919,48.34407],[10.94737,48.34639],[10.94316,48.34746],[10.94048,48.34881],[10.93952,48.35078]]}},{"type":"Feature","properties":{"n":"Augusta Vindelicum-Urusa"},"geometry":{"type":"LineString","coordinates":[[10.93952,48.35078],[10.93797,48.35075],[10.9367,48.35102]]}},{"type":"Feature","properties":{"n":"Augusta Vindelicum-Urusa"},"geometry":{"type":"LineString","coordinates":[[10.9367,48.35102],[10.93649,48.35174],[10.93531,48.35188],[10.93492,48.35199],[10.93245,48.35295],[10.93042,48.35292],[10.92664,48.35128],[10.92499,48.35188],[10.92285,48.35274],[10.9221,48.3531],[10.9216,48.35295],[10.92035,48.35277],[10.91746,48.35231],[10.91046,48.35287],[10.90984,48.35404],[10.90929,48.35481],[10.90819,48.35499],[10.90729,48.35595],[10.90461,48.35745],[10.90415,48.35841],[10.90254,48.35881],[10.90169,48.36009],[10.90108,48.36081],[10.90105,48.36113],[10.90083,48.3618],[10.9004,48.36245],[10.90012,48.36323],[10.89984,48.36385]]}},{"type":"Feature","properties":{"n":"Bigeste-Tilurium"},"geometry":{"type":"LineString","coordinates":[[16.72777,43.61783],[16.72885,43.61741],[16.73006,43.61679]]}},{"type":"Feature","properties":{"n":"Bigeste-Tilurium"},"geometry":{"type":"LineString","coordinates":[[17.0001,43.48644],[17.0164,43.47996],[17.02442,43.47555],[17.0316,43.47218],[17.03682,43.47071],[17.04134,43.4692],[17.04688,43.4663],[17.05073,43.4644],[17.05613,43.46148],[17.06249,43.45899],[17.06655,43.45722],[17.07192,43.45389],[17.07759,43.45179],[17.08423,43.44967],[17.08789,43.44947],[17.0949,43.44629],[17.1049,43.44385],[17.10572,43.43764],[17.10949,43.43508],[17.1162,43.43278],[17.12459,43.43114],[17.13333,43.42893],[17.1384,43.42638],[17.14615,43.42336],[17.15626,43.4215],[17.16132,43.41944],[17.16658,43.41722],[17.17257,43.41499],[17.17695,43.41342],[17.18194,43.41159],[17.18995,43.40786],[17.19613,43.40512],[17.2043,43.40107],[17.21559,43.39523],[17.22279,43.39374],[17.23772,43.38879],[17.23772,43.38879]]}},{"type":"Feature","properties":{"n":"Bigeste-Tilurium"},"geometry":{"type":"LineString","coordinates":[[17.23772,43.38879],[17.2547,43.38455],[17.27297,43.37895],[17.29238,43.36822],[17.29806,43.36029],[17.30263,43.35331],[17.30672,43.34878],[17.31165,43.34448],[17.32285,43.33838],[17.32963,43.3361],[17.34181,43.32942],[17.3522,43.32484],[17.36081,43.3224],[17.37047,43.32214],[17.38145,43.31847],[17.38938,43.313],[17.39678,43.30885],[17.4041,43.30693],[17.41647,43.30072],[17.43385,43.29182],[17.44355,43.28061],[17.4541,43.2689],[17.46036,43.26355],[17.45865,43.25996],[17.45553,43.25662],[17.46163,43.25295],[17.46855,43.24824],[17.4735,43.24296],[17.48567,43.2367],[17.49809,43.2285],[17.51166,43.22094],[17.51166,43.22094]]}},{"type":"Feature","properties":{"n":"Bigeste-Tilurium"},"geometry":{"type":"LineString","coordinates":[[16.73006,43.61679],[16.72621,43.61162],[16.72797,43.60548],[16.72772,43.60117],[16.72602,43.59862],[16.73052,43.59692],[16.73399,43.59156],[16.7379,43.58943],[16.74459,43.58164],[16.7485,43.57822],[16.76352,43.56956],[16.79268,43.56459],[16.80648,43.56501],[16.81951,43.56321],[16.82883,43.55924],[16.8342,43.5571],[16.84069,43.55422],[16.84921,43.55054],[16.85471,43.54688],[16.85776,43.54375],[16.86222,43.54062],[16.8641,43.53843],[16.86811,43.53502],[16.88051,43.53118],[16.90158,43.52669],[16.90825,43.52464],[16.91456,43.52118],[16.92566,43.51651],[16.93208,43.51372],[16.93914,43.51],[16.94511,43.50615],[16.95364,43.50205],[16.95787,43.50075],[16.96246,43.49901],[16.96948,43.49616],[16.98072,43.49122],[16.98752,43.48933],[17.0001,43.48644]]}},{"type":"Feature","properties":{"n":"Cambodunum-Brigantium"},"geometry":{"type":"LineString","coordinates":[[10.29889,47.71767],[10.27353,47.70741],[10.26447,47.70523],[10.2542,47.69959],[10.23987,47.70206],[10.2265,47.69009],[10.20247,47.68325],[10.18513,47.67815],[10.14553,47.67571],[10.10793,47.66585],[10.09333,47.66419],[10.08081,47.66168],[10.06725,47.65166],[10.04881,47.65256],[10.02766,47.64149],[10.01051,47.63069],[9.99626,47.62231],[9.98991,47.62287],[9.97772,47.62168],[9.96817,47.63189],[9.94706,47.62686],[9.91544,47.62494],[9.89873,47.63012],[9.86185,47.62678],[9.83195,47.62652],[9.79839,47.60329],[9.78085,47.59133],[9.77006,47.57148],[9.75813,47.54954],[9.75217,47.53646],[9.7514,47.52232]]}},{"type":"Feature","properties":{"n":"Cambodunum-Brigantium"},"geometry":{"type":"LineString","coordinates":[[10.29889,47.71767],[10.30097,47.71809],[10.304,47.72073],[10.30917,47.72327],[10.31116,47.72393],[10.3136,47.72429],[10.31491,47.72441],[10.31728,47.72407],[10.32011,47.72415],[10.32183,47.72441],[10.32337,47.72527]]}},{"type":"Feature","properties":{"n":"Castra Regina-Vallatum"},"geometry":{"type":"LineString","coordinates":[[10.98604,48.35212],[10.98529,48.35243],[10.98398,48.35578],[10.9841,48.35736],[10.9841,48.35938],[10.98642,48.36021],[10.98737,48.36135],[10.98808,48.36281]]}},{"type":"Feature","properties":{"n":"Castra Regina-Vallatum"},"geometry":{"type":"LineString","coordinates":[[10.98808,48.36281],[10.98957,48.36439],[10.99153,48.36609],[10.99795,48.36903],[11.00252,48.36956],[11.00351,48.37168],[11.00365,48.37462],[11.00698,48.3754],[11.01126,48.37694],[11.0175,48.3803],[11.02192,48.38205],[11.02879,48.3851],[11.03527,48.3906],[11.03888,48.3929],[11.04415,48.3957],[11.05243,48.3961],[11.06042,48.3941],[11.06175,48.39352],[11.06797,48.39645]]}},{"type":"Feature","properties":{"n":"Castra Regina-Vallatum"},"geometry":{"type":"LineString","coordinates":[[11.28923,48.5634],[11.28745,48.55878],[11.28537,48.55573],[11.28062,48.55268],[11.26962,48.55062],[11.25937,48.54776],[11.24823,48.5398],[11.24036,48.53331],[11.23932,48.52868],[11.23991,48.52416],[11.23917,48.5214],[11.23605,48.51934],[11.23085,48.51786],[11.22461,48.5151],[11.22209,48.51137],[11.21927,48.50831],[11.21228,48.50418],[11.20783,48.50123],[11.20471,48.4964],[11.20263,48.48971],[11.19253,48.48479],[11.1854,48.484],[11.1744,48.48439],[11.16757,48.48439],[11.15064,48.47829],[11.14648,48.47415],[11.14796,48.46391],[11.14826,48.4582],[11.14499,48.45189],[11.14232,48.44361],[11.14113,48.43888],[11.12776,48.43514],[11.10904,48.43376],[11.09924,48.42903],[11.0933,48.42193],[11.08824,48.41345],[11.08498,48.40398],[11.07903,48.39905],[11.06804,48.39649],[11.06797,48.39645],[11.06797,48.39645]]}},{"type":"Feature","properties":{"n":"Emona-Neviodunum"},"geometry":{"type":"LineString","coordinates":[[15.36696,45.88179],[15.37094,45.89476],[15.37063,45.89721],[15.37016,45.89859],[15.36998,45.90302],[15.36992,45.90628],[15.37058,45.90797],[15.37249,45.90777],[15.37429,45.90827],[15.37465,45.9093],[15.37592,45.90974],[15.37826,45.9093],[15.38046,45.90865],[15.38239,45.90757],[15.38272,45.90643],[15.38367,45.90605],[15.38495,45.90622],[15.38749,45.90429],[15.38845,45.90418],[15.39001,45.90421],[15.3959,45.90345],[15.40209,45.905],[15.40576,45.9101],[15.41141,45.91655],[15.41912,45.91698],[15.42291,45.91773],[15.42755,45.91814],[15.43373,45.9209],[15.43611,45.92142],[15.43861,45.92155],[15.44675,45.92129],[15.45089,45.92103],[15.4546,45.92032],[15.45777,45.91943],[15.45868,45.91872],[15.46073,45.91841],[15.47257,45.91791],[15.47257,45.91791]]}},{"type":"Feature","properties":{"n":"Emona-Neviodunum"},"geometry":{"type":"LineString","coordinates":[[14.50242,46.04608],[14.50766,46.04575],[14.50867,46.04501],[14.51151,46.04369],[14.51377,46.04258],[14.51527,46.04098],[14.51519,46.03884],[14.52267,46.03487],[14.52871,46.03096],[14.53348,46.02778],[14.53551,46.02648],[14.53808,46.02366],[14.54132,46.01965],[14.54207,46.01749],[14.54267,46.0146],[14.54271,46.01153],[14.54466,46.00876],[14.54667,46.00733],[14.55058,46.00541],[14.5514,46.00427],[14.55195,46.00334],[14.55455,45.99789],[14.55858,45.99613],[14.56042,45.99493],[14.5611,45.9942],[14.56325,45.99102],[14.56442,45.99016],[14.56509,45.9895],[14.5658,45.9889],[14.56698,45.98768],[14.56845,45.987],[14.57145,45.98604],[14.5736,45.98481],[14.57538,45.98341],[14.57538,45.98341]]}},{"type":"Feature","properties":{"n":"Emona-Neviodunum"},"geometry":{"type":"LineString","coordinates":[[14.57538,45.98341],[14.58444,45.98686],[14.59246,45.98222],[14.60445,45.97839],[14.62224,45.9723],[14.64302,45.97038],[14.65334,45.96937],[14.65886,45.97048],[14.66719,45.97122],[14.67625,45.97181],[14.68564,45.96957],[14.69425,45.96876],[14.71136,45.96939],[14.73799,45.96104],[14.76589,45.94747],[14.78208,45.93812],[14.80449,45.93549],[14.84138,45.94747],[14.8552,45.94614],[14.86809,45.94636],[14.88217,45.94323],[14.89352,45.93977],[14.90433,45.93499],[14.91371,45.93186],[14.92188,45.93108],[14.93539,45.92479],[14.95378,45.91941],[14.96381,45.91095],[14.97699,45.91179],[14.99192,45.90864],[15.00305,45.9077],[15.01725,45.90757],[15.0247,45.9063]]}},{"type":"Feature","properties":{"n":"Emona-Neviodunum"},"geometry":{"type":"LineString","coordinates":[[15.0247,45.9063],[15.03176,45.90471],[15.03738,45.90295],[15.04011,45.90362],[15.04355,45.90299],[15.0503,45.90145],[15.06084,45.90022],[15.06531,45.90031],[15.07001,45.90073],[15.07812,45.901],[15.08394,45.89794],[15.08753,45.89362],[15.09065,45.89095],[15.09234,45.88883],[15.09431,45.88806],[15.09644,45.88838],[15.09831,45.8877],[15.10007,45.88678],[15.10182,45.88644],[15.10427,45.88461],[15.10524,45.88288],[15.10456,45.88078],[15.10557,45.87924],[15.10746,45.87797],[15.10806,45.87693],[15.10929,45.87522],[15.1126,45.87163],[15.11545,45.87007],[15.11815,45.8685],[15.12165,45.86828],[15.12499,45.86738],[15.12685,45.8659],[15.12928,45.8646],[15.13283,45.86434],[15.13711,45.86372],[15.14072,45.86204],[15.14237,45.85939],[15.14264,45.85589],[15.1435,45.85352],[15.14599,45.85138],[15.14906,45.84693],[15.15421,45.8457],[15.1564,45.84432],[15.15772,45.8428]]}},{"type":"Feature","properties":{"n":"Emona-Neviodunum"},"geometry":{"type":"LineString","coordinates":[[15.15772,45.8428],[15.15826,45.8415],[15.15979,45.83996],[15.16246,45.83853],[15.16519,45.83775],[15.16823,45.83677],[15.1705,45.83541],[15.1722,45.83467],[15.17356,45.83427],[15.17578,45.83371],[15.17661,45.8334],[15.17781,45.83271],[15.18001,45.83128],[15.1801,45.83015],[15.18134,45.82932],[15.18365,45.82861],[15.18645,45.82712],[15.18764,45.82628],[15.19055,45.82566]]}},{"type":"Feature","properties":{"n":"Emona-Neviodunum"},"geometry":{"type":"LineString","coordinates":[[15.19055,45.82566],[15.19683,45.82797],[15.19845,45.8285],[15.19991,45.83057],[15.20111,45.83165],[15.20246,45.83202],[15.20583,45.83196],[15.20894,45.83244],[15.20936,45.83378],[15.2134,45.83331],[15.2178,45.8333],[15.22233,45.8341],[15.22417,45.83563],[15.22636,45.83868],[15.23244,45.83926],[15.23972,45.84035],[15.24246,45.84166],[15.24732,45.84602],[15.25254,45.8505],[15.25439,45.85561],[15.2562,45.85824],[15.26205,45.86157],[15.26741,45.86274],[15.27236,45.86438],[15.2787,45.86646],[15.29505,45.87099],[15.3014,45.87252],[15.3036,45.87363],[15.30573,45.87474],[15.31993,45.87479],[15.32469,45.87557],[15.32916,45.87714],[15.33491,45.8788],[15.3379,45.88034],[15.3408,45.87914],[15.34475,45.87798],[15.34825,45.87626],[15.35341,45.87759],[15.36696,45.88179],[15.36696,45.88179]]}},{"type":"Feature","properties":{"n":"Leusaba-Aquae Sulphurae"},"geometry":{"type":"LineString","coordinates":[[18.24665,43.84678],[18.23738,43.85067],[18.23085,43.85575],[18.22608,43.85997],[18.21515,43.86547],[18.20697,43.86831],[18.20711,43.8723],[18.20609,43.87754],[18.19925,43.88208],[18.19342,43.88469],[18.18809,43.88623],[18.18377,43.88759],[18.17987,43.89068],[18.17664,43.89258],[18.17616,43.89439],[18.1734,43.89433],[18.17133,43.8953],[18.16868,43.89551],[18.16699,43.89757],[18.16483,43.89951],[18.15857,43.9001],[18.15247,43.89832],[18.14704,43.90223],[18.14118,43.90622],[18.13532,43.90997],[18.12714,43.91374],[18.12262,43.91843],[18.11619,43.92149],[18.1082,43.92525],[18.10074,43.92654],[18.09461,43.92916],[18.09123,43.93155],[18.08451,43.93475],[18.08135,43.93834],[18.078,43.94134],[18.07509,43.94543],[18.07367,43.94782]]}},{"type":"Feature","properties":{"n":"Leusaba-Aquae Sulphurae"},"geometry":{"type":"LineString","coordinates":[[17.80167,44.14679],[17.80016,44.14797],[17.79652,44.15032],[17.79492,44.15154],[17.79379,44.15218],[17.79294,44.15282],[17.79179,44.15381],[17.79103,44.15511],[17.78965,44.15604],[17.78878,44.1569],[17.78714,44.1581],[17.78491,44.15943],[17.78315,44.16065],[17.78151,44.16151],[17.77725,44.16329],[17.77608,44.16372],[17.7708,44.16603],[17.7693,44.16716],[17.76872,44.16768],[17.76593,44.16858],[17.76353,44.17008],[17.76058,44.17152],[17.7592,44.17249],[17.75807,44.17333],[17.75637,44.17396],[17.75319,44.17447],[17.75109,44.17371],[17.74975,44.17391]]}},{"type":"Feature","properties":{"n":"Leusaba-Aquae Sulphurae"},"geometry":{"type":"LineString","coordinates":[[17.74975,44.17391],[17.7486,44.17467],[17.74772,44.1755],[17.74654,44.17642],[17.74585,44.17758],[17.74499,44.17854],[17.74426,44.1792],[17.74317,44.18058],[17.74254,44.18192],[17.74164,44.1829],[17.74019,44.18396],[17.73891,44.18498],[17.73754,44.18579],[17.73533,44.18676],[17.73478,44.18729],[17.73396,44.18775],[17.73318,44.18841],[17.73251,44.18966],[17.73195,44.19034],[17.73127,44.1908],[17.73005,44.19175],[17.72905,44.19256],[17.72861,44.19323],[17.72848,44.19404],[17.72842,44.1949],[17.72816,44.19546],[17.72797,44.19657],[17.72779,44.19715],[17.72745,44.19776],[17.72738,44.19833],[17.72723,44.19875],[17.72726,44.19999],[17.72632,44.20137],[17.72488,44.20304],[17.72359,44.20402],[17.72145,44.20522],[17.71922,44.2065],[17.71654,44.20792],[17.71654,44.20792]]}},{"type":"Feature","properties":{"n":"Leusaba-Aquae Sulphurae"},"geometry":{"type":"LineString","coordinates":[[18.07367,43.94782],[18.06586,43.95712],[18.05285,43.96407],[18.05007,43.97479],[18.04545,43.98737],[18.04012,43.99576],[18.02683,44.00841],[18.0152,44.0179],[18.0007,44.02736],[17.98694,44.0341],[17.97679,44.04508],[17.96535,44.05531],[17.94914,44.06109],[17.93412,44.06989],[17.92481,44.07421],[17.91806,44.07796],[17.91105,44.07986],[17.90314,44.08399],[17.89476,44.08763],[17.88729,44.09468],[17.878,44.10078],[17.87192,44.11017],[17.86477,44.11202],[17.85677,44.114],[17.8496,44.1173],[17.84304,44.12171],[17.83366,44.12407],[17.824,44.12646],[17.81575,44.12774],[17.80968,44.1313],[17.8071,44.13622],[17.80528,44.14264],[17.80167,44.14679]]}},{"type":"Feature","properties":{"n":"Leusaba-Aquae Sulphurae"},"geometry":{"type":"LineString","coordinates":[[17.71654,44.20792],[17.71457,44.20908],[17.71191,44.21058],[17.70599,44.21376],[17.70345,44.21396],[17.70189,44.21413],[17.70029,44.21452],[17.69876,44.21503],[17.69623,44.21592],[17.69321,44.21576],[17.68873,44.21626],[17.68447,44.2174],[17.68362,44.21738],[17.68115,44.21767],[17.67965,44.21812],[17.67873,44.21819],[17.67683,44.219],[17.6759,44.21921],[17.67516,44.21949],[17.6741,44.22024],[17.67305,44.22072],[17.6722,44.22148],[17.67165,44.22201],[17.67129,44.2229],[17.67095,44.22354],[17.67021,44.22413],[17.6692,44.22399],[17.66756,44.22414],[17.66696,44.22444],[17.66644,44.22473],[17.66622,44.22499],[17.66622,44.22499]]}},{"type":"Feature","properties":{"n":"Leusaba-Aquae Sulphurae"},"geometry":{"type":"LineString","coordinates":[[17.66622,44.22499],[17.66618,44.22547],[17.66619,44.22607]]}},{"type":"Feature","properties":{"n":"Leusaba-Aquae Sulphurae"},"geometry":{"type":"LineString","coordinates":[[17.66622,44.22499],[17.66401,44.2261],[17.66155,44.22714],[17.65903,44.22775],[17.65634,44.22822],[17.65046,44.22901],[17.64815,44.22881],[17.64351,44.22935],[17.63714,44.23165],[17.63323,44.23165],[17.62998,44.23243],[17.62775,44.23255],[17.62515,44.23196],[17.62384,44.2319],[17.62067,44.2321],[17.61921,44.23263],[17.61825,44.23385],[17.61689,44.23418],[17.61502,44.23366],[17.6131,44.23383],[17.6118,44.23436],[17.61076,44.23497],[17.60983,44.2361],[17.60818,44.23744],[17.60482,44.23958],[17.60316,44.24054],[17.60111,44.24162],[17.59923,44.24279],[17.59774,44.24367],[17.59501,44.2446],[17.59146,44.24411],[17.58918,44.24366],[17.58918,44.24366]]}},{"type":"Feature","properties":{"n":"Leusaba-Aquae Sulphurae"},"geometry":{"type":"LineString","coordinates":[[17.58918,44.24366],[17.56607,44.24736],[17.55084,44.25336],[17.53319,44.25595],[17.5162,44.25993],[17.50019,44.26498],[17.48425,44.27353],[17.45946,44.27564],[17.43611,44.27924],[17.40892,44.27593],[17.38631,44.27805],[17.36057,44.28317],[17.34737,44.27995],[17.336,44.28127],[17.32506,44.28223],[17.31438,44.28843],[17.30219,44.29485],[17.29728,44.29885],[17.2933,44.30542],[17.28964,44.31023],[17.28115,44.31628],[17.27004,44.32396],[17.26378,44.33427],[17.26106,44.34363],[17.24661,44.34598],[17.23943,44.34852],[17.23183,44.35051],[17.21785,44.34535],[17.20468,44.34651],[17.18674,44.35238],[17.17281,44.35338],[17.16779,44.35012]]}},{"type":"Feature","properties":{"n":"Longaticum-Fluvio Frigido"},"geometry":{"type":"LineString","coordinates":[[14.25154,45.82995],[14.25329,45.83075],[14.25719,45.83436]]}},{"type":"Feature","properties":{"n":"Longaticum-Fluvio Frigido"},"geometry":{"type":"LineString","coordinates":[[14.25719,45.83436],[14.25676,45.83624],[14.25651,45.83822],[14.25542,45.83936],[14.255,45.84124],[14.2545,45.84266],[14.25319,45.84394],[14.25243,45.84452],[14.25145,45.8448],[14.25076,45.84566],[14.25034,45.84595],[14.24992,45.8477],[14.24947,45.84826],[14.24852,45.84864],[14.24752,45.8498],[14.24657,45.8507],[14.24461,45.85096],[14.24286,45.85252],[14.24038,45.85427],[14.23882,45.8559],[14.23789,45.85695],[14.23642,45.85756],[14.23313,45.85931],[14.23165,45.86007],[14.22984,45.86071],[14.22882,45.86202],[14.22683,45.86289],[14.22574,45.86403],[14.22489,45.86481],[14.22468,45.86531],[14.22451,45.86618],[14.22241,45.86718],[14.22105,45.86819],[14.22009,45.86906],[14.21917,45.86958],[14.21793,45.87053],[14.2164,45.87157],[14.21309,45.87316],[14.21291,45.8743],[14.21233,45.87522],[14.21033,45.87667],[14.20754,45.87965],[14.20433,45.88246],[14.2037,45.88378],[14.20268,45.88463],[14.20167,45.88571],[14.20027,45.88654],[14.19168,45.89202],[14.1891,45.89471],[14.1891,45.89471]]}},{"type":"Feature","properties":{"n":"Longaticum-Fluvio Frigido"},"geometry":{"type":"LineString","coordinates":[[13.90977,45.88696],[13.9121,45.88164],[13.91622,45.87792],[13.92405,45.8731],[13.92841,45.86991],[13.93868,45.86264],[13.94487,45.85462],[13.95488,45.84896],[13.96185,45.84659],[13.96251,45.84214],[13.95502,45.83496],[13.95967,45.82284],[13.96573,45.80659],[13.971,45.79935],[13.97445,45.79539],[13.98252,45.79338],[13.98977,45.79195],[13.99565,45.79076],[13.99763,45.78887],[14.00155,45.78645],[14.00347,45.78428],[14.00763,45.78352],[14.01085,45.78145],[14.01651,45.77893],[14.01963,45.77633],[14.02213,45.77366],[14.0265,45.77132],[14.03,45.76906],[14.03862,45.76368],[14.04455,45.75833],[14.0482,45.75652],[14.05011,45.75649]]}},{"type":"Feature","properties":{"n":"Longaticum-Fluvio Frigido"},"geometry":{"type":"LineString","coordinates":[[14.05011,45.75649],[14.06977,45.75796],[14.0805,45.76116],[14.08982,45.76058],[14.10086,45.76114],[14.11193,45.76197],[14.11633,45.76229],[14.12435,45.7632],[14.13081,45.76447],[14.13505,45.76743],[14.14064,45.77235],[14.14989,45.77597],[14.15577,45.77675],[14.16178,45.77627],[14.16846,45.77546],[14.18075,45.77122],[14.19406,45.76973],[14.20401,45.77135],[14.21535,45.77648],[14.21646,45.78124],[14.22095,45.78474],[14.22609,45.78947],[14.22721,45.7924],[14.22881,45.79687],[14.23105,45.80112],[14.23222,45.80473],[14.23569,45.80769],[14.23465,45.8124],[14.2342,45.81438],[14.23597,45.81744],[14.23487,45.82467],[14.24177,45.8261],[14.24553,45.82641],[14.25139,45.82988],[14.25139,45.82988]]}},{"type":"Feature","properties":{"n":"Ninia-Drnis"},"geometry":{"type":"LineString","coordinates":[[16.1959,44.04395],[16.19769,44.04159],[16.19832,44.03744],[16.19991,44.03323],[16.20265,44.03059],[16.21152,44.02721],[16.21407,44.02551],[16.21693,44.02069],[16.21522,44.01614],[16.21372,44.01119],[16.21291,44.00734],[16.20958,44.00328],[16.20686,43.99631],[16.20572,43.99401],[16.20544,43.99143],[16.20581,43.98658],[16.20462,43.98015],[16.20514,43.9757],[16.20701,43.96916],[16.2099,43.96049],[16.2122,43.95494],[16.21042,43.95214],[16.20707,43.94743],[16.2038,43.93937],[16.20321,43.93308],[16.20562,43.92706],[16.20711,43.91807],[16.20814,43.90985],[16.21001,43.90711],[16.20968,43.90147],[16.21044,43.89899],[16.20973,43.89322],[16.20798,43.8895],[16.20686,43.88622],[16.20396,43.88114],[16.20124,43.87739],[16.19745,43.87343],[16.19394,43.86988],[16.19013,43.86743],[16.18087,43.8647],[16.17154,43.86316],[16.16266,43.86072],[16.15659,43.85918],[16.15659,43.85918]]}},{"type":"Feature","properties":{"n":"Kljuc-Romula"},"geometry":{"type":"LineString","coordinates":[[15.5029,45.44353],[15.53391,45.43167],[15.55031,45.41937],[15.56592,45.40589],[15.58934,45.39272],[15.61165,45.37797],[15.65138,45.37543],[15.66524,45.36457],[15.67683,45.35243],[15.68486,45.34382],[15.69532,45.32663],[15.72085,45.33734],[15.74142,45.34006],[15.76613,45.34127],[15.78397,45.34901],[15.80783,45.3529],[15.82425,45.3515],[15.8494,45.35108],[15.88308,45.34614],[15.90651,45.33655],[15.94051,45.32584],[15.96788,45.32584],[16.01291,45.33584],[16.0468,45.3422],[16.07345,45.34074],[16.13991,45.37541],[16.17912,45.3717],[16.19971,45.37285],[16.21315,45.36948],[16.22843,45.36538],[16.24676,45.36029],[16.27031,45.36424],[16.27691,45.36381]]}},{"type":"Feature","properties":{"n":"Splonum-south"},"geometry":{"type":"LineString","coordinates":[[16.66399,44.76463],[16.66281,44.76571],[16.66116,44.76628],[16.65863,44.76711],[16.65274,44.76846],[16.64923,44.76922],[16.64624,44.76999]]}},{"type":"Feature","properties":{"n":"Splonum-south"},"geometry":{"type":"LineString","coordinates":[[16.64624,44.76999],[16.65824,44.75746],[16.69445,44.73268],[16.69223,44.72643],[16.69552,44.7199],[16.70721,44.71638],[16.71335,44.70979],[16.7237,44.70355],[16.7373,44.69143],[16.73721,44.68349],[16.73937,44.67984],[16.74634,44.67296],[16.74913,44.66816],[16.75555,44.66469],[16.75679,44.66205],[16.75857,44.65775],[16.76129,44.65463],[16.76952,44.64909],[16.77069,44.64177],[16.76759,44.63555],[16.76139,44.62555],[16.75801,44.61902],[16.75124,44.61225],[16.75155,44.60761],[16.75339,44.60218],[16.75123,44.59789],[16.74311,44.5964],[16.7395,44.59454],[16.73465,44.59257],[16.73584,44.58743],[16.73774,44.58301],[16.73864,44.5767],[16.73859,44.56861],[16.74147,44.56355],[16.74177,44.5569],[16.74051,44.55508]]}},{"type":"Feature","properties":{"n":"Dautonia-Aquae Balissae"},"geometry":{"type":"LineString","coordinates":[[17.1058,45.42181],[17.10949,45.42756],[17.1111,45.42975],[17.11395,45.4316],[17.11489,45.43229],[17.11617,45.43508],[17.11729,45.43688],[17.1193,45.43877],[17.11982,45.44045],[17.11879,45.44204],[17.12537,45.45219],[17.12102,45.46197],[17.12673,45.46578],[17.13049,45.46773],[17.13555,45.47024],[17.14248,45.47216],[17.15062,45.47173],[17.1599,45.47787],[17.17289,45.48187],[17.17446,45.48843],[17.17989,45.48858],[17.18345,45.492],[17.18317,45.49472],[17.1856,45.50114],[17.18917,45.50485],[17.19208,45.51318],[17.18774,45.5157],[17.18431,45.51813],[17.18217,45.5257],[17.18503,45.53269],[17.19059,45.53812],[17.19402,45.5424],[17.20187,45.54554],[17.20815,45.55368],[17.21515,45.56096],[17.22529,45.56881],[17.22471,45.57281],[17.22143,45.57666],[17.22229,45.58209],[17.22357,45.58866],[17.22343,45.5928],[17.22343,45.5928]]}},{"type":"Feature","properties":{"n":"Dautonia-Aquae Balissae"},"geometry":{"type":"LineString","coordinates":[[16.23066,45.80146],[16.24231,45.80196],[16.25409,45.79958],[16.27149,45.79539],[16.27848,45.79197],[16.29347,45.78733],[16.30215,45.78471],[16.32226,45.7796],[16.32975,45.77531],[16.33499,45.77186],[16.34439,45.76532],[16.35414,45.75818],[16.35664,45.75675],[16.35962,45.75414],[16.36568,45.75152],[16.37032,45.74783],[16.37246,45.74498],[16.37615,45.74295],[16.37948,45.73522],[16.38258,45.72737],[16.38912,45.71523],[16.39412,45.70928],[16.40197,45.70571],[16.41982,45.7006],[16.43278,45.6975],[16.45027,45.69156],[16.46967,45.68787],[16.48025,45.6818],[16.49346,45.67038],[16.5031,45.66586],[16.51083,45.65991],[16.51642,45.65765],[16.52297,45.65586],[16.5288,45.65491],[16.53106,45.65241],[16.53748,45.64456],[16.5401,45.64099],[16.54804,45.63483],[16.55497,45.62838],[16.5652,45.62315],[16.56818,45.62065],[16.56913,45.6166],[16.5696,45.61303],[16.57234,45.61006],[16.57674,45.60673],[16.57674,45.60673]]}},{"type":"Feature","properties":{"n":"Dautonia-Aquae Balissae"},"geometry":{"type":"LineString","coordinates":[[16.57674,45.60673],[16.57995,45.60494],[16.58198,45.60292],[16.58186,45.60054],[16.58233,45.5984],[16.5884,45.58864],[16.59256,45.58567],[16.5978,45.58115],[16.60648,45.58067],[16.61196,45.58008],[16.62124,45.57425],[16.62576,45.57246],[16.63349,45.56806],[16.63825,45.56473],[16.6388,45.5648],[16.64227,45.5583],[16.64664,45.55347],[16.65114,45.55209],[16.65855,45.55046],[16.66564,45.54971],[16.67393,45.55016],[16.67951,45.5485],[16.68056,45.54428],[16.68192,45.53795],[16.68675,45.53101],[16.69067,45.52302],[16.69504,45.51322],[16.70574,45.50704],[16.72579,45.49603],[16.73258,45.49392],[16.73816,45.49046],[16.7496,45.48624],[16.76156,45.48404],[16.77193,45.48141],[16.78127,45.47779],[16.78127,45.47779]]}},{"type":"Feature","properties":{"n":"Namare-Faviana"},"geometry":{"type":"LineString","coordinates":[[15.30978,48.21537],[15.33309,48.2306],[15.34726,48.2377],[15.3509,48.24261],[15.36632,48.25105],[15.37201,48.25448],[15.37851,48.25819],[15.37801,48.26273],[15.38048,48.26632],[15.39001,48.27312],[15.40119,48.27914],[15.40552,48.28395],[15.40677,48.29105],[15.4075,48.29337],[15.40949,48.29813],[15.41166,48.30515],[15.41349,48.3113],[15.41375,48.31646],[15.41075,48.32993],[15.40981,48.33634],[15.41264,48.35047],[15.42125,48.35913],[15.44307,48.36768],[15.45081,48.3722],[15.45966,48.37969],[15.47027,48.38847],[15.48651,48.39659],[15.5037,48.3967],[15.51505,48.38925],[15.51689,48.38695],[15.5249,48.38276],[15.53917,48.38309],[15.54988,48.38544],[15.57647,48.39624]]}},{"type":"Feature","properties":{"n":"Faviana-Augustiana"},"geometry":{"type":"LineString","coordinates":[[15.57647,48.39624],[15.58436,48.39752],[15.59535,48.39869],[15.59592,48.39424],[15.59834,48.39264],[15.598,48.3877],[15.60396,48.38585],[15.60997,48.38537],[15.61432,48.38446],[15.61713,48.38519],[15.62544,48.38556],[15.63289,48.38402],[15.64178,48.38287],[15.64979,48.37986],[15.651,48.38044],[15.65489,48.37919],[15.6562,48.37788],[15.65876,48.37699],[15.66107,48.37567],[15.66436,48.37453],[15.66752,48.37408],[15.66848,48.37458],[15.6718,48.37536],[15.67306,48.37659],[15.6771,48.37837],[15.68467,48.37983],[15.68679,48.37982],[15.68845,48.38016],[15.68971,48.37972],[15.6925,48.37971],[15.69848,48.37834],[15.70428,48.37491],[15.70727,48.37221],[15.71072,48.37068],[15.71173,48.36642],[15.71163,48.36284],[15.71287,48.36102],[15.71244,48.35552],[15.72779,48.35156],[15.72968,48.34996],[15.73258,48.34964],[15.73326,48.35009],[15.73465,48.35034],[15.73513,48.35147],[15.73775,48.35194],[15.73907,48.35171],[15.74031,48.35262],[15.74297,48.35131],[15.74297,48.35131]]}},{"type":"Feature","properties":{"n":"Augustina-Comagena"},"geometry":{"type":"LineString","coordinates":[[15.74297,48.35131],[15.74592,48.35083],[15.74615,48.35035],[15.75576,48.35139],[15.75791,48.35198],[15.75845,48.3524],[15.76326,48.35162],[15.79865,48.34481],[15.81287,48.35328],[15.83304,48.35185],[15.84906,48.34895],[15.85145,48.34601],[15.85468,48.34437],[15.85522,48.34329],[15.86001,48.34248],[15.86521,48.34295],[15.89352,48.34623],[15.90378,48.34577],[15.90825,48.34664],[15.91054,48.34614],[15.91032,48.34425],[15.91067,48.34271],[15.9196,48.34198],[15.93427,48.33921],[15.93892,48.33699],[15.94175,48.33441],[15.94559,48.33195],[15.94764,48.32899],[15.95014,48.32843],[15.9613,48.32788],[15.9975,48.32043],[15.99963,48.32248],[16.00464,48.3231],[16.00729,48.32426],[16.01528,48.32447],[16.0185,48.32593],[16.0254,48.32765],[16.02767,48.32693],[16.02965,48.32584],[16.03243,48.32518],[16.03566,48.32647],[16.04061,48.32672],[16.04404,48.32814],[16.0541,48.32929],[16.05892,48.32978],[16.05892,48.32978]]}},{"type":"Feature","properties":{"n":"Faviana-Cetium"},"geometry":{"type":"LineString","coordinates":[[15.57647,48.39624],[15.57661,48.39492],[15.57649,48.39363],[15.57781,48.39378],[15.57864,48.39287],[15.57936,48.39284],[15.58097,48.39217],[15.58213,48.38673],[15.58189,48.38517],[15.58223,48.38373],[15.58369,48.38254],[15.58396,48.38032],[15.58887,48.37925],[15.59572,48.37561],[15.59898,48.37201],[15.59942,48.3708],[15.59915,48.37049],[15.59609,48.36975],[15.59253,48.36929],[15.59247,48.36917],[15.59417,48.36848],[15.59434,48.3678],[15.59593,48.36686],[15.59692,48.36668],[15.59805,48.36657],[15.60112,48.36577],[15.60446,48.36414],[15.60797,48.36162],[15.60897,48.36157],[15.61026,48.36065],[15.61003,48.35792],[15.61452,48.35383],[15.62067,48.34586],[15.62093,48.34385],[15.6206,48.33936],[15.62171,48.33749],[15.62455,48.3349],[15.62679,48.32717],[15.62816,48.31269],[15.64574,48.29806],[15.64844,48.29191],[15.65026,48.27706],[15.64788,48.26817],[15.64852,48.26213],[15.64804,48.25578],[15.64036,48.24485],[15.63655,48.23093],[15.6337,48.2262],[15.62908,48.2231],[15.62552,48.21574],[15.62126,48.20932],[15.61485,48.20863],[15.61485,48.20863]]}},{"type":"Feature","properties":{"n":"Augustiana-Cetium"},"geometry":{"type":"LineString","coordinates":[[15.74297,48.35131],[15.74202,48.34934],[15.74276,48.34815],[15.73925,48.34277],[15.73798,48.33863],[15.73638,48.33631],[15.73391,48.33406],[15.73165,48.33086],[15.72985,48.32769],[15.72836,48.32249],[15.72853,48.31773],[15.72815,48.31506],[15.7263,48.31178],[15.72604,48.30783],[15.72449,48.30366],[15.7187,48.29892],[15.71695,48.29714],[15.71664,48.29399],[15.72008,48.28994],[15.71844,48.28583],[15.71781,48.28114],[15.7151,48.2727],[15.71105,48.2686],[15.70609,48.26343],[15.70582,48.25843],[15.70501,48.25605],[15.70493,48.25363],[15.70356,48.25182],[15.7038,48.25011],[15.7012,48.24822],[15.7016,48.2468],[15.70138,48.24363],[15.69992,48.24105]]}},{"type":"Feature","properties":{"n":"Abodiacum-Parthanum"},"geometry":{"type":"LineString","coordinates":[[11.14217,47.84185],[11.14108,47.84187],[11.13846,47.84245],[11.13389,47.84336],[11.13093,47.8452],[11.12802,47.84589],[11.12402,47.84631],[11.12112,47.84681],[11.11552,47.84746],[11.10754,47.84937],[11.104,47.84991],[11.10201,47.84964],[11.0991,47.85202],[11.09499,47.85458],[11.09225,47.85592],[11.0858,47.85664],[11.08295,47.85899],[11.07915,47.86114],[11.07451,47.86305],[11.07237,47.86497],[11.07202,47.86688],[11.07059,47.86852],[11.06661,47.86935],[11.06536,47.87059],[11.0631,47.8719],[11.06399,47.87234],[11.06411,47.87318],[11.0653,47.87434],[11.06613,47.87509],[11.06827,47.87645],[11.06913,47.87804],[11.07015,47.87968],[11.07067,47.88037],[11.06947,47.8806],[11.06861,47.8811],[11.06873,47.88163],[11.06764,47.8819],[11.06616,47.88213],[11.06593,47.88282],[11.06536,47.88317],[11.06525,47.88405],[11.06445,47.88416],[11.06371,47.88447],[11.06325,47.88577],[11.06531,47.88714],[11.06884,47.8886],[11.07015,47.89028],[11.07107,47.8928],[11.07038,47.89388],[11.07084,47.89548],[11.07095,47.89716],[11.07192,47.89762],[11.07192,47.89762]]}},{"type":"Feature","properties":{"n":"Castra Regina-Vallatum"},"geometry":{"type":"LineString","coordinates":[[11.77049,48.85375],[11.77182,48.84305],[11.77134,48.83454],[11.77657,48.8301],[11.78196,48.82287],[11.77578,48.8186],[11.76324,48.81207],[11.7567,48.80784],[11.74844,48.80385],[11.74993,48.79685],[11.74209,48.79246],[11.7305,48.78565],[11.72058,48.77743],[11.71202,48.77381],[11.70774,48.77027],[11.70522,48.76715],[11.70147,48.76353],[11.69888,48.76209],[11.69248,48.7602],[11.68148,48.75694],[11.67226,48.75705],[11.66591,48.75578],[11.65818,48.75482],[11.64834,48.75877],[11.64319,48.76434],[11.63155,48.76991],[11.61764,48.76685],[11.60742,48.75706],[11.59292,48.75745],[11.57581,48.75408],[11.56713,48.7482],[11.56393,48.74092],[11.5543,48.73394],[11.55097,48.72798],[11.53053,48.72422],[11.51766,48.72087],[11.50195,48.71671],[11.48729,48.71716],[11.45911,48.71659],[11.44487,48.71347],[11.44342,48.71302]]}},{"type":"Feature","properties":{"n":"Ad Basante-Sirmium"},"geometry":{"type":"LineString","coordinates":[[18.69864,45.10167],[18.69541,45.07031],[18.70122,45.07062],[18.71721,45.06548],[18.73109,45.06167],[18.74312,45.05708],[18.75125,45.05283]]}},{"type":"Feature","properties":{"n":"Ad Basante-Sirmium"},"geometry":{"type":"LineString","coordinates":[[19.11877,44.84919],[19.28088,44.86349]]}},{"type":"Feature","properties":{"n":"Leusaba-Aquae Sulphurae"},"geometry":{"type":"LineString","coordinates":[[17.16779,44.35012],[17.16386,44.35397],[17.16158,44.35857],[17.15868,44.36223],[17.15414,44.36643],[17.15035,44.36862],[17.14739,44.36818],[17.14462,44.36942],[17.14009,44.3707],[17.13712,44.37243],[17.13479,44.37447],[17.13156,44.37698],[17.12766,44.37949],[17.1238,44.38272],[17.12131,44.38378],[17.11801,44.38442],[17.11416,44.38652],[17.111,44.38814],[17.11051,44.3914],[17.11163,44.39276],[17.1124,44.39444],[17.11221,44.39613],[17.1113,44.39787],[17.10919,44.39944],[17.10293,44.40142],[17.09999,44.40246],[17.09451,44.40321],[17.09117,44.40481],[17.09039,44.40705],[17.08829,44.40943],[17.08586,44.41151],[17.08568,44.41504],[17.08496,44.41748],[17.08496,44.41748]]}},{"type":"Feature","properties":{"n":"Pelva-Osinium"},"geometry":{"type":"LineString","coordinates":[[16.81713,43.81495],[16.81751,43.8163],[16.81716,43.81702],[16.8173,43.81831],[16.81677,43.81921],[16.81648,43.82001],[16.81602,43.82074],[16.81551,43.82122],[16.81549,43.82201],[16.815,43.82273],[16.81532,43.82355],[16.81508,43.82491],[16.81451,43.82562],[16.8145,43.82653],[16.81414,43.82714],[16.81399,43.82841],[16.81308,43.82969],[16.81367,43.83118],[16.81399,43.83184],[16.81411,43.83314],[16.81372,43.83416],[16.81278,43.83554],[16.81189,43.83707],[16.81183,43.83788],[16.81147,43.83882],[16.8105,43.83985],[16.80887,43.84123],[16.80811,43.84246],[16.80767,43.84391],[16.80682,43.84521],[16.80625,43.84699],[16.80494,43.84993],[16.80414,43.85092],[16.80327,43.85179],[16.80283,43.85219],[16.80206,43.85327],[16.80113,43.85425],[16.8005,43.85534],[16.79969,43.85618],[16.79885,43.85776],[16.79811,43.85875],[16.79701,43.85975],[16.79564,43.86156],[16.79445,43.86281],[16.79339,43.86446],[16.79324,43.86494],[16.79357,43.86554],[16.79356,43.8663],[16.79269,43.86717],[16.79173,43.86808],[16.79014,43.86906],[16.78429,43.87185],[16.7815,43.87242],[16.78043,43.87274],[16.78002,43.87384],[16.77919,43.87432],[16.77819,43.87516],[16.7775,43.87555],[16.7775,43.87555]]}},{"type":"Feature","properties":{"n":"Andetrium-Osinium"},"geometry":{"type":"LineString","coordinates":[[16.63696,43.702],[16.6322,43.70037],[16.62578,43.70209],[16.62254,43.70354],[16.61897,43.70492],[16.61424,43.70484],[16.59872,43.70614],[16.5959,43.7066],[16.59014,43.70836],[16.58708,43.70985],[16.5845,43.71169],[16.5827,43.71267],[16.57834,43.71031],[16.57315,43.70859],[16.56772,43.70648],[16.56381,43.7043],[16.55985,43.70154],[16.55676,43.69903],[16.55113,43.69712],[16.54823,43.69653],[16.54434,43.69441],[16.54005,43.69517],[16.53549,43.69578],[16.53032,43.6941],[16.52324,43.69225],[16.51614,43.69028],[16.50825,43.68911],[16.49856,43.68863],[16.48866,43.68929],[16.48154,43.68832],[16.47725,43.68872],[16.4728,43.689],[16.47045,43.68933],[16.46947,43.68958],[16.46765,43.68999],[16.46579,43.69043],[16.46337,43.6912],[16.46163,43.69183]]}},{"type":"Feature","properties":{"n":"Poetovio-Neviodunum"},"geometry":{"type":"LineString","coordinates":[[15.26772,46.23404],[15.2753,46.24085],[15.27952,46.24692],[15.28359,46.25668],[15.28322,46.25824],[15.28368,46.26577],[15.28775,46.26888],[15.28923,46.26876],[15.29087,46.26984],[15.3026,46.28149],[15.30402,46.28731],[15.30195,46.29092],[15.30251,46.29355],[15.30363,46.29588],[15.30235,46.29808],[15.30157,46.30009],[15.30259,46.30133],[15.30565,46.30061],[15.30939,46.30055],[15.31528,46.31359],[15.31718,46.31829],[15.31665,46.32233],[15.31567,46.32863],[15.31666,46.3304],[15.32323,46.33508],[15.32512,46.33922],[15.32784,46.34238],[15.32879,46.34349],[15.33062,46.34395],[15.33213,46.34338],[15.33353,46.34313],[15.33783,46.34441],[15.34175,46.34622],[15.34508,46.34678],[15.34752,46.35188],[15.35605,46.35594],[15.36218,46.35824],[15.36652,46.36333],[15.36652,46.36333]]}},{"type":"Feature","properties":{"n":"Poetovio-Neviodunum"},"geometry":{"type":"LineString","coordinates":[[15.36652,46.36333],[15.36827,46.36203],[15.37071,46.36045],[15.37371,46.35897],[15.37666,46.35864],[15.38107,46.35837],[15.3837,46.35892],[15.38469,46.36059],[15.38701,46.36144],[15.39145,46.36095],[15.39581,46.35947],[15.39892,46.35551],[15.40111,46.35086],[15.40681,46.34729],[15.41381,46.34216],[15.42995,46.34118],[15.44964,46.34118],[15.46422,46.33991],[15.47807,46.34043],[15.48303,46.34556],[15.50067,46.35822],[15.52072,46.36757],[15.53535,46.37255],[15.54846,46.37541],[15.56067,46.37843],[15.57032,46.38235]]}},{"type":"Feature","properties":{"n":"Poetovio-Neviodunum"},"geometry":{"type":"LineString","coordinates":[[15.57032,46.38235],[15.57989,46.38594],[15.58679,46.38888],[15.59592,46.39372],[15.59881,46.396],[15.60226,46.39627],[15.60529,46.39554],[15.6086,46.39641],[15.61207,46.39673],[15.61438,46.39615],[15.61789,46.39589],[15.62435,46.39692],[15.62749,46.39624],[15.63021,46.39581],[15.63357,46.39686],[15.63554,46.39846],[15.64595,46.40029],[15.65053,46.40134],[15.65751,46.40538],[15.6645,46.40628],[15.6791,46.4107],[15.6857,46.41191],[15.69339,46.41058],[15.70395,46.40822],[15.72942,46.40918],[15.77474,46.41082],[15.8269,46.41309],[15.84101,46.41383],[15.84572,46.41537],[15.85099,46.41536],[15.857,46.41649],[15.86096,46.41689],[15.8667,46.41709],[15.86845,46.41825],[15.87279,46.41866],[15.87279,46.41866]]}},{"type":"Feature","properties":{"n":"Visegrad-Pale"},"geometry":{"type":"LineString","coordinates":[[19.29627,43.78605],[19.29475,43.78615],[19.29318,43.78536]]}},{"type":"Feature","properties":{"n":"Ad Drinum-Aquae Sulphurae"},"geometry":{"type":"LineString","coordinates":[[19.07663,44.17039],[19.07671,44.17343],[19.07392,44.17849],[19.07535,44.18324],[19.07663,44.18619],[19.07118,44.18839],[19.07227,44.19376],[19.07702,44.19647],[19.08161,44.19787],[19.08849,44.20049],[19.09314,44.20387],[19.09935,44.20692],[19.10386,44.21138],[19.10826,44.2126],[19.10718,44.21513],[19.10571,44.21798],[19.0994,44.2226],[19.10111,44.22609],[19.10552,44.22892],[19.10401,44.23264],[19.10246,44.2373],[19.10529,44.24176],[19.11051,44.24402],[19.11074,44.24713],[19.10811,44.25312],[19.10622,44.25907],[19.10355,44.26648],[19.1089,44.27488],[19.11229,44.27853],[19.11899,44.27912],[19.12556,44.27663],[19.13555,44.27972],[19.14673,44.28088],[19.14673,44.28088]]}},{"type":"Feature","properties":{"n":"Ad Drinum-Aquae Sulphurae"},"geometry":{"type":"LineString","coordinates":[[19.14673,44.28088],[19.14643,44.28453],[19.14929,44.29075],[19.14937,44.29471],[19.14894,44.29934],[19.14469,44.3029],[19.13828,44.30569],[19.13161,44.3114],[19.12854,44.31559],[19.12597,44.31893],[19.1263,44.32087],[19.12679,44.32499],[19.12793,44.32799],[19.13098,44.33293],[19.13321,44.3356],[19.1312,44.33844],[19.12667,44.33965],[19.1202,44.33966],[19.11565,44.34136],[19.1126,44.34535],[19.10929,44.35053],[19.10646,44.35335],[19.10706,44.35523],[19.10809,44.35901],[19.11258,44.36249],[19.11017,44.36443],[19.10528,44.36612],[19.10278,44.36946],[19.10171,44.37404],[19.10273,44.38098],[19.10358,44.38558],[19.10314,44.38779],[19.10314,44.38779]]}},{"type":"Feature","properties":{"n":"Gensis-Loznica"},"geometry":{"type":"LineString","coordinates":[[19.17414,44.53634],[19.18067,44.53575],[19.18505,44.53522],[19.19285,44.53316],[19.19943,44.53061],[19.20259,44.53085],[19.20737,44.53132],[19.21005,44.53104],[19.21471,44.53281],[19.2198,44.53469],[19.22414,44.53533]]}},{"type":"Feature","properties":{"n":"Magia-Amden"},"geometry":{"type":"LineString","coordinates":[[9.52945,47.00916],[9.51919,47.01091],[9.50552,47.01164],[9.48588,47.02321],[9.45858,47.04176],[9.43562,47.04809],[9.40905,47.05915],[9.38596,47.07232],[9.36388,47.0844],[9.32416,47.11569],[9.31323,47.12822],[9.30713,47.13316],[9.30324,47.13545],[9.29933,47.13646],[9.2963,47.13663],[9.29218,47.13733],[9.28882,47.13707],[9.28355,47.13742],[9.27427,47.13674],[9.26606,47.13615],[9.26092,47.13958],[9.25518,47.14302],[9.24826,47.14321],[9.24402,47.14407],[9.23977,47.14371],[9.23644,47.14177],[9.22707,47.1415],[9.22191,47.14165],[9.21767,47.14176],[9.20974,47.14156],[9.20687,47.14033],[9.20239,47.1388],[9.19646,47.13827],[9.19271,47.13703],[9.18553,47.13612],[9.17387,47.13559],[9.16485,47.13636],[9.15533,47.13722],[9.15533,47.13722]]}},{"type":"Feature","properties":{"n":"Centum Prata-Amden"},"geometry":{"type":"LineString","coordinates":[[9.15533,47.13722],[9.15108,47.13679],[9.14769,47.13669],[9.14511,47.13711],[9.14063,47.13801],[9.13915,47.13875],[9.13544,47.13943],[9.13316,47.14018],[9.12871,47.1401],[9.12106,47.1414],[9.11622,47.14073],[9.11089,47.13963],[9.10881,47.13787],[9.10192,47.13636],[9.09838,47.13512],[9.09539,47.13425],[9.09061,47.13288],[9.07514,47.13148],[9.06645,47.13185],[9.0533,47.14004],[9.04904,47.14544],[9.03955,47.16727],[9.02997,47.18927],[9.02417,47.19989],[9.02018,47.2085],[9.00898,47.22033],[8.99501,47.22476],[8.98135,47.22494],[8.96854,47.22461],[8.94947,47.22591],[8.93099,47.22649],[8.91727,47.22612],[8.90788,47.22299],[8.89748,47.22098],[8.88324,47.21794],[8.86946,47.22104],[8.85301,47.22558],[8.84359,47.2273],[8.83611,47.2313],[8.82859,47.23384],[8.81851,47.23782],[8.81282,47.24157],[8.80727,47.24247],[8.80032,47.24514],[8.7963,47.24609],[8.7963,47.24609]]}},{"type":"Feature","properties":{"n":"Noviomagus-Brocomagus"},"geometry":{"type":"LineString","coordinates":[[8.03004,49.09404],[8.03715,49.09172],[8.04693,49.09151],[8.05321,49.10047],[8.05899,49.10418],[8.07309,49.10489],[8.08248,49.11053],[8.09008,49.12348],[8.10786,49.13625],[8.1322,49.14004],[8.14861,49.16024],[8.17146,49.17366],[8.1695,49.19555],[8.18083,49.20007],[8.19634,49.2025],[8.21286,49.20259],[8.22279,49.21232],[8.24324,49.22614],[8.24952,49.23534],[8.26066,49.23928],[8.27904,49.2431],[8.28281,49.25852],[8.29549,49.25897],[8.3152,49.25154],[8.3476,49.26055],[8.37497,49.26548],[8.39391,49.28277],[8.39976,49.28793],[8.41368,49.30309],[8.41773,49.30578],[8.42554,49.3103],[8.43188,49.31753],[8.43242,49.3176]]}},{"type":"Feature","properties":{"n":"Borbetomagus-Noviomagus"},"geometry":{"type":"LineString","coordinates":[[8.43242,49.3176],[8.43266,49.32068],[8.43239,49.32274],[8.43312,49.32477],[8.43497,49.3293],[8.43636,49.3335],[8.43647,49.33822],[8.43191,49.34015],[8.43094,49.34233],[8.43248,49.34735],[8.43403,49.35223],[8.43543,49.36035],[8.43516,49.36575],[8.43367,49.37132],[8.43085,49.3755],[8.43055,49.37906],[8.42713,49.38516],[8.4236,49.38839],[8.42084,49.39264],[8.4105,49.40265],[8.40551,49.40901],[8.39303,49.42288],[8.38733,49.43072],[8.38334,49.43624],[8.37756,49.44138],[8.36765,49.4495],[8.36138,49.45733],[8.36081,49.46665],[8.35831,49.48421],[8.35581,49.50125],[8.35589,49.50921],[8.36437,49.51787],[8.36672,49.52912],[8.36544,49.53916],[8.35589,49.54642],[8.35289,49.5541],[8.35296,49.564],[8.35417,49.57584],[8.35717,49.59576],[8.35917,49.61309],[8.35888,49.61951],[8.36084,49.6251],[8.36222,49.63115]]}},{"type":"Feature","properties":{"n":"Argentorate-Waldmossingen"},"geometry":{"type":"LineString","coordinates":[[7.93184,48.44768],[7.93184,48.44756],[7.94958,48.44572],[7.95938,48.44079],[7.96265,48.43094],[7.97335,48.42404],[7.98555,48.41735],[8.00454,48.40274],[8.01702,48.39485],[8.0292,48.38104],[8.02445,48.37058],[8.02385,48.36189],[8.01761,48.35558],[8.02177,48.33563],[8.03117,48.32662],[8.04643,48.31133],[8.05832,48.30699],[8.06396,48.30165],[8.06515,48.29256],[8.07712,48.28307],[8.09011,48.27832],[8.10971,48.27714],[8.11833,48.27911],[8.13972,48.28228],[8.15547,48.28584],[8.16438,48.28841],[8.18518,48.2894],[8.19023,48.28663],[8.19785,48.28144],[8.21073,48.28327],[8.2131,48.28584],[8.23063,48.29453],[8.24668,48.29849],[8.255,48.29928],[8.26107,48.29412],[8.27312,48.29098],[8.27966,48.28781],[8.29332,48.28841],[8.30758,48.29276],[8.34383,48.28248],[8.35155,48.28248],[8.37027,48.28544],[8.38728,48.28227],[8.39427,48.28568],[8.4291,48.27991],[8.4386,48.27516],[8.48555,48.26844],[8.48555,48.26844]]}},{"type":"Feature","properties":{"n":"Portus-Arae Flaviae"},"geometry":{"type":"LineString","coordinates":[[8.64328,48.15329],[8.6492,48.15746],[8.65569,48.16191],[8.65501,48.16576],[8.65473,48.16933],[8.6543,48.17576],[8.658,48.18161],[8.66178,48.18442],[8.66701,48.18991],[8.66606,48.19458],[8.66402,48.19918],[8.66684,48.20695],[8.67578,48.20711],[8.68031,48.2111],[8.68942,48.21071],[8.69306,48.21857],[8.70356,48.22238],[8.70941,48.22116],[8.71852,48.22168],[8.71713,48.22378],[8.71686,48.22594],[8.72997,48.23058],[8.74105,48.23537],[8.74687,48.23755],[8.75112,48.23745],[8.75478,48.24263],[8.76167,48.24255],[8.76241,48.2426],[8.76635,48.25309],[8.77389,48.25971],[8.77659,48.264],[8.78615,48.2717],[8.79447,48.27781],[8.79996,48.28312],[8.80191,48.28417],[8.80662,48.28787],[8.80926,48.28896],[8.80993,48.2896]]}},{"type":"Feature","properties":{"n":"Portus-Arae Flaviae"},"geometry":{"type":"LineString","coordinates":[[8.80993,48.2896],[8.80851,48.29513],[8.81033,48.30132],[8.81717,48.30639],[8.82278,48.30761],[8.83672,48.31328],[8.84269,48.31561],[8.84892,48.31731],[8.85237,48.31667],[8.85778,48.31538],[8.85885,48.31576],[8.86013,48.31692],[8.86275,48.31836],[8.86852,48.31585],[8.88309,48.31371],[8.88771,48.31316],[8.90227,48.31827],[8.9267,48.33065],[8.95287,48.33704],[8.97633,48.35472],[9.00659,48.39681],[9.06012,48.45236],[9.04634,48.51427],[8.96672,48.54449],[8.90088,48.58035],[8.84788,48.61902],[8.78528,48.67377],[8.76017,48.70881],[8.73165,48.77496],[8.69315,48.83789],[8.68269,48.86791],[8.69944,48.88528]]}},{"type":"Feature","properties":{"n":"Brigobannis-Futzen"},"geometry":{"type":"LineString","coordinates":[[8.49385,47.95155],[8.4983,47.94869],[8.49973,47.94587],[8.50005,47.93752],[8.49766,47.92954],[8.49427,47.92545],[8.4983,47.92165],[8.50284,47.9198],[8.50315,47.9158],[8.508,47.90674],[8.50993,47.89893],[8.52048,47.89047],[8.53281,47.87913],[8.53424,47.87638],[8.53274,47.87236],[8.5383,47.86976],[8.54141,47.8671],[8.5408,47.86464],[8.54244,47.86031],[8.54725,47.8566],[8.55185,47.8517],[8.55499,47.84371],[8.55727,47.83538],[8.56419,47.83222],[8.56212,47.82497],[8.56704,47.82212],[8.57396,47.82145],[8.57945,47.81511],[8.57741,47.80993],[8.56572,47.80641],[8.56287,47.80297],[8.56183,47.80105],[8.56062,47.79976]]}},{"type":"Feature","properties":{"n":"Vicus Alisinensium"},"geometry":{"type":"LineString","coordinates":[[9.50035,49.19727],[9.49537,49.19266],[9.49162,49.18798],[9.48578,49.18399],[9.48395,49.18051],[9.47897,49.17561],[9.47182,49.17162],[9.46999,49.16876],[9.46083,49.16625],[9.4535,49.16848],[9.4487,49.16528],[9.44373,49.16597],[9.43928,49.1646],[9.43632,49.16158],[9.43387,49.15804],[9.43134,49.15427],[9.42567,49.14874],[9.42262,49.14674],[9.41747,49.14486],[9.40421,49.14229],[9.40326,49.13921],[9.40168,49.13715],[9.39488,49.13721],[9.38808,49.13647],[9.38441,49.13544],[9.38223,49.13282],[9.37543,49.13521],[9.37316,49.13653],[9.36923,49.13767],[9.36356,49.13778],[9.35981,49.13841],[9.35562,49.13647],[9.35039,49.13618],[9.34533,49.13493],[9.33905,49.13379],[9.33565,49.13367],[9.33608,49.13527],[9.33419,49.13732],[9.33041,49.13653],[9.32623,49.13744],[9.32448,49.14229],[9.32099,49.146],[9.31977,49.14908],[9.30442,49.14714],[9.30128,49.14726],[9.29081,49.14748],[9.2827,49.14931],[9.28191,49.15125],[9.27729,49.15251],[9.26822,49.15673],[9.26377,49.15838],[9.26028,49.1565],[9.25583,49.15593],[9.25172,49.15353],[9.20091,49.15324],[9.20091,49.15324]]}},{"type":"Feature","properties":{"n":"Vicus Alisinensium-Jagsthausen"},"geometry":{"type":"LineString","coordinates":[[9.46936,49.31074],[9.46711,49.30876],[9.45843,49.30473],[9.45,49.30922],[9.44394,49.31333],[9.43538,49.31155],[9.43205,49.31124],[9.42314,49.31829],[9.41743,49.3155],[9.42195,49.31139],[9.42029,49.30589],[9.41399,49.30364],[9.41114,49.3],[9.40484,49.29861],[9.39818,49.29837],[9.38071,49.29799],[9.36776,49.29427],[9.35873,49.28644],[9.34732,49.27768],[9.34435,49.27613],[9.32854,49.27791],[9.3207,49.27698],[9.30775,49.27861],[9.29325,49.27667],[9.27292,49.27349],[9.25831,49.2676],[9.24155,49.26643],[9.23692,49.27318],[9.22503,49.27589],[9.21826,49.26915],[9.22147,49.2669],[9.2223,49.25976],[9.21612,49.25209],[9.21137,49.24619],[9.20186,49.24409],[9.19295,49.23835],[9.19675,49.23346],[9.18485,49.22884],[9.18485,49.22884]]}},{"type":"Feature","properties":{"n":"Vicus Alisinensium-Stuttgart"},"geometry":{"type":"LineString","coordinates":[[9.18485,49.22884],[9.19402,49.22501],[9.19651,49.2188],[9.19663,49.21841],[9.20388,49.2056],[9.20519,49.20288],[9.20637,49.19845],[9.2021,49.18681],[9.20079,49.18191],[9.20305,49.17243],[9.20507,49.16474],[9.20091,49.15324]]}},{"type":"Feature","properties":{"n":"Vicus Alisinensium-Stuttgart"},"geometry":{"type":"LineString","coordinates":[[9.16599,48.83168],[9.17341,48.82254],[9.18054,48.81196],[9.19014,48.80707],[9.19958,48.80708],[9.21096,48.8097]]}},{"type":"Feature","properties":{"n":"Vicus Alisinensium-Stuttgart"},"geometry":{"type":"LineString","coordinates":[[9.20091,49.15324],[9.19936,49.138],[9.19615,49.12673],[9.18558,49.12152],[9.18284,49.11319],[9.18641,49.10285],[9.18344,49.09094],[9.17809,49.0795],[9.18308,49.07039],[9.1838,49.05988],[9.1775,49.05139],[9.18795,49.04314],[9.19461,49.03347],[9.19803,49.01976],[9.21543,49.00324],[9.21277,48.99987],[9.20973,48.9867],[9.21381,48.97398],[9.20459,48.96574],[9.20583,48.95999],[9.20336,48.95207],[9.20393,48.94208],[9.20497,48.93708],[9.20212,48.92196],[9.2025,48.91047],[9.19993,48.90609],[9.1968,48.90253],[9.19195,48.8996],[9.19299,48.89628],[9.19432,48.88384],[9.19613,48.87159],[9.19594,48.86183],[9.19423,48.85495],[9.18139,48.84826],[9.16787,48.83678],[9.16599,48.83168],[9.16599,48.83168]]}},{"type":"Feature","properties":{"n":"Lorch-Stuttgart"},"geometry":{"type":"LineString","coordinates":[[9.21096,48.8097],[9.21695,48.80332],[9.2353,48.79392],[9.25032,48.78008],[9.27228,48.75727],[9.27903,48.74354],[9.29499,48.74228],[9.30679,48.74361],[9.324,48.73671],[9.33389,48.73113],[9.34806,48.72636],[9.36612,48.72737],[9.3797,48.7239],[9.38846,48.71984],[9.39911,48.71928],[9.40738,48.71714],[9.41489,48.71018],[9.42782,48.70485],[9.43999,48.70409],[9.45206,48.70729],[9.47127,48.70811],[9.48049,48.70911],[9.48734,48.71074],[9.49646,48.71369],[9.5092,48.71376],[9.5362,48.71815],[9.56406,48.71614],[9.5786,48.70824],[9.58507,48.70667],[9.60665,48.70648],[9.62681,48.71269],[9.64895,48.70939],[9.64895,48.70939]]}},{"type":"Feature","properties":{"n":"Lorch-Stuttgart"},"geometry":{"type":"LineString","coordinates":[[9.64895,48.70939],[9.64725,48.71344],[9.64867,48.71583],[9.64981,48.71833],[9.65343,48.72078],[9.66037,48.72204],[9.66189,48.72461],[9.67035,48.72523],[9.677,48.72818],[9.681,48.73013],[9.68432,48.73157],[9.68813,48.73263],[9.69279,48.73364],[9.6925,48.73909],[9.68984,48.73959],[9.68566,48.7384],[9.68309,48.73922],[9.68147,48.74091],[9.68185,48.74223],[9.68119,48.74448],[9.681,48.74561],[9.67938,48.74655],[9.67843,48.74994],[9.68471,48.75194],[9.68908,48.75169],[9.69012,48.75257],[9.68879,48.75364],[9.68604,48.75389],[9.68451,48.75483],[9.68442,48.75583],[9.68499,48.75921],[9.6887,48.76172],[9.6906,48.76517],[9.68946,48.76661],[9.68794,48.76924],[9.6887,48.77225],[9.68708,48.77983],[9.68708,48.78422],[9.6809,48.78465],[9.68024,48.78553],[9.67986,48.7881],[9.6828,48.78966],[9.68328,48.79198],[9.68142,48.79837],[9.68142,48.79837]]}},{"type":"Feature","properties":{"n":"Goppingen"},"geometry":{"type":"LineString","coordinates":[[9.64895,48.70939],[9.6585,48.70565],[9.66503,48.70378],[9.66949,48.70184],[9.67596,48.70127],[9.68252,48.69995],[9.69117,48.69995],[9.70107,48.70059]]}},{"type":"Feature","properties":{"n":"Aquae-Stuttgart"},"geometry":{"type":"LineString","coordinates":[[8.69944,48.88528],[8.71124,48.88892]]}},{"type":"Feature","properties":{"n":"Aquae-Stuttgart"},"geometry":{"type":"LineString","coordinates":[[9.2127,48.80031],[9.21141,48.80167],[9.21141,48.80496],[9.20863,48.8066],[9.20906,48.80754],[9.21096,48.8097]]}},{"type":"Feature","properties":{"n":"Aquae-Stuttgart"},"geometry":{"type":"LineString","coordinates":[[8.71124,48.88892],[8.73893,48.8793],[8.75206,48.87488],[8.75122,48.86259],[8.77058,48.84859],[8.79372,48.83108],[8.8038,48.82415],[8.81256,48.82318],[8.82177,48.82157],[8.83666,48.81806],[8.84751,48.81443],[8.85476,48.81336],[8.86175,48.80909],[8.87163,48.80604],[8.89762,48.79807],[8.91499,48.78837],[8.93814,48.77672],[8.96502,48.77742],[8.98998,48.76304],[8.99654,48.76356],[9.02235,48.7535],[9.03818,48.76069],[9.04189,48.76868],[9.06335,48.75975],[9.07647,48.75557],[9.09658,48.75557],[9.11633,48.75816],[9.13337,48.75867],[9.14813,48.76488],[9.15527,48.76625],[9.16055,48.7685],[9.17811,48.77132],[9.19316,48.79049],[9.2127,48.80031]]}},{"type":"Feature","properties":{"n":"Stuttgart-Welzheim"},"geometry":{"type":"LineString","coordinates":[[9.21096,48.8097],[9.2256,48.81766],[9.23749,48.81615],[9.26021,48.81722],[9.30071,48.82654],[9.31082,48.82444],[9.314,48.82665],[9.31476,48.83015],[9.31436,48.83245],[9.31678,48.83422],[9.32048,48.83349],[9.32394,48.831],[9.32929,48.82826],[9.33406,48.82509],[9.34083,48.82267],[9.34672,48.82072],[9.35146,48.8197],[9.35298,48.81767],[9.36047,48.8189],[9.36699,48.81818],[9.37568,48.81751],[9.38122,48.81811],[9.38928,48.81712],[9.39882,48.81787],[9.4031,48.81691],[9.40987,48.81749],[9.41615,48.81712],[9.42343,48.81529],[9.42839,48.81465],[9.43543,48.81237],[9.44228,48.81067],[9.44459,48.8101],[9.45041,48.80954],[9.45989,48.80895],[9.4723,48.8082],[9.48325,48.80671],[9.50602,48.80886],[9.51981,48.81877],[9.53286,48.82241],[9.5448,48.82072],[9.5448,48.82072]]}},{"type":"Feature","properties":{"n":"Stuttgart-Welzheim"},"geometry":{"type":"LineString","coordinates":[[9.5448,48.82072],[9.54313,48.82591],[9.5422,48.82781],[9.54338,48.83145],[9.54341,48.833],[9.54281,48.83452],[9.54316,48.83602],[9.54544,48.83708],[9.54794,48.83818],[9.54851,48.83964],[9.54783,48.84086],[9.54751,48.84161],[9.5489,48.84231],[9.55101,48.84264],[9.55236,48.84269],[9.55393,48.84403],[9.55507,48.84846],[9.56519,48.8521],[9.57279,48.85515],[9.57789,48.85611],[9.58559,48.85803],[9.58855,48.85791],[9.59001,48.85686],[9.59094,48.85604],[9.59222,48.8558],[9.59354,48.85604],[9.59525,48.85695],[9.59653,48.85768],[9.60356,48.85859],[9.61204,48.85857],[9.61475,48.85843],[9.61939,48.85683],[9.62149,48.85637],[9.62505,48.85712],[9.62577,48.85756],[9.62605,48.85871],[9.62751,48.85993],[9.62937,48.8607],[9.62987,48.86171],[9.62901,48.86326],[9.63012,48.86429],[9.63108,48.86774],[9.63147,48.87006],[9.63254,48.87149],[9.63265,48.87271],[9.63379,48.87386],[9.63489,48.87435],[9.63489,48.87435]]}},{"type":"Feature","properties":{"n":"Ad Rhenum-Ad Fines"},"geometry":{"type":"LineString","coordinates":[[9.72934,47.47333],[9.69768,47.44646],[9.6267,47.45471],[9.61355,47.45808],[9.59772,47.4614],[9.58877,47.4691],[9.57752,47.47658],[9.55925,47.48383],[9.53951,47.48184],[9.51533,47.47879],[9.49586,47.47781],[9.47771,47.48371],[9.45593,47.49742],[9.43839,47.50324],[9.43633,47.51464],[9.42672,47.5184],[9.38496,47.52582],[9.34339,47.53403],[9.30241,47.5447],[9.26181,47.54582],[9.23727,47.54744],[9.20266,47.54714],[9.15457,47.54981],[9.11935,47.5621],[9.07891,47.56973],[9.06014,47.58346],[9.01627,47.58796],[9.00539,47.59173],[8.99416,47.58998],[8.98413,47.59277],[8.9668,47.59497],[8.95406,47.59578]]}},{"type":"Feature","properties":{"n":"Tuttingen-Brigobannis"},"geometry":{"type":"LineString","coordinates":[[8.49385,47.95155],[8.4983,47.95093],[8.50169,47.95177],[8.50642,47.95228],[8.5173,47.95659],[8.52751,47.95407],[8.54315,47.94767],[8.5512,47.94196],[8.5537,47.93756],[8.55633,47.93196],[8.578,47.92698],[8.59974,47.92092],[8.61666,47.91542],[8.63265,47.91672],[8.65795,47.92131],[8.67551,47.92439],[8.68469,47.92732],[8.69448,47.92957],[8.7068,47.93432],[8.72707,47.93655],[8.73632,47.93905],[8.74878,47.93682],[8.7534,47.93251],[8.76069,47.93416],[8.76042,47.94038],[8.75614,47.95168],[8.76408,47.95471],[8.77254,47.95418],[8.77681,47.95758],[8.78525,47.96494],[8.79556,47.97311],[8.80165,47.98097],[8.81015,47.98058],[8.81627,47.98176],[8.81929,47.9831]]}},{"type":"Feature","properties":{"n":"Laiz-Tuttingen"},"geometry":{"type":"LineString","coordinates":[[8.81929,47.9831],[8.82184,47.98263],[8.82396,47.98235],[8.82611,47.98272],[8.82849,47.98345],[8.8314,47.98211],[8.83267,47.98102],[8.83319,47.98076],[8.84323,47.9812],[8.84831,47.98086],[8.84995,47.98114],[8.85085,47.98167],[8.85128,47.98175],[8.85185,47.98173],[8.85251,47.98085],[8.85277,47.98022],[8.85323,47.97971],[8.85369,47.97959],[8.85926,47.98001],[8.86001,47.98069],[8.86182,47.9813],[8.86635,47.98272],[8.87051,47.98342],[8.87368,47.98366],[8.87633,47.98316],[8.87886,47.98108],[8.87902,47.98003],[8.87906,47.97909],[8.88048,47.97815],[8.88232,47.97758],[8.88507,47.97544],[8.88593,47.97458],[8.88656,47.97265],[8.88768,47.97156],[8.88901,47.97089],[8.88995,47.96902],[8.8914,47.96847],[8.89266,47.96861],[8.89404,47.96918],[8.90393,47.97142],[8.90458,47.97146],[8.90756,47.97114],[8.91115,47.97115],[8.91392,47.97132],[8.9164,47.97197],[8.91948,47.97243],[8.92368,47.97262],[8.92582,47.97319],[8.92762,47.97342],[8.92934,47.97342],[8.93081,47.9732],[8.93654,47.97584],[8.93916,47.97725],[8.94096,47.97773],[8.94249,47.97779],[8.94507,47.97733],[8.94837,47.97663],[8.95102,47.97638],[8.95102,47.97638]]}},{"type":"Feature","properties":{"n":"Laiz-Tuttingen"},"geometry":{"type":"LineString","coordinates":[[8.95102,47.97638],[8.95544,47.97821],[8.96029,47.98104],[8.96241,47.98165],[8.96653,47.98221],[8.96744,47.98479],[8.9707,47.98561],[8.97118,47.9884],[8.9732,47.99339],[8.97486,47.99672],[8.9795,47.99876],[8.98429,48.00124],[8.98461,48.00443],[8.98844,48.00757],[8.98667,48.01132],[8.9863,48.01488],[8.9875,48.01861],[8.99172,48.02313],[9.001,48.02683],[9.00389,48.03064],[9.01508,48.03634],[9.02727,48.03966],[9.04599,48.04221],[9.0522,48.04255],[9.05345,48.0459],[9.05434,48.05102],[9.05697,48.0548],[9.06701,48.05369],[9.07727,48.0546],[9.08842,48.05292],[9.10003,48.04685],[9.10522,48.05072],[9.11346,48.05333],[9.11968,48.05692],[9.12169,48.05882],[9.12796,48.05958],[9.13372,48.05938],[9.13829,48.05771],[9.13932,48.05644],[9.14129,48.05749],[9.14229,48.0582]]}},{"type":"Feature","properties":{"n":"Noviomagus-Vicus Alisinensium"},"geometry":{"type":"LineString","coordinates":[[9.18485,49.22884],[9.18078,49.23137],[9.17141,49.23025],[9.16057,49.22702],[9.15791,49.2295],[9.14726,49.22888],[9.13281,49.22739],[9.11285,49.23273],[9.1045,49.23183],[9.07882,49.23403],[9.07482,49.24204],[9.06379,49.2475],[9.05637,49.24266],[9.047,49.24209],[9.02082,49.2444],[9.00503,49.24539],[8.9897,49.24038],[8.98494,49.2338],[8.97658,49.22884],[8.96365,49.22635],[8.95889,49.22337],[8.94292,49.22586],[8.92619,49.2266],[8.91117,49.22784],[8.89444,49.23864],[8.87428,49.24423],[8.86002,49.24733],[8.83321,49.25701],[8.80564,49.26173],[8.79632,49.2657],[8.77598,49.26967],[8.75658,49.276],[8.73985,49.2755],[8.72483,49.28009],[8.70733,49.27935],[8.69764,49.27587],[8.69364,49.27587],[8.67537,49.27197],[8.6712,49.27233],[8.6712,49.27233]]}},{"type":"Feature","properties":{"n":"Noviomagus-Vicus Alisinensium"},"geometry":{"type":"LineString","coordinates":[[8.62025,49.2806],[8.59765,49.2957],[8.57055,49.31957],[8.57005,49.31974],[8.56781,49.32177],[8.56626,49.32358],[8.56295,49.32252],[8.55953,49.32164],[8.55797,49.32126],[8.55689,49.32126],[8.55545,49.32092],[8.55017,49.31823],[8.54832,49.31768],[8.54651,49.31745],[8.54558,49.31741],[8.54538,49.31781],[8.54416,49.31734],[8.54398,49.31706],[8.54347,49.31692],[8.54371,49.3164],[8.54079,49.31536],[8.53941,49.31517],[8.53831,49.31527],[8.53751,49.31464],[8.5371,49.31387],[8.53491,49.31402],[8.53329,49.31397],[8.53254,49.31434],[8.5279,49.31465],[8.5244,49.31577],[8.51317,49.31752],[8.50491,49.31883],[8.50295,49.31988],[8.50015,49.3198],[8.49605,49.3229],[8.49593,49.32441],[8.49279,49.32805],[8.48215,49.32635],[8.47427,49.32496],[8.47087,49.32418],[8.46746,49.32297],[8.45432,49.31733],[8.44676,49.3139],[8.44596,49.31502],[8.44525,49.31495],[8.4422,49.31537],[8.44157,49.31583],[8.44135,49.31736],[8.437,49.3174],[8.43242,49.3176],[8.43242,49.3176]]}},{"type":"Feature","properties":{"n":"Noviomagus-Vicus Alisinensium"},"geometry":{"type":"LineString","coordinates":[[8.6712,49.27233],[8.62688,49.27616],[8.62025,49.2806]]}},{"type":"Feature","properties":{"n":"Vindonessa-Ad Fines"},"geometry":{"type":"LineString","coordinates":[[8.95406,47.59578],[8.94824,47.58326],[8.90988,47.56425],[8.89883,47.55593],[8.88421,47.55256],[8.85148,47.549],[8.81811,47.53971],[8.77312,47.52984],[8.75707,47.506],[8.72456,47.49844],[8.70367,47.47878],[8.69689,47.46929],[8.67094,47.46548],[8.65204,47.45222],[8.63358,47.44523],[8.59906,47.44952],[8.5709,47.44359],[8.54566,47.44388],[8.515,47.46405],[8.49874,47.46015],[8.46808,47.46005],[8.45795,47.46603],[8.44163,47.46034],[8.42608,47.46039],[8.40241,47.47027],[8.38972,47.45976],[8.34166,47.4493],[8.32048,47.45479],[8.30636,47.47258],[8.28276,47.48299],[8.26506,47.48705],[8.24804,47.49229],[8.23556,47.49494],[8.23099,47.49893]]}},{"type":"Feature","properties":{"n":"Mogontiacum-Lopodunum"},"geometry":{"type":"LineString","coordinates":[[8.28456,50.0069],[8.30761,50.00037],[8.35325,49.99038],[8.45222,49.9369],[8.48416,49.91275],[8.50086,49.90899],[8.50086,49.90161],[8.50146,49.89182],[8.51863,49.87687],[8.52495,49.85989],[8.5495,49.82269],[8.54935,49.80598],[8.53399,49.79081],[8.48941,49.75852],[8.49203,49.73311],[8.48961,49.72431],[8.4921,49.7156],[8.5075,49.70965],[8.52112,49.69554],[8.54936,49.67169],[8.55763,49.66037],[8.55858,49.65511],[8.562,49.64526],[8.57108,49.63116],[8.57432,49.6234],[8.58416,49.6055],[8.58524,49.59182],[8.58781,49.57137],[8.5865,49.55361],[8.59563,49.53829],[8.60333,49.5047],[8.60053,49.48184],[8.60633,49.47571],[8.6069,49.47246]]}},{"type":"Feature","properties":{"n":"Sinzhelm-Heidelberg"},"geometry":{"type":"LineString","coordinates":[[8.68514,49.39857],[8.66681,49.39333],[8.64602,49.37608],[8.63888,49.3719],[8.63175,49.36981],[8.6308,49.34016],[8.62843,49.30802],[8.62025,49.2806]]}},{"type":"Feature","properties":{"n":"Sinzhelm-Heidelberg"},"geometry":{"type":"LineString","coordinates":[[8.62025,49.2806],[8.61143,49.26802],[8.603,49.25778],[8.6005,49.25328],[8.60002,49.24933],[8.59272,49.24074],[8.58767,49.23027],[8.52082,49.21397],[8.50745,49.20135],[8.50715,49.19145],[8.50151,49.18446],[8.50745,49.17339],[8.50715,49.15882],[8.50715,49.15202],[8.48131,49.13977],[8.45279,49.14444],[8.43496,49.13997],[8.42724,49.11703],[8.41446,49.09622],[8.40317,49.06878],[8.37821,49.06158],[8.36306,49.04483],[8.35385,49.01503],[8.35029,49.00528],[8.33246,48.98638],[8.28908,48.95166],[8.28968,48.94015],[8.23174,48.86887],[8.20382,48.8546],[8.19995,48.84561],[8.13542,48.80855],[8.13542,48.80855]]}},{"type":"Feature","properties":{"n":"Stettfeld-Stuttgart"},"geometry":{"type":"LineString","coordinates":[[8.63002,49.16024],[8.64846,49.14774],[8.70293,49.12787],[8.74443,49.11415],[8.75313,49.09501],[8.77024,49.08249],[8.77923,49.08184],[8.80062,49.06306],[8.83613,49.05512],[8.8501,49.05101],[8.84968,49.03876],[8.85358,49.02949],[8.85495,49.01623],[8.8628,49.00257],[8.8665,48.99396],[8.86208,48.97506],[8.86593,48.96017],[8.89346,48.95099],[8.92697,48.9494],[8.94554,48.94187],[8.94765,48.93226],[8.9572,48.9197],[8.97332,48.92195],[8.98701,48.9182],[9.00726,48.91408],[9.02223,48.89946],[9.03635,48.88774],[9.05931,48.88324],[9.07913,48.87949],[9.10266,48.86223],[9.16599,48.83168],[9.16599,48.83168]]}},{"type":"Feature","properties":{"n":"Arae Flaviae-Waldmossingen"},"geometry":{"type":"LineString","coordinates":[[8.48555,48.26844],[8.48614,48.26171],[8.48911,48.2534],[8.49238,48.24074],[8.49594,48.23223],[8.49951,48.22491],[8.50397,48.22036],[8.52952,48.21363],[8.53932,48.20769],[8.55137,48.20164],[8.55418,48.19026],[8.55875,48.18159],[8.56659,48.17778],[8.58799,48.17651],[8.59987,48.17635],[8.60724,48.17065],[8.60843,48.16272],[8.6032,48.15464],[8.60985,48.1502],[8.61936,48.14861],[8.62839,48.14798],[8.64328,48.15329]]}},{"type":"Feature","properties":{"n":"Arae Flaviae-Waldmossingen"},"geometry":{"type":"LineString","coordinates":[[8.48555,48.26844],[8.49178,48.25558],[8.50968,48.25693],[8.5209,48.25716],[8.53611,48.26022],[8.54407,48.26231],[8.55833,48.26626],[8.56339,48.26685],[8.58775,48.26092],[8.58953,48.26092],[8.58983,48.26072],[8.60367,48.26235],[8.6089,48.2595],[8.61556,48.26329],[8.62601,48.26298],[8.63243,48.25902],[8.63814,48.24779],[8.64693,48.24573],[8.65026,48.23481],[8.64883,48.22467],[8.64883,48.20282],[8.63956,48.19442],[8.63718,48.18555],[8.63172,48.1735],[8.63196,48.17001],[8.62793,48.16668],[8.63457,48.1613],[8.63932,48.15876],[8.64328,48.15329]]}},{"type":"Feature","properties":{"n":"Loch-Haubersbronn"},"geometry":{"type":"LineString","coordinates":[[9.5448,48.82072],[9.54636,48.81905],[9.54918,48.81803],[9.55512,48.81561],[9.55988,48.81449],[9.5619,48.81336],[9.56832,48.81128],[9.5693,48.81003],[9.57233,48.80939],[9.57714,48.81013],[9.57928,48.80927],[9.58109,48.80925],[9.58234,48.80862],[9.58415,48.80743],[9.58751,48.80596],[9.59621,48.79806],[9.59817,48.79649],[9.59987,48.79534],[9.60141,48.79485],[9.60355,48.79424],[9.60409,48.79256],[9.60474,48.79148],[9.60563,48.79046],[9.60655,48.78978],[9.60828,48.78876],[9.61024,48.78862],[9.61143,48.7886],[9.61514,48.78792],[9.62058,48.78778],[9.62248,48.7879],[9.62655,48.78747],[9.6316,48.78776],[9.63608,48.7889],[9.64687,48.79176],[9.65207,48.79334],[9.65774,48.79473],[9.66048,48.79567],[9.66306,48.79698],[9.6647,48.79772],[9.66623,48.79763],[9.6688,48.79688],[9.67292,48.79698],[9.67584,48.79718],[9.67893,48.79792],[9.68142,48.79837],[9.68142,48.79837]]}},{"type":"Feature","properties":{"n":"Loch-Haubersbronn"},"geometry":{"type":"LineString","coordinates":[[9.68142,48.79837],[9.68392,48.79825],[9.68671,48.79886],[9.68858,48.79853],[9.68968,48.79814],[9.69292,48.79851],[9.70198,48.79741],[9.70204,48.79737]]}},{"type":"Feature","properties":{"n":"Lopodunum-Heidelberg"},"geometry":{"type":"LineString","coordinates":[[8.6069,49.47246],[8.61098,49.4699],[8.616,49.46531],[8.62477,49.45814],[8.62722,49.45606],[8.63035,49.45357],[8.64362,49.44233],[8.64499,49.44111],[8.64889,49.43782],[8.65514,49.43988],[8.65621,49.43871],[8.66361,49.43495],[8.66843,49.433],[8.6705,49.43257],[8.68245,49.42946],[8.6834,49.42807],[8.68305,49.42711],[8.68333,49.42634],[8.68768,49.42447],[8.69051,49.41881],[8.69137,49.41768],[8.69189,49.41721],[8.69222,49.41384],[8.69267,49.41152],[8.69217,49.41105],[8.69288,49.40957],[8.69242,49.40894],[8.69274,49.40639],[8.69017,49.40352],[8.68514,49.39857]]}},{"type":"Feature","properties":{"n":"Ad Fines"},"geometry":{"type":"LineString","coordinates":[[8.95406,47.59578],[8.93787,47.59494],[8.92788,47.59279],[8.91148,47.59111],[8.8995,47.58822],[8.89264,47.58478],[8.88366,47.58386],[8.87757,47.58345],[8.87189,47.58399],[8.86711,47.58271],[8.85893,47.58234],[8.84969,47.58374],[8.83505,47.5812],[8.83091,47.58025],[8.8211,47.58338],[8.81311,47.58623],[8.80926,47.58733],[8.80458,47.58738],[8.79877,47.57907],[8.7948,47.57625],[8.78788,47.57557],[8.78371,47.57347],[8.78075,47.57325],[8.77123,47.57317],[8.75964,47.57036],[8.7548,47.57066],[8.74519,47.56889],[8.74177,47.5685],[8.73671,47.5659],[8.73272,47.56455],[8.72928,47.56286],[8.72252,47.56166],[8.72211,47.56108]]}},{"type":"Feature","properties":{"n":"Laiz-Emerkigen"},"geometry":{"type":"LineString","coordinates":[[9.59946,48.18732],[9.58805,48.18346],[9.58106,48.1815],[9.57743,48.18007],[9.57271,48.18057],[9.56699,48.18063],[9.56557,48.1834],[9.55789,48.18346],[9.55153,48.18233],[9.5435,48.17929],[9.53945,48.17587],[9.53808,48.174],[9.52833,48.16871],[9.52535,48.16677],[9.52277,48.16662],[9.51763,48.16482],[9.50924,48.1606],[9.50487,48.15911],[9.49746,48.1567],[9.4911,48.15209],[9.48431,48.14769],[9.48324,48.14216],[9.47831,48.13954],[9.47344,48.13257],[9.46876,48.12436],[9.46305,48.11283],[9.45631,48.09955],[9.45581,48.09396],[9.4539,48.08758],[9.44886,48.07964],[9.44562,48.0714],[9.43849,48.06741],[9.42692,48.06869],[9.41845,48.06883],[9.4087,48.06665],[9.39152,48.06174],[9.37634,48.05882],[9.36167,48.05625],[9.34739,48.05477],[9.34248,48.05471]]}},{"type":"Feature","properties":{"n":"Laiz-Tuttingen"},"geometry":{"type":"LineString","coordinates":[[9.14229,48.0582],[9.14122,48.05474],[9.13994,48.05028],[9.13802,48.04601],[9.13277,48.04105],[9.12889,48.03962],[9.12375,48.03933],[9.11746,48.03665],[9.1137,48.03179],[9.10741,48.02483],[9.10687,48.0218],[9.10837,48.01941],[9.11115,48.01691],[9.11144,48.01445],[9.1124,48.01241],[9.11483,48.00973],[9.11472,48.00727],[9.11551,48.00513],[9.11412,48.00481],[9.11065,48.00431],[9.10448,48.00224],[9.09805,48.0002],[9.09391,47.99831],[9.08874,47.99728],[9.08435,47.99517],[9.08042,47.99139],[9.07328,47.98871],[9.06697,47.98686],[9.05608,47.98446],[9.04505,47.98354],[9.03931,47.98446],[9.03206,47.98575],[9.02788,47.98571],[9.02278,47.98736],[9.01789,47.98825],[9.00847,47.98818],[9.00422,47.98714],[8.99976,47.988],[8.99555,47.98743],[8.99134,47.98646],[8.9858,47.98623],[8.98132,47.98404],[8.97242,47.98114],[8.9551,47.97543],[8.9551,47.97543]]}},{"type":"Feature","properties":{"n":"Laiz-Tuttingen"},"geometry":{"type":"LineString","coordinates":[[8.9551,47.97543],[8.95316,47.97597],[8.95102,47.97638]]}},{"type":"Feature","properties":{"n":"Tuttingen-Dreifaltigkeitsberg"},"geometry":{"type":"LineString","coordinates":[[8.81929,47.9831],[8.8144,47.98592],[8.80538,47.98866],[8.79876,47.98923],[8.78893,47.99534],[8.78254,47.99871],[8.77991,47.99979],[8.78025,48.00156],[8.7798,48.00271],[8.77945,48.00408],[8.7798,48.00482],[8.77528,48.01036],[8.77466,48.01407],[8.77551,48.01567],[8.77249,48.01795],[8.77266,48.02212],[8.77466,48.02738],[8.7766,48.03046],[8.77679,48.03356],[8.77717,48.03584],[8.77664,48.03827],[8.77622,48.04012],[8.77669,48.04388],[8.77626,48.04774],[8.77588,48.05073],[8.77317,48.05407],[8.77112,48.05759],[8.76841,48.06035],[8.76774,48.06206],[8.76413,48.06439],[8.7617,48.06649],[8.75642,48.06834],[8.75642,48.06834]]}},{"type":"Feature","properties":{"n":"Heidelberg-Salzberg"},"geometry":{"type":"LineString","coordinates":[[9.42534,49.41184],[9.41123,49.40844],[9.39706,49.40386],[9.38912,49.40262],[9.38242,49.40847],[9.3713,49.40615],[9.35651,49.40652],[9.35005,49.40566],[9.33812,49.4098],[9.32081,49.4171],[9.30042,49.41973],[9.28164,49.41577],[9.26439,49.40832],[9.25022,49.4059],[9.24333,49.39706],[9.22469,49.38387],[9.21081,49.37546],[9.20121,49.37168],[9.18857,49.36927],[9.1726,49.36348],[9.15496,49.35676],[9.14374,49.35391],[9.1336,49.34641],[9.10716,49.33378],[9.08532,49.35203],[9.0659,49.35635],[9.0415,49.35223],[8.99527,49.35164],[8.9647,49.36302],[8.93533,49.36478],[8.87901,49.37234],[8.84648,49.35831],[8.80657,49.3589],[8.7882,49.36184],[8.77269,49.37136],[8.71546,49.40606],[8.69001,49.39904],[8.68514,49.39857]]}},{"type":"Feature","properties":{"n":"Ettlingen-Portus"},"geometry":{"type":"LineString","coordinates":[[8.71124,48.88892],[8.69451,48.89323],[8.67835,48.89119],[8.66647,48.88901],[8.65387,48.89619],[8.64555,48.89588],[8.62963,48.89401],[8.61228,48.89088],[8.58756,48.89854],[8.57634,48.90116],[8.56141,48.90323],[8.54787,48.89604],[8.54145,48.90073],[8.53717,48.90791],[8.52719,48.91104],[8.51269,48.91603],[8.45446,48.92587],[8.44234,48.93477],[8.42332,48.93649],[8.407,48.94369]]}},{"type":"Feature","properties":{"n":"Heidelberg-Aquae"},"geometry":{"type":"LineString","coordinates":[[8.68514,49.39857],[8.68582,49.39354],[8.68714,49.37978],[8.68732,49.37975],[8.68728,49.37966],[8.6881,49.36849],[8.6881,49.36854],[8.68931,49.35716],[8.68903,49.35024],[8.68874,49.34794],[8.68985,49.34636],[8.69177,49.34516],[8.69334,49.3433],[8.69441,49.33935],[8.69445,49.33933],[8.6948,49.33433],[8.69349,49.33068],[8.69334,49.32915],[8.69516,49.32627],[8.69541,49.32332],[8.69983,49.3112],[8.69755,49.30451],[8.70135,49.29372],[8.70211,49.28777],[8.68724,49.28388],[8.68465,49.28276],[8.67629,49.27672],[8.6712,49.27233]]}},{"type":"Feature","properties":{"n":"Heidelberg-Aquae"},"geometry":{"type":"LineString","coordinates":[[8.407,48.94369],[8.353,48.91983],[8.30736,48.90058],[8.30318,48.89296],[8.27504,48.88383],[8.2583,48.87645],[8.23853,48.85469],[8.21704,48.83004],[8.17939,48.80625],[8.16116,48.79264]]}},{"type":"Feature","properties":{"n":"Heidelberg-Aquae"},"geometry":{"type":"LineString","coordinates":[[8.63002,49.16024],[8.60741,49.14199],[8.59695,49.12644],[8.57851,49.112],[8.55132,49.08386],[8.53268,49.05721],[8.52877,49.04822],[8.51557,49.03253],[8.49332,49.01495],[8.484,49.00385],[8.46252,48.98314],[8.44693,48.97028],[8.41536,48.95006],[8.407,48.94369]]}},{"type":"Feature","properties":{"n":"Heidelberg-Aquae"},"geometry":{"type":"LineString","coordinates":[[8.6712,49.27233],[8.6681,49.26543],[8.66688,49.26117],[8.66826,49.25824],[8.66821,49.2558],[8.66522,49.2527],[8.66367,49.24855],[8.65764,49.24108],[8.65504,49.23494],[8.6552,49.2309],[8.65526,49.2284],[8.65542,49.22569],[8.65321,49.22276],[8.65338,49.22021],[8.6526,49.21866],[8.65293,49.21639],[8.64889,49.20781],[8.64277,49.19296],[8.64582,49.1819],[8.63233,49.16211],[8.63002,49.16024]]}},{"type":"Feature","properties":{"n":"Waldmossingen-Gomadingen"},"geometry":{"type":"LineString","coordinates":[[8.48555,48.26844],[8.50278,48.27101],[8.51496,48.27496],[8.52536,48.2807],[8.53547,48.28245],[8.54437,48.28485],[8.5518,48.29256],[8.55269,48.29315],[8.55328,48.29256],[8.56257,48.29063],[8.56684,48.29072],[8.57369,48.29718],[8.57383,48.3041],[8.57069,48.30818],[8.5697,48.31349],[8.57041,48.31835],[8.57511,48.31947],[8.58139,48.32022],[8.58695,48.32241],[8.58752,48.33189],[8.59037,48.34108],[8.59023,48.34942],[8.59679,48.35435],[8.61704,48.35975],[8.62745,48.36345],[8.63872,48.368],[8.639,48.36373],[8.65426,48.35587],[8.6554,48.35331],[8.65055,48.35151],[8.65826,48.34535],[8.67237,48.33938],[8.67465,48.33445],[8.67366,48.32724],[8.67936,48.32288],[8.69034,48.32146],[8.69647,48.32022],[8.71587,48.31785],[8.72642,48.31947],[8.73312,48.31349],[8.73983,48.30524],[8.75052,48.29338],[8.75551,48.2894],[8.77006,48.29329],[8.78236,48.29354],[8.80086,48.29348],[8.80757,48.29139],[8.80993,48.2896],[8.80993,48.2896]]}},{"type":"Feature","properties":{"n":"Waldmossingen-Gomadingen"},"geometry":{"type":"LineString","coordinates":[[8.80993,48.2896],[8.8117,48.28826],[8.82439,48.28721],[8.82995,48.28285],[8.84807,48.28484],[8.8512,48.28171],[8.86104,48.28465],[8.85833,48.27013],[8.8512,48.26491],[8.85548,48.25646],[8.86275,48.25105],[8.87488,48.24791],[8.88529,48.2424],[8.89427,48.23424],[8.90924,48.22597],[8.92322,48.21894],[8.93591,48.21523],[8.94575,48.21466],[8.95944,48.21657],[8.97313,48.21362],[8.98226,48.21048],[9.00764,48.21029],[9.02347,48.20868],[9.04287,48.21238],[9.05299,48.21647],[9.07025,48.22426],[9.07367,48.22949],[9.07681,48.23414],[9.08408,48.23661],[9.09207,48.23747],[9.0992,48.23661],[9.11089,48.23965],[9.14654,48.23566],[9.15524,48.23566],[9.1792,48.24335],[9.18443,48.24705],[9.18443,48.24705]]}},{"type":"Feature","properties":{"n":"Brigobannis-Arae Flaviae"},"geometry":{"type":"LineString","coordinates":[[8.49385,47.95155],[8.49218,47.96181],[8.49035,47.97196],[8.48579,47.97351],[8.48178,47.97749],[8.47712,47.98111],[8.47127,47.99051],[8.46614,47.99925],[8.4674,48.00259],[8.47117,48.00625],[8.47783,48.00923],[8.49749,48.01526],[8.50272,48.02793],[8.50565,48.03575],[8.50901,48.04741],[8.51751,48.0605],[8.53686,48.07066],[8.55804,48.07913],[8.57375,48.08622],[8.58647,48.09158],[8.59724,48.10091],[8.60302,48.10709],[8.60928,48.10938],[8.61101,48.11324],[8.62047,48.11864],[8.62489,48.12225],[8.63413,48.12695],[8.63597,48.13169],[8.64053,48.134],[8.64019,48.13788],[8.64287,48.14136],[8.64243,48.14814],[8.64328,48.15329]]}},{"type":"Feature","properties":{"n":"Vindonissa-Octodurus Forum Claudii Vallensium"},"geometry":{"type":"LineString","coordinates":[[8.21133,47.47986],[8.22994,47.47789],[8.25393,47.46104],[8.26749,47.44391],[8.27963,47.42678],[8.33102,47.37966],[8.3503,47.35896],[8.371,47.32327],[8.38599,47.29686],[8.40026,47.25545],[8.41954,47.1855],[8.42097,47.16408],[8.41383,47.14124],[8.39698,47.11697],[8.37842,47.10983],[8.36272,47.09841],[8.35058,47.09555],[8.33416,47.07771],[8.30918,47.06415],[8.29704,47.05772],[8.28848,47.04487],[8.28063,47.00847],[8.2742,46.9792],[8.26849,46.95778],[8.25064,46.93565],[8.24065,46.91709],[8.22566,46.90282],[8.1864,46.87426],[8.17997,46.8557],[8.17712,46.82144],[8.17783,46.81002],[8.17141,46.79289],[8.14999,46.77361],[8.14571,46.75862],[8.14348,46.74015],[8.14348,46.74015]]}},{"type":"Feature","properties":{"n":"Vindonissa-Kempraten"},"geometry":{"type":"LineString","coordinates":[[8.21133,47.47986],[8.23411,47.48667],[8.24404,47.4846],[8.28116,47.46389],[8.30472,47.45105],[8.39323,47.41178],[8.41037,47.4025],[8.44963,47.39465],[8.4896,47.38537],[8.51173,47.37752],[8.55028,47.37609],[8.56598,47.37038],[8.57955,47.35396],[8.59882,47.31542],[8.61452,47.30043],[8.63023,47.29186],[8.65664,47.27901],[8.67163,47.26973],[8.7266,47.25403],[8.763,47.2426],[8.7837,47.24189],[8.7963,47.24609]]}},{"type":"Feature","properties":{"n":"Tuttlingen-Ad Fines"},"geometry":{"type":"LineString","coordinates":[[8.9551,47.97543],[8.96679,47.95798],[8.95917,47.92752],[8.95465,47.88826],[8.94038,47.86899],[8.91254,47.84686],[8.88684,47.82973],[8.87756,47.81259],[8.86614,47.79189],[8.85472,47.77976],[8.83401,47.76477],[8.82331,47.75477],[8.81974,47.74407],[8.82545,47.72479],[8.83758,47.68268],[8.86542,47.66412],[8.86605,47.66236],[8.86684,47.6578],[8.86685,47.65626],[8.864,47.64627],[8.86542,47.63485],[8.88113,47.62557],[8.9004,47.61058],[8.9261,47.60273],[8.95189,47.59799],[8.95406,47.59578]]}},{"type":"Feature","properties":{"n":"Arae Flaviae-Dreifaltigkeitsberg"},"geometry":{"type":"LineString","coordinates":[[8.75642,48.06834],[8.75401,48.08805],[8.7195,48.11125],[8.68143,48.13861],[8.65704,48.15527],[8.64328,48.15329]]}},{"type":"Feature","properties":{"n":"Stuttgart-Ad Lunam"},"geometry":{"type":"LineString","coordinates":[[9.4285,48.64566],[9.49997,48.62878],[9.51603,48.62164],[9.53506,48.60796],[9.54815,48.58416],[9.56778,48.57465],[9.59574,48.5687]]}},{"type":"Feature","properties":{"n":"Stuttgart-Arae Flaviae"},"geometry":{"type":"LineString","coordinates":[[9.2127,48.80031],[9.2105,48.79461],[9.2136,48.78642],[9.22371,48.75905],[9.34709,48.67577],[9.36993,48.67106],[9.37623,48.66983],[9.39468,48.66566],[9.4285,48.64566]]}},{"type":"Feature","properties":{"n":"Noviomagus Nemetae-Saletio"},"geometry":{"type":"LineString","coordinates":[[8.2901,49.11673],[8.29636,49.12349],[8.33741,49.17346],[8.36596,49.21557],[8.39023,49.25198],[8.42307,49.29195],[8.43242,49.3176]]}},{"type":"Feature","properties":{"n":"Ad Fines-Constantia"},"geometry":{"type":"LineString","coordinates":[[8.95406,47.59578],[8.95836,47.59976],[8.99177,47.61201],[9.02961,47.622],[9.05459,47.62557],[9.08814,47.62485],[9.12455,47.63628],[9.14596,47.6477],[9.16452,47.66269],[9.1688,47.67696]]}},{"type":"Feature","properties":{"n":"Stuttgart-Arae Flaviae"},"geometry":{"type":"LineString","coordinates":[[9.52412,48.50326],[9.52055,48.51278],[9.50211,48.52527],[9.48248,48.53895],[9.46225,48.5449],[9.43905,48.5568],[9.43072,48.57227],[9.43132,48.59368],[9.43727,48.61986],[9.43548,48.62997],[9.4285,48.64566]]}},{"type":"Feature","properties":{"n":"Vindonissa-Brigobannis"},"geometry":{"type":"LineString","coordinates":[[8.56062,47.79976],[8.5022,47.76799],[8.4815,47.75585],[8.47079,47.74229],[8.45366,47.71802],[8.43724,47.69518],[8.41725,47.67733],[8.38585,47.64807],[8.368,47.63807],[8.34301,47.62879],[8.30661,47.62237],[8.28948,47.61309],[8.27449,47.60381],[8.26306,47.5774],[8.25662,47.56536],[8.24665,47.54741],[8.23055,47.52602],[8.23099,47.49893]]}},{"type":"Feature","properties":{"n":"Curia-Brigantium"},"geometry":{"type":"LineString","coordinates":[[9.52556,46.85209],[9.53445,46.85743],[9.53508,46.86436],[9.53411,46.86996],[9.53471,46.87285],[9.53879,46.88245],[9.54334,46.89029],[9.54624,46.89513],[9.55071,46.89844],[9.55494,46.9025],[9.55822,46.9077],[9.55997,46.91354],[9.56178,46.91779],[9.56316,46.92041],[9.56264,46.92309],[9.56235,46.92736],[9.56278,46.93167],[9.56658,46.93795],[9.56865,46.94353],[9.56897,46.94611],[9.56747,46.94988],[9.56576,46.95509],[9.5659,46.95859],[9.56334,46.96577],[9.56241,46.9693],[9.5611,46.9709],[9.5533,46.97652],[9.54784,46.98349],[9.54042,46.99465],[9.53334,47.00097],[9.53006,47.00535],[9.53154,47.0071],[9.53052,47.0085],[9.52945,47.00916]]}},{"type":"Feature","properties":{"n":"Curia-Brigantium"},"geometry":{"type":"LineString","coordinates":[[9.52945,47.00916],[9.52747,47.01212],[9.52645,47.01769],[9.52979,47.02485],[9.52712,47.03498],[9.52073,47.04188],[9.51429,47.04925],[9.51203,47.05769],[9.50692,47.06982],[9.51545,47.08157],[9.52448,47.09326],[9.52503,47.10516],[9.52376,47.11576],[9.52269,47.13033],[9.52085,47.14101],[9.51205,47.14947],[9.50898,47.16584],[9.52217,47.17828],[9.53903,47.18841],[9.54365,47.19931],[9.55139,47.20819],[9.56636,47.21604],[9.58083,47.2246],[9.58942,47.23373],[9.6042,47.24304],[9.61577,47.27458],[9.62364,47.32012],[9.65512,47.34912],[9.69992,47.37737],[9.72334,47.40991],[9.73884,47.43219],[9.72886,47.47104],[9.72934,47.47333]]}},{"type":"Feature","properties":{"n":"Curia-Brigantium"},"geometry":{"type":"LineString","coordinates":[[9.72934,47.47333],[9.73094,47.47429],[9.73088,47.47634],[9.73177,47.47895],[9.73183,47.48349],[9.73213,47.48554],[9.73308,47.48787],[9.7332,47.49008],[9.73359,47.49374],[9.73385,47.49566],[9.7351,47.49798],[9.73587,47.49983],[9.7354,47.50043],[9.73647,47.50172],[9.74045,47.502],[9.7411,47.503],[9.7439,47.50401],[9.7471,47.50521],[9.74942,47.50581],[9.7512,47.50794],[9.75245,47.51059],[9.75412,47.51472],[9.75441,47.51597],[9.75334,47.51793],[9.75251,47.52006],[9.75144,47.52207],[9.7514,47.52232]]}},{"type":"Feature","properties":{"n":"Aquae-Stuttgart"},"geometry":{"type":"LineString","coordinates":[[8.23796,48.76401],[8.25316,48.76586],[8.27056,48.7732],[8.27931,48.77433],[8.28288,48.77291],[8.28986,48.77311],[8.30011,48.77046],[8.30932,48.76978],[8.32001,48.77203],[8.32402,48.77702],[8.33085,48.77998],[8.3414,48.77751],[8.34972,48.77673],[8.37468,48.78485],[8.38597,48.78877],[8.40216,48.79063],[8.41301,48.79376],[8.42073,48.79347],[8.42608,48.79298],[8.43172,48.79405],[8.43737,48.79738],[8.44286,48.80208],[8.45914,48.80294],[8.46903,48.79919],[8.46998,48.80395],[8.48462,48.80407],[8.4926,48.79756],[8.51333,48.80344],[8.52949,48.80708],[8.54318,48.81196],[8.54851,48.82047],[8.55497,48.8236],[8.55858,48.82911],[8.55364,48.83737],[8.54642,48.84663],[8.55326,48.84788],[8.56353,48.84738],[8.59148,48.85539],[8.60745,48.85752],[8.6259,48.87028],[8.63935,48.86983],[8.6423,48.87058],[8.64591,48.87646],[8.66207,48.8834],[8.66711,48.88409],[8.67101,48.8854],[8.67225,48.88503],[8.6809,48.88872],[8.69468,48.88903],[8.69944,48.88528],[8.69944,48.88528]]}},{"type":"Feature","properties":{"n":"Waldmossingen-Gomadingen"},"geometry":{"type":"LineString","coordinates":[[9.16893,48.27582],[9.17849,48.28588],[9.19603,48.29528],[9.19403,48.29993],[9.19418,48.30448],[9.1966,48.30742],[9.19717,48.31529],[9.18961,48.32335],[9.18091,48.32961],[9.18533,48.34535],[9.1879,48.34995],[9.19261,48.35141],[9.19817,48.35321],[9.19917,48.35985],[9.20464,48.3617],[9.20658,48.36544],[9.21485,48.36648],[9.23211,48.36165],[9.24024,48.36364],[9.25193,48.36544],[9.25649,48.36847],[9.26377,48.37254],[9.27532,48.37737],[9.28644,48.38685],[9.29058,48.39111],[9.28887,48.4001],[9.30213,48.4002],[9.3191,48.4002],[9.33108,48.40124],[9.33807,48.4002],[9.34135,48.40124],[9.34463,48.39991],[9.35461,48.40219],[9.36003,48.40285],[9.36488,48.40209],[9.36588,48.4002],[9.37201,48.39963],[9.37728,48.40133],[9.38242,48.40427],[9.38912,48.40446],[9.39668,48.40474],[9.42406,48.40152],[9.43347,48.40247],[9.43746,48.40465],[9.44474,48.40559],[9.45115,48.4073],[9.45729,48.40834],[9.4687,48.41203],[9.47468,48.41279],[9.49009,48.41336],[9.49051,48.41345],[9.49051,48.41345]]}},{"type":"Feature","properties":{"n":"Waldmossingen-Gomadingen"},"geometry":{"type":"LineString","coordinates":[[9.18443,48.24705],[9.18234,48.25086],[9.17535,48.25598],[9.16965,48.27041],[9.16893,48.27582]]}},{"type":"Feature","properties":{"n":"Laiz-Emerkigen"},"geometry":{"type":"LineString","coordinates":[[9.34248,48.05471],[9.33423,48.05403],[9.3259,48.05335],[9.32432,48.05162],[9.31873,48.05244],[9.31858,48.05379],[9.31599,48.05691],[9.30662,48.0587],[9.29913,48.06384],[9.29668,48.06871],[9.29416,48.07299],[9.29599,48.07614],[9.28874,48.07728],[9.27372,48.06671],[9.26612,48.06631],[9.26184,48.06631],[9.26064,48.06837],[9.25442,48.07288],[9.23957,48.07716],[9.23443,48.07979],[9.23095,48.08242],[9.22992,48.08607],[9.22906,48.09024],[9.22249,48.09001],[9.21467,48.09007],[9.20628,48.08944],[9.20336,48.08442],[9.19605,48.07813],[9.19028,48.07379],[9.17865,48.07052],[9.17098,48.06859],[9.16515,48.06671],[9.1571,48.06534],[9.148,48.06155],[9.14229,48.0582]]}},{"type":"Feature","properties":{"n":"Stuttgart-Arae Flaviae"},"geometry":{"type":"LineString","coordinates":[[9.49051,48.41345],[9.49556,48.44854],[9.51341,48.46222],[9.52832,48.48298],[9.5322,48.48517],[9.5259,48.49375],[9.52412,48.50326]]}},{"type":"Feature","properties":{"n":"Fanum Fortunae-Rome"},"geometry":{"type":"LineString","coordinates":[[13.0159,43.84422],[12.99158,43.81887],[12.96423,43.79844],[12.93741,43.77557],[12.90713,43.742],[12.86675,43.72112],[12.82527,43.69575],[12.78445,43.68574],[12.76147,43.67929],[12.7415,43.663],[12.71887,43.64407],[12.69004,43.63578],[12.67201,43.61327],[12.66829,43.5778],[12.64877,43.54102],[12.64062,43.51723],[12.62285,43.47818],[12.63426,43.44817],[12.63439,43.43302],[12.64787,43.4234],[12.65531,43.41358],[12.65943,43.41093],[12.66936,43.40214],[12.67497,43.39763],[12.68217,43.38728],[12.68192,43.38222],[12.69345,43.37785],[12.70971,43.36158],[12.75847,43.31737],[12.7598,43.27176],[12.76471,43.25607],[12.77848,43.23268],[12.78254,43.16921],[12.78363,43.11659]]}},{"type":"Feature","properties":{"n":"Rome-Aretium"},"geometry":{"type":"LineString","coordinates":[[12.01925,42.87392],[11.99377,42.90423],[11.97036,42.91993],[11.96732,42.93447],[11.96384,42.95278],[11.95746,42.97322],[11.95432,42.99089],[11.95461,43.00154],[11.9494,43.00855],[11.94684,43.01297],[11.94591,43.01527],[11.93993,43.01742],[11.93567,43.02026],[11.93662,43.02472],[11.93619,43.03316],[11.93697,43.03762],[11.93708,43.04387],[11.93928,43.05589],[11.93783,43.06118],[11.93481,43.06689],[11.93058,43.06986],[11.92795,43.07304],[11.93056,43.08578],[11.934,43.09028],[11.9311,43.09603],[11.91687,43.115],[11.89634,43.15012],[11.8766,43.16968],[11.84449,43.20716],[11.84151,43.23099],[11.84975,43.3552],[11.84459,43.39053],[11.84269,43.43014],[11.85213,43.43828],[11.87587,43.45931],[11.88383,43.4665]]}},{"type":"Feature","properties":{"n":"Castrum Truentinum-Fanum-Fortunae"},"geometry":{"type":"LineString","coordinates":[[13.80014,43.16272],[13.79617,43.17398],[13.7884,43.1925],[13.77767,43.22255],[13.7613,43.25314],[13.74492,43.27771],[13.7387,43.28902],[13.72637,43.29621],[13.72365,43.31111],[13.7157,43.32677],[13.70148,43.34956],[13.69378,43.36677],[13.686,43.38555],[13.67706,43.40182],[13.66543,43.41914],[13.65643,43.43515],[13.65649,43.44561],[13.64304,43.47094],[13.63844,43.47739],[13.62796,43.49119],[13.61753,43.49923],[13.61859,43.50724],[13.61449,43.51861],[13.60888,43.52751],[13.59967,43.53229],[13.59068,43.53837],[13.58657,43.54765],[13.57672,43.55092],[13.57724,43.55793],[13.57339,43.56666],[13.56312,43.57573],[13.56052,43.58748],[13.55586,43.59367],[13.54311,43.60297],[13.53212,43.61211],[13.51865,43.61127],[13.51865,43.61127]]}},{"type":"Feature","properties":{"n":"Castrum Truentinum-Fanum-Fortunae"},"geometry":{"type":"LineString","coordinates":[[13.51865,43.61127],[13.51111,43.60726],[13.50601,43.60695],[13.50173,43.60918],[13.49638,43.61151],[13.48834,43.60676],[13.48037,43.60645],[13.46855,43.60775],[13.4593,43.60945],[13.4454,43.61231],[13.43438,43.61515],[13.4211,43.61952],[13.40477,43.62704],[13.3956,43.63024],[13.38404,43.63417],[13.3759,43.63702],[13.3666,43.64153],[13.36,43.64501],[13.34569,43.64972],[13.34037,43.6523],[13.32473,43.65975],[13.30221,43.66913],[13.27534,43.68465],[13.25538,43.69431],[13.22893,43.71031],[13.21574,43.71961],[13.20419,43.72588],[13.19095,43.73492],[13.18442,43.73891],[13.16162,43.75326],[13.1481,43.76284],[13.13791,43.76873],[13.10276,43.79123],[13.0722,43.81331],[13.05856,43.82447],[13.05501,43.82567],[13.03566,43.83609],[13.03123,43.83571],[13.02455,43.83939],[13.01937,43.84191],[13.0159,43.84422],[13.0159,43.84422]]}},{"type":"Feature","properties":{"n":"Fanum Fortunae-Ariminum"},"geometry":{"type":"LineString","coordinates":[[13.0159,43.84422],[13.00788,43.84963],[12.98887,43.86334],[12.94855,43.89018],[12.9145,43.91148],[12.90696,43.91323],[12.88769,43.91033],[12.87597,43.91063],[12.86528,43.91529],[12.8537,43.92595],[12.84415,43.93307],[12.83857,43.93564],[12.82878,43.94228],[12.82311,43.94291],[12.81931,43.94505],[12.81095,43.94828],[12.80118,43.9474],[12.79303,43.94841],[12.78543,43.95158],[12.77811,43.95368],[12.76397,43.9571],[12.74719,43.96094],[12.73428,43.96319],[12.71061,43.96826],[12.68878,43.9777],[12.67116,43.98866],[12.6567,43.99332],[12.64353,44.00115],[12.62025,44.02313],[12.59504,44.03877],[12.57161,44.05625],[12.56733,44.0606]]}},{"type":"Feature","properties":{"n":"Bononia-Florentia"},"geometry":{"type":"LineString","coordinates":[[11.27548,43.80744],[11.28351,43.82131],[11.28877,43.84028],[11.29242,43.85843],[11.29006,43.86247],[11.29077,43.87283],[11.28917,43.88356],[11.28792,43.89089],[11.2821,43.90117],[11.28094,43.91198],[11.28537,43.92077],[11.29396,43.93336],[11.28969,43.93752],[11.29107,43.94341],[11.28546,43.95113],[11.27724,43.95905],[11.27226,43.96476],[11.27404,43.96978],[11.26987,43.99159],[11.26892,43.99806],[11.27169,44.0082],[11.26886,44.01664],[11.2664,44.02412],[11.26147,44.02891],[11.25842,44.04546],[11.26275,44.05669],[11.26821,44.06757],[11.2725,44.07416],[11.28206,44.0789],[11.28067,44.08697],[11.27852,44.0927],[11.27666,44.09412]]}},{"type":"Feature","properties":{"n":"Bononia-Florentia"},"geometry":{"type":"LineString","coordinates":[[11.27666,44.09412],[11.27614,44.0942],[11.27532,44.09456],[11.27503,44.09478],[11.27427,44.0962],[11.27408,44.09636],[11.2725,44.09719]]}},{"type":"Feature","properties":{"n":"Bononia-Florentia"},"geometry":{"type":"LineString","coordinates":[[11.2725,44.09719],[11.27066,44.10533],[11.27253,44.11656],[11.2704,44.123],[11.26754,44.1352],[11.26379,44.14447],[11.26186,44.15086],[11.26061,44.16475],[11.25442,44.17402],[11.25567,44.18321],[11.26289,44.19328],[11.26079,44.1983],[11.2595,44.20446],[11.25724,44.21565],[11.25865,44.22946],[11.25768,44.23999],[11.25764,44.24893],[11.25749,44.25828],[11.2602,44.26663],[11.26522,44.26715],[11.27055,44.27258],[11.27942,44.28619],[11.28038,44.29804],[11.28058,44.31288],[11.28553,44.3166],[11.2919,44.32856],[11.2998,44.3394],[11.3225,44.34616],[11.33992,44.37139],[11.35224,44.44304],[11.36574,44.47823],[11.34627,44.49429]]}},{"type":"Feature","properties":{"n":"Fratte"},"geometry":{"type":"LineString","coordinates":[[11.2725,44.09719],[11.27086,44.0987],[11.27046,44.09951],[11.26946,44.10094],[11.26834,44.10212],[11.2684,44.10473],[11.26725,44.10708],[11.26625,44.10943],[11.26633,44.11168],[11.26551,44.11271],[11.26472,44.1147],[11.26443,44.11527],[11.26444,44.116],[11.26252,44.11626],[11.26135,44.11616],[11.26014,44.11596],[11.25827,44.11846],[11.25616,44.11974],[11.25499,44.12074],[11.25335,44.12378],[11.2538,44.12516],[11.25362,44.12606],[11.25265,44.12734],[11.25163,44.128],[11.2518,44.12895],[11.25196,44.12968],[11.2515,44.13036],[11.25128,44.13246],[11.2501,44.13439],[11.25076,44.1349],[11.25035,44.13772],[11.251,44.13873],[11.25184,44.13939],[11.25282,44.14017],[11.25412,44.14081],[11.25474,44.14159],[11.25372,44.14336],[11.25372,44.14336]]}},{"type":"Feature","properties":{"n":"Bononia-Florentia"},"geometry":{"type":"LineString","coordinates":[[11.27666,44.09412],[11.27506,44.10007],[11.27892,44.10323],[11.28499,44.11142],[11.28815,44.11642],[11.29174,44.11922],[11.29845,44.122],[11.30174,44.12742],[11.30504,44.13234],[11.30637,44.13575],[11.31217,44.1412],[11.316,44.14309],[11.31725,44.14458],[11.31981,44.14618],[11.32237,44.14827],[11.32362,44.15275],[11.32273,44.15791],[11.32947,44.16161],[11.33258,44.16411],[11.33713,44.166],[11.34045,44.16985],[11.34181,44.17318],[11.34597,44.17827],[11.34905,44.18214],[11.35599,44.18525],[11.36443,44.18609],[11.36818,44.19023],[11.37459,44.19464],[11.37818,44.19906],[11.38327,44.20208],[11.38778,44.20552]]}},{"type":"Feature","properties":{"n":"Bononia-Florentia"},"geometry":{"type":"LineString","coordinates":[[11.38778,44.20552],[11.38813,44.20759],[11.38878,44.21087],[11.39089,44.21314],[11.39231,44.21549],[11.39443,44.2167],[11.39518,44.21844],[11.39545,44.21989],[11.39856,44.22306],[11.3993,44.22527],[11.40182,44.22506],[11.40601,44.22641],[11.40948,44.22854],[11.41176,44.22959],[11.41397,44.23287],[11.41724,44.23416],[11.42027,44.2352],[11.42076,44.23697],[11.42143,44.23843],[11.42292,44.2403],[11.42507,44.24241],[11.42615,44.2464],[11.42794,44.24863],[11.42574,44.25225],[11.42306,44.25612],[11.42285,44.25957],[11.42389,44.26408],[11.42207,44.26965],[11.42179,44.27442],[11.42388,44.28143],[11.4261,44.28634],[11.42776,44.29103],[11.42747,44.29416]]}},{"type":"Feature","properties":{"n":"Bononia-Florentia"},"geometry":{"type":"LineString","coordinates":[[11.42747,44.29416],[11.42536,44.30118],[11.42725,44.30629],[11.4273,44.31104],[11.4284,44.31458],[11.43124,44.31881],[11.42888,44.32167],[11.42467,44.32254],[11.42082,44.32504],[11.41893,44.32898],[11.41591,44.33142],[11.41317,44.334],[11.4116,44.33618],[11.40962,44.33843],[11.40666,44.3411],[11.4072,44.34867],[11.41423,44.35747],[11.41985,44.36718],[11.42643,44.37689],[11.42645,44.38612],[11.41658,44.3921],[11.40678,44.39811],[11.39328,44.40523],[11.38975,44.41185],[11.39488,44.42008],[11.39341,44.42629],[11.384,44.4277],[11.3771,44.43167],[11.37245,44.44258],[11.37662,44.45206],[11.37562,44.4646],[11.38246,44.48061]]}},{"type":"Feature","properties":{"n":"Ariminum-Placentia"},"geometry":{"type":"LineString","coordinates":[[12.56733,44.0606],[12.54901,44.06909],[12.53998,44.06855],[12.52758,44.06879],[12.51585,44.07031],[12.50446,44.06989],[12.49565,44.06941],[12.48222,44.06865],[12.46763,44.07761],[12.45775,44.08376],[12.45454,44.08623],[12.45165,44.0867],[12.4485,44.08659],[12.43951,44.0887],[12.41387,44.08999],[12.39151,44.09231],[12.36933,44.09153],[12.34919,44.09895],[12.34334,44.10017],[12.33367,44.10504],[12.32583,44.1074],[12.31419,44.11104],[12.30153,44.11715],[12.28564,44.12444],[12.27762,44.1275],[12.26915,44.13135],[12.26244,44.13434],[12.25881,44.13719],[12.25573,44.13805],[12.25424,44.13777],[12.25314,44.13723],[12.25115,44.13616],[12.24755,44.13643],[12.2446,44.1376],[12.24176,44.13835],[12.2297,44.14077],[12.22631,44.14165],[12.22443,44.14321],[12.22122,44.1449],[12.21943,44.14521]]}},{"type":"Feature","properties":{"n":"Ariminum-Placentia"},"geometry":{"type":"LineString","coordinates":[[11.88325,44.28572],[11.87636,44.28865],[11.85845,44.29584],[11.85645,44.29672],[11.84893,44.29979],[11.84298,44.30213],[11.82843,44.30801],[11.82161,44.31182],[11.81768,44.31309],[11.81205,44.31464],[11.79423,44.32172],[11.7793,44.32777],[11.77779,44.32867],[11.76968,44.3316],[11.76512,44.33326],[11.75307,44.33815],[11.74038,44.3432],[11.73236,44.34433],[11.72691,44.34642],[11.72156,44.35087],[11.71848,44.35231],[11.71394,44.3535],[11.71196,44.35438],[11.70906,44.35553],[11.70497,44.35707],[11.69591,44.36063],[11.69162,44.36227],[11.68242,44.36587],[11.67436,44.36902],[11.66971,44.37087],[11.66113,44.37406],[11.65145,44.37785],[11.64234,44.38133],[11.62358,44.38858],[11.60815,44.39451],[11.59619,44.39912],[11.5919,44.40093]]}},{"type":"Feature","properties":{"n":"Ariminum-Placentia"},"geometry":{"type":"LineString","coordinates":[[12.21943,44.14521],[12.2149,44.1461],[12.21228,44.14641],[12.21103,44.14702],[12.20087,44.15309],[12.18963,44.15988],[12.18087,44.16403],[12.17117,44.16802],[12.14027,44.18089],[12.13581,44.18262],[12.13485,44.18321],[12.13319,44.18378],[12.12741,44.18551],[12.12631,44.18646],[12.12261,44.18751],[12.12105,44.18806],[12.11967,44.18884],[12.1175,44.19045],[12.11334,44.19203],[12.10952,44.19359],[12.09372,44.19993],[12.09139,44.20127],[12.08789,44.20253],[12.07741,44.20688],[12.05635,44.21554],[12.04419,44.22057],[12.0405,44.22219],[12.03837,44.2227],[12.03733,44.22359],[12.03474,44.22428],[12.03274,44.22498],[12.02886,44.22652],[12.02784,44.22681],[12.01904,44.23071],[12.00047,44.23832],[11.97913,44.24697],[11.95586,44.25642],[11.9344,44.26506],[11.90254,44.27797],[11.8989,44.27911],[11.89718,44.28023],[11.88761,44.2841],[11.88368,44.28562],[11.88325,44.28572]]}},{"type":"Feature","properties":{"n":"Ariminum-Placentia"},"geometry":{"type":"LineString","coordinates":[[10.92681,44.64616],[10.92259,44.64812],[10.91588,44.65082],[10.90632,44.65484],[10.89629,44.65861],[10.88439,44.65754],[10.8742,44.65364],[10.8672,44.65072],[10.85702,44.64629],[10.83891,44.64791],[10.83691,44.64837],[10.82383,44.64962],[10.80815,44.65076],[10.79675,44.65165],[10.78897,44.65424],[10.7792,44.65409],[10.76692,44.65529],[10.75384,44.65682],[10.74848,44.65757],[10.73571,44.66189],[10.71354,44.66842],[10.69886,44.67372],[10.68967,44.67804],[10.68587,44.67993],[10.67554,44.68345],[10.6706,44.68475],[10.6649,44.68661],[10.65568,44.68995],[10.64892,44.69231],[10.63677,44.69657],[10.6331,44.69786],[10.63106,44.69854],[10.63106,44.69854]]}},{"type":"Feature","properties":{"n":"Ariminum-Placentia"},"geometry":{"type":"LineString","coordinates":[[11.2841,44.51419],[11.27068,44.51904],[11.25359,44.52485],[11.24066,44.52942],[11.23543,44.53144],[11.22377,44.53532],[11.21355,44.5389],[11.20414,44.54217],[11.19876,44.54417],[11.19096,44.54684],[11.18734,44.54814],[11.17541,44.55222],[11.16954,44.55429],[11.15575,44.55914],[11.15195,44.5604],[11.14955,44.56125],[11.1435,44.56324],[11.12812,44.5687],[11.11223,44.5744],[11.10358,44.57723],[11.09306,44.58089],[11.07899,44.58581],[11.07325,44.58797],[11.0718,44.58832],[11.0664,44.59022],[11.06373,44.59114],[11.04208,44.59863],[11.04079,44.59912],[11.03126,44.60242],[11.02574,44.60452],[11.01821,44.60769],[11.01171,44.61044],[10.9902,44.61951],[10.96386,44.63064],[10.95698,44.63317],[10.94827,44.63718],[10.94043,44.64031],[10.92681,44.64616],[10.92681,44.64616]]}},{"type":"Feature","properties":{"n":"Ariminum-Placentia"},"geometry":{"type":"LineString","coordinates":[[11.5919,44.40093],[11.58501,44.40343],[11.58307,44.40417],[11.58213,44.4045],[11.57396,44.40768],[11.56858,44.40974],[11.56624,44.41069],[11.56171,44.41238],[11.55522,44.41492],[11.55213,44.41607],[11.54488,44.41889],[11.53391,44.42308],[11.53049,44.42434],[11.51863,44.42884],[11.51463,44.43042],[11.51069,44.43209],[11.51009,44.43231],[11.50754,44.43293],[11.50616,44.43345],[11.50377,44.43455],[11.50064,44.43576],[11.49692,44.4371],[11.49354,44.43841],[11.49043,44.43954],[11.48061,44.44325],[11.46767,44.4482],[11.46214,44.45028],[11.45614,44.45252],[11.44732,44.45574],[11.43936,44.45845],[11.43863,44.45877],[11.43628,44.46014],[11.43438,44.46083],[11.43184,44.46185],[11.43056,44.46229],[11.42503,44.46431],[11.42165,44.46567],[11.42133,44.46572],[11.41864,44.46677],[11.41562,44.46789],[11.41139,44.46952],[11.40866,44.47053],[11.40662,44.47134],[11.39871,44.47429],[11.3968,44.47507],[11.39338,44.47636],[11.38882,44.4781],[11.38569,44.47926],[11.38331,44.48019],[11.38246,44.48061],[11.38246,44.48061]]}},{"type":"Feature","properties":{"n":"Ariminum-Placentia"},"geometry":{"type":"LineString","coordinates":[[11.34627,44.49429],[11.34166,44.49505],[11.33782,44.49564],[11.33399,44.49684],[11.3277,44.49909],[11.31981,44.50185],[11.31421,44.5039],[11.30564,44.50687],[11.30423,44.5073],[11.29525,44.50917],[11.29442,44.5094],[11.29114,44.51076],[11.29017,44.51107],[11.2866,44.51278],[11.2841,44.51419]]}},{"type":"Feature","properties":{"n":"Ariminum-Placentia"},"geometry":{"type":"LineString","coordinates":[[11.38246,44.48061],[11.38099,44.48131],[11.37813,44.48215],[11.37013,44.48526],[11.3681,44.48602],[11.36553,44.48692],[11.36307,44.48791],[11.35781,44.4899],[11.35439,44.49123],[11.34933,44.49309],[11.34627,44.49429]]}},{"type":"Feature","properties":{"n":"Ariminum-Placentia"},"geometry":{"type":"LineString","coordinates":[[10.32812,44.80144],[10.32232,44.80259],[10.31247,44.80468],[10.29749,44.80776],[10.28619,44.81001],[10.27084,44.8132],[10.26058,44.81526],[10.24975,44.81745],[10.23413,44.82055],[10.20807,44.82604],[10.18141,44.8323],[10.14749,44.84181],[10.10343,44.85429],[10.09447,44.85684],[10.08709,44.85893],[10.07167,44.86339],[10.05313,44.86863],[10.03469,44.87374],[9.97965,44.88972],[9.928,44.91918],[9.90535,44.93223],[9.86956,44.95293],[9.86037,44.96036],[9.83608,44.97259],[9.83101,44.97438],[9.82616,44.97748],[9.81895,44.98209],[9.80992,44.9873],[9.79177,44.99788],[9.77579,45.00696],[9.74094,45.02719],[9.73195,45.03227],[9.72245,45.03773],[9.71668,45.04121],[9.7141,45.04252],[9.7058,45.04743],[9.70203,45.04875],[9.69308,45.05281],[9.69308,45.05281]]}},{"type":"Feature","properties":{"n":"Ariminum-Placentia"},"geometry":{"type":"LineString","coordinates":[[10.63106,44.69854],[10.62902,44.69926],[10.62415,44.70089],[10.61841,44.70291],[10.61373,44.70451],[10.60667,44.70697],[10.59833,44.71],[10.59731,44.71031],[10.59375,44.71154],[10.59123,44.71237],[10.58715,44.71379],[10.58503,44.71451],[10.57976,44.7164],[10.57902,44.7168],[10.57476,44.71814],[10.57247,44.71883],[10.56557,44.72144],[10.56091,44.72293],[10.51841,44.73766],[10.50411,44.74256],[10.4907,44.74721],[10.46223,44.75695],[10.45808,44.7584],[10.44519,44.7628],[10.43905,44.76496],[10.43644,44.76578],[10.43352,44.76785],[10.43118,44.76986],[10.42832,44.77037],[10.42726,44.77045],[10.42279,44.77048],[10.41753,44.77226],[10.41197,44.7741],[10.40615,44.77614],[10.39815,44.77891],[10.38123,44.78461],[10.37867,44.78529],[10.37742,44.78598],[10.37198,44.78771],[10.37073,44.78831],[10.36787,44.78914],[10.35783,44.79259],[10.33863,44.7991],[10.3363,44.79981],[10.33314,44.80048],[10.32883,44.80128],[10.32812,44.80144],[10.32812,44.80144]]}},{"type":"Feature","properties":{"n":"Ariminum-Sabis"},"geometry":{"type":"LineString","coordinates":[[12.50269,44.112],[12.48856,44.1166],[12.48624,44.1176],[12.48358,44.11836],[12.48242,44.11883],[12.48031,44.11988],[12.4701,44.12601],[12.4666,44.12841],[12.4635,44.13151],[12.45997,44.13407],[12.45639,44.1352],[12.45002,44.13697],[12.4453,44.13884],[12.42774,44.14719],[12.41719,44.15213],[12.41301,44.15319],[12.40922,44.15503],[12.39371,44.15676],[12.38247,44.16279],[12.37659,44.17246],[12.34865,44.19109],[12.32857,44.20335],[12.26624,44.25211],[12.25978,44.25626],[12.25737,44.25709],[12.24953,44.2588],[12.24536,44.25957],[12.22305,44.27264],[12.21299,44.27883]]}},{"type":"Feature","properties":{"n":"Ravenna-Caesena"},"geometry":{"type":"LineString","coordinates":[[12.21299,44.27883],[12.21141,44.31801],[12.21498,44.37859],[12.20721,44.39601],[12.20664,44.40046],[12.20682,44.40161],[12.20575,44.40548],[12.20616,44.40789],[12.20563,44.41017],[12.20565,44.41162],[12.20667,44.41389],[12.20716,44.41549],[12.2085,44.41652]]}},{"type":"Feature","properties":{"n":"Ravenna-Hatria"},"geometry":{"type":"LineString","coordinates":[[12.2085,44.41652],[12.20532,44.42116],[12.20355,44.42422],[12.202,44.42679],[12.20123,44.42923],[12.2015,44.43527],[12.17729,44.48028],[12.17217,44.49875],[12.16526,44.53261],[12.15482,44.54306],[12.12365,44.55312],[12.09332,44.57319],[12.08192,44.61059],[12.09469,44.65962],[12.11007,44.69523],[12.12392,44.74336],[12.12882,44.77315],[12.13832,44.82762],[12.14461,44.85117],[12.14915,44.86175],[12.14868,44.86381],[12.16019,44.89159],[12.17349,44.92863],[12.17469,44.94207],[12.17656,44.94452]]}},{"type":"Feature","properties":{"n":"Hadriani-Cavarzere"},"geometry":{"type":"LineString","coordinates":[[12.17656,44.94452],[12.18173,44.95241],[12.1836,44.9579],[12.18522,44.96219],[12.18581,44.96437],[12.18817,44.97145],[12.19273,44.98294],[12.19636,44.99381],[12.20008,45.00443],[12.20356,45.0129],[12.20499,45.01776],[12.22105,45.03873],[12.23231,45.04993],[12.24409,45.06608],[12.24712,45.07482],[12.25279,45.09657],[12.25205,45.10548],[12.25086,45.10829],[12.24604,45.10988],[12.24414,45.1104],[12.2426,45.11115],[12.22095,45.1179],[12.21447,45.12068],[12.14707,45.1526],[12.09695,45.16516],[12.08184,45.16916]]}},{"type":"Feature","properties":{"n":"Hatria-Ad XII"},"geometry":{"type":"LineString","coordinates":[[12.08184,45.16916],[12.08894,45.19191],[12.09699,45.20988],[12.09678,45.26566],[12.10063,45.30158],[12.10208,45.32994],[12.10996,45.34765]]}},{"type":"Feature","properties":{"n":"Patavium-Hatria"},"geometry":{"type":"LineString","coordinates":[[12.05171,45.05958],[12.04412,45.06514],[12.04177,45.09474],[12.02964,45.12032],[12.01337,45.14077],[12.01094,45.14531],[12.01023,45.1477],[11.99974,45.16208],[11.99598,45.17691],[11.96795,45.20575],[11.96475,45.21736],[11.94994,45.24226],[11.93802,45.25972],[11.9327,45.2682],[11.93265,45.27241],[11.93255,45.27427],[11.92533,45.28995],[11.91564,45.31167],[11.90934,45.32621],[11.90465,45.33613],[11.89923,45.34789],[11.88783,45.37302],[11.88106,45.38717],[11.87791,45.39412],[11.87628,45.39983],[11.87617,45.40343]]}},{"type":"Feature","properties":{"n":"Patavium-Altinum"},"geometry":{"type":"LineString","coordinates":[[12.16182,45.4202],[12.17374,45.42693],[12.1821,45.43224],[12.20482,45.44286],[12.21065,45.44536],[12.21332,45.44934],[12.2154,45.45373],[12.22185,45.45864],[12.22426,45.46368],[12.22988,45.47166],[12.24061,45.47992],[12.25471,45.48184],[12.27476,45.48247],[12.28458,45.48484],[12.29272,45.48617],[12.30005,45.48805],[12.31308,45.49436],[12.32138,45.50007],[12.33095,45.50561],[12.34035,45.51181],[12.36032,45.52366],[12.37411,45.53099],[12.38158,45.53589],[12.39268,45.54356],[12.39637,45.54561]]}},{"type":"Feature","properties":{"n":"Lugo-Malcontenta"},"geometry":{"type":"LineString","coordinates":[[12.10996,45.34765],[12.12655,45.38419],[12.13868,45.40744],[12.15095,45.41303],[12.16182,45.4202]]}},{"type":"Feature","properties":{"n":"Ravenna-Ariminum"},"geometry":{"type":"LineString","coordinates":[[12.50269,44.112],[12.48612,44.12737],[12.476,44.13766],[12.47281,44.13927],[12.47106,44.14051],[12.46781,44.14181],[12.46426,44.14749],[12.44979,44.15969],[12.4438,44.1625],[12.44003,44.16512],[12.41843,44.18032],[12.41411,44.18349],[12.40282,44.19194],[12.39833,44.19633],[12.39565,44.19871],[12.39363,44.20077],[12.38965,44.20437],[12.38116,44.21268],[12.37712,44.21669],[12.374,44.22124],[12.36246,44.23316],[12.35774,44.23804],[12.3544,44.24372],[12.3535,44.24695],[12.3465,44.25647],[12.34559,44.25764],[12.34326,44.25926],[12.34116,44.26301],[12.34021,44.26438],[12.34013,44.26473],[12.33097,44.27347],[12.25766,44.35257],[12.25481,44.36127],[12.24696,44.36843],[12.24294,44.37346],[12.2392,44.37734],[12.225,44.3907],[12.21682,44.39989],[12.21293,44.40548],[12.20993,44.41081],[12.20916,44.41323],[12.2085,44.41652],[12.2085,44.41652]]}},{"type":"Feature","properties":{"n":"Genua-Libarna"},"geometry":{"type":"LineString","coordinates":[[8.90348,44.49482],[8.90464,44.50122],[8.90785,44.50493],[8.91232,44.50832],[8.91337,44.51221],[8.91255,44.51699],[8.91772,44.51933],[8.91324,44.52255],[8.9157,44.52906],[8.92335,44.53392],[8.93332,44.53965],[8.93953,44.54559],[8.93803,44.55003],[8.93852,44.55507],[8.94659,44.56972],[8.93909,44.58072],[8.94395,44.59678],[8.95356,44.59885],[8.9542,44.60706],[8.95312,44.61285],[8.94567,44.6204],[8.94761,44.62519],[8.94255,44.63236],[8.95006,44.6354],[8.9569,44.64668],[8.94544,44.65407],[8.94538,44.66118],[8.93011,44.66424],[8.9212,44.65802],[8.91053,44.66089],[8.89736,44.66812],[8.89251,44.68718],[8.86524,44.70589]]}},{"type":"Feature","properties":{"n":"Parma-Boacias"},"geometry":{"type":"LineString","coordinates":[[10.32812,44.80144],[10.17917,44.72666],[10.09749,44.68936],[10.08771,44.6576],[10.07956,44.63689],[10.07204,44.61819],[10.07217,44.60317],[10.05421,44.59075],[10.03457,44.5857],[10.01783,44.56636],[10.00533,44.55543],[10.0018,44.53863],[9.99375,44.51861],[9.98033,44.50135],[9.95929,44.48563],[9.94077,44.47383],[9.92043,44.46564],[9.92048,44.45037],[9.91161,44.44441],[9.90846,44.42846],[9.89801,44.41423],[9.88591,44.39901],[9.88664,44.37179],[9.91127,44.34664],[9.94041,44.32444],[9.94958,44.2837],[9.95408,44.24995],[9.97587,44.22143],[9.9627,44.20592],[9.93371,44.18659],[9.91302,44.16119],[9.90812,44.15788]]}},{"type":"Feature","properties":{"n":"Ad Silarum-Cassano"},"geometry":{"type":"LineString","coordinates":[[11.5919,44.40093],[11.58413,44.38988],[11.58031,44.38161],[11.57645,44.37114],[11.57481,44.3672],[11.5709,44.3626],[11.56692,44.35927],[11.56361,44.35391],[11.55684,44.3469],[11.5497,44.34257],[11.54423,44.33932],[11.53973,44.33456],[11.5337,44.3313],[11.52652,44.3303],[11.52397,44.32587],[11.51965,44.32516],[11.51806,44.32246],[11.51432,44.32142],[11.50974,44.3199],[11.50648,44.31914],[11.49792,44.31727],[11.49112,44.31693],[11.48304,44.31706],[11.47564,44.31509],[11.47118,44.31378],[11.46456,44.30959],[11.45895,44.30809],[11.45316,44.30695],[11.45062,44.30527],[11.44716,44.30174],[11.44631,44.2993],[11.44502,44.29831],[11.44241,44.29768],[11.43811,44.29686],[11.43417,44.2962],[11.4323,44.29527],[11.42887,44.29454],[11.42747,44.29416]]}},{"type":"Feature","properties":{"n":"Florentia-Faventia"},"geometry":{"type":"LineString","coordinates":[[11.27548,43.80744],[11.28202,43.811],[11.28674,43.81435],[11.2923,43.81725],[11.29798,43.82243],[11.30572,43.82868],[11.31058,43.83333],[11.31963,43.84165],[11.32446,43.84574],[11.32841,43.85181],[11.33227,43.85516],[11.33659,43.8581],[11.34073,43.86499],[11.34431,43.87258],[11.34458,43.87899],[11.34964,43.88375],[11.35232,43.88888],[11.35525,43.89181],[11.3565,43.89796],[11.35657,43.901],[11.35518,43.90525],[11.35353,43.90993],[11.35258,43.91631],[11.34967,43.92202],[11.35139,43.92647],[11.35072,43.93154],[11.3476,43.93557],[11.34669,43.93974],[11.35524,43.94058],[11.36093,43.94492],[11.36438,43.94801],[11.37254,43.95074],[11.37606,43.95733],[11.38578,43.95802]]}},{"type":"Feature","properties":{"n":"Florentia-Faventia"},"geometry":{"type":"LineString","coordinates":[[11.38578,43.95802],[11.40707,43.98116],[11.43333,44.0064],[11.44723,44.01604],[11.45242,44.02053],[11.45851,44.02616],[11.4645,44.02971],[11.47095,44.03383],[11.47872,44.03654],[11.4942,44.03836],[11.50665,44.03515],[11.51848,44.03659],[11.5281,44.03293],[11.53394,44.03484],[11.54522,44.03568],[11.54789,44.04515],[11.54869,44.05332],[11.55582,44.05907],[11.57,44.06075],[11.58549,44.06066],[11.59787,44.06485],[11.61333,44.07582],[11.62607,44.0876],[11.66189,44.10862],[11.68122,44.12996],[11.6877,44.14701],[11.68585,44.16788],[11.70456,44.18792],[11.73388,44.20531],[11.76714,44.22142],[11.80466,44.24214],[11.85123,44.27656],[11.88325,44.28572]]}},{"type":"Feature","properties":{"n":"Frassineta-Borgo San Lorenzo"},"geometry":{"type":"LineString","coordinates":[[11.38578,43.95802],[11.37688,43.9688],[11.3613,43.9786],[11.36977,44.01093],[11.37013,44.01966],[11.36987,44.02631],[11.37026,44.03042],[11.37637,44.03531],[11.38096,44.03884],[11.38641,44.04291],[11.38766,44.04462],[11.39066,44.0518],[11.39888,44.05749],[11.40255,44.06846],[11.40116,44.07782],[11.3971,44.0847],[11.38854,44.09009],[11.38302,44.09722],[11.3809,44.11426],[11.3809,44.12293],[11.38589,44.12991],[11.38309,44.13607],[11.38127,44.14035],[11.37788,44.14561],[11.3803,44.15107],[11.38094,44.15868],[11.38376,44.16643],[11.38927,44.17198],[11.3937,44.17759],[11.3944,44.18924],[11.38412,44.19891],[11.38778,44.20552]]}},{"type":"Feature","properties":{"n":"Florentia-Pistoriae"},"geometry":{"type":"LineString","coordinates":[[11.2078,43.79257],[11.19737,43.7979],[11.18579,43.80387],[11.17854,43.80658],[11.1691,43.81003],[11.15538,43.81389],[11.14542,43.81753],[11.13861,43.82052],[11.13483,43.82217],[11.13247,43.82349],[11.13025,43.82488],[11.11971,43.82868],[11.11813,43.83007],[11.11125,43.83282],[11.10734,43.83479],[11.09317,43.84231],[11.08184,43.84806],[11.07616,43.85023],[11.06947,43.85296],[11.0419,43.86241],[11.03102,43.86655],[11.02631,43.86739],[11.01798,43.86978],[11.00454,43.8757],[10.98901,43.87964],[10.97744,43.8836],[10.97444,43.88492],[10.97109,43.88727],[10.96753,43.88882],[10.96212,43.89035],[10.9453,43.90427],[10.93349,43.91557],[10.9199,43.92721],[10.91874,43.93038],[10.9184,43.93221],[10.91684,43.93362]]}},{"type":"Feature","properties":{"n":"Populonium-Pisae"},"geometry":{"type":"LineString","coordinates":[[10.48995,43.40025],[10.4886,43.40234],[10.48902,43.40569],[10.49125,43.40731],[10.48906,43.41173],[10.48195,43.4182],[10.48155,43.42286],[10.48218,43.43121],[10.4811,43.43399],[10.48176,43.43723],[10.48224,43.441],[10.47907,43.44418],[10.47685,43.45028],[10.47573,43.45489],[10.47097,43.45721],[10.46721,43.46355],[10.46807,43.46709],[10.4681,43.47023],[10.46719,43.47762],[10.46758,43.48129],[10.46556,43.48847],[10.46696,43.49437],[10.4647,43.50066],[10.46443,43.50771],[10.46067,43.51757],[10.46028,43.52233],[10.45852,43.52768],[10.46194,43.53426],[10.46573,43.54343],[10.47814,43.55841],[10.47519,43.6016],[10.43234,43.67272],[10.41923,43.68782],[10.41068,43.69837],[10.39984,43.70568]]}},{"type":"Feature","properties":{"n":"Populonium-Pisae"},"geometry":{"type":"LineString","coordinates":[[10.54011,43.2786],[10.53746,43.28098],[10.53245,43.28476],[10.52837,43.29048],[10.52503,43.29676],[10.52254,43.30157],[10.51765,43.31092],[10.51313,43.31767],[10.50879,43.32494],[10.5049,43.3283],[10.49491,43.33315],[10.48533,43.3379],[10.47277,43.34405],[10.46412,43.34822],[10.46065,43.35262],[10.46136,43.36053],[10.46383,43.37319],[10.46891,43.37858],[10.47105,43.38156],[10.4693,43.38373],[10.46926,43.38676],[10.47009,43.39041],[10.46844,43.39335],[10.46906,43.39538],[10.46825,43.39676],[10.46956,43.39935],[10.47078,43.40041],[10.47364,43.40114],[10.47727,43.40135],[10.47827,43.40262],[10.47886,43.40143],[10.4834,43.40044],[10.48617,43.39938],[10.48807,43.3986],[10.48995,43.40025]]}},{"type":"Feature","properties":{"n":"Populonium-Pisae"},"geometry":{"type":"LineString","coordinates":[[10.39984,43.70568],[10.39997,43.70859]]}},{"type":"Feature","properties":{"n":"Populonium-Pisae"},"geometry":{"type":"LineString","coordinates":[[10.39997,43.70859],[10.40039,43.71833]]}},{"type":"Feature","properties":{"n":"Vada Volaterrana"},"geometry":{"type":"LineString","coordinates":[[10.54011,43.2786],[10.54082,43.2806],[10.54184,43.28293],[10.54219,43.28379],[10.54324,43.28741],[10.54381,43.29146],[10.54485,43.29445],[10.54627,43.29707],[10.5471,43.29936],[10.54725,43.30153],[10.5457,43.3047],[10.54283,43.30702],[10.53751,43.31172],[10.53558,43.31478],[10.53082,43.32349],[10.52854,43.32715],[10.52565,43.3328],[10.52394,43.3366],[10.51934,43.34415],[10.51619,43.34822],[10.51472,43.35107],[10.51411,43.35404],[10.51281,43.35693],[10.5105,43.35972],[10.50643,43.36297],[10.50514,43.36562],[10.50457,43.36865],[10.50372,43.37176],[10.5019,43.37396],[10.49851,43.37654],[10.49565,43.37957],[10.49386,43.38281],[10.49426,43.38757],[10.49485,43.39309],[10.49309,43.3973],[10.49086,43.40008],[10.48995,43.40025],[10.48995,43.40025]]}},{"type":"Feature","properties":{"n":"Altinum-Iulia Concordia"},"geometry":{"type":"LineString","coordinates":[[12.84365,45.75671],[12.81713,45.75915],[12.78825,45.75395],[12.78013,45.74928],[12.76962,45.74668],[12.75862,45.74691],[12.73587,45.73895],[12.70659,45.72709],[12.68468,45.71051],[12.67207,45.69884],[12.67036,45.69417],[12.666,45.68671],[12.66029,45.68542],[12.63721,45.68422],[12.62951,45.67785],[12.6209,45.65368],[12.6107,45.63858],[12.59691,45.633],[12.58412,45.63086],[12.56758,45.63042],[12.56337,45.62789],[12.56194,45.62363],[12.54852,45.61957],[12.52326,45.61176],[12.50368,45.60253],[12.47332,45.59171],[12.45978,45.58765],[12.44714,45.5761],[12.4378,45.5665],[12.42764,45.56389],[12.42037,45.56021],[12.39993,45.54827],[12.39637,45.54561]]}},{"type":"Feature","properties":{"n":"Altinum-Villorba"},"geometry":{"type":"LineString","coordinates":[[12.39637,45.54561],[12.38797,45.54716]]}},{"type":"Feature","properties":{"n":"Altinum-Villorba"},"geometry":{"type":"LineString","coordinates":[[12.38797,45.54716],[12.38772,45.5518],[12.38193,45.5627],[12.3759,45.57427],[12.37383,45.57773],[12.37357,45.57965],[12.37028,45.58066],[12.37205,45.58331],[12.37024,45.58524],[12.36481,45.59486],[12.36017,45.60371],[12.35704,45.61018],[12.35426,45.61564],[12.35019,45.62311],[12.34721,45.62911],[12.34101,45.64041],[12.33675,45.64875],[12.33482,45.6528],[12.33138,45.66018],[12.32797,45.66541],[12.326,45.66882],[12.32068,45.67919],[12.31978,45.68174],[12.31914,45.68414],[12.31245,45.69082],[12.29374,45.72133],[12.28795,45.73952]]}},{"type":"Feature","properties":{"n":"Pisae"},"geometry":{"type":"LineString","coordinates":[[10.3684,43.65982],[10.36992,43.66284],[10.37257,43.66736],[10.37453,43.6706],[10.37938,43.67942],[10.38456,43.68915],[10.3875,43.69486],[10.39489,43.6992],[10.39964,43.70535],[10.39984,43.70568]]}},{"type":"Feature","properties":{"n":"Patavium-Acelum"},"geometry":{"type":"LineString","coordinates":[[11.87617,45.40343],[11.87845,45.41122],[11.87929,45.41546],[11.87954,45.41689],[11.87865,45.41929],[11.87873,45.4199]]}},{"type":"Feature","properties":{"n":"Patavium-Acelum"},"geometry":{"type":"LineString","coordinates":[[11.94555,45.69069],[11.94457,45.69373],[11.94396,45.69557],[11.94292,45.69891],[11.94204,45.7024],[11.94024,45.7081],[11.93977,45.71061],[11.93901,45.71216],[11.93796,45.71573],[11.93686,45.71984],[11.93458,45.72749],[11.9341,45.72919],[11.93325,45.73218],[11.93274,45.73367],[11.93155,45.73711],[11.93092,45.74015],[11.92869,45.7471],[11.9277,45.75015],[11.92661,45.75398],[11.92573,45.75675],[11.92432,45.76122],[11.92453,45.76206],[11.92402,45.76431],[11.9238,45.76555],[11.92378,45.7675],[11.92337,45.7708],[11.92268,45.77347],[11.92216,45.77559],[11.92219,45.7788],[11.92225,45.78052],[11.92142,45.78575],[11.91967,45.78928],[11.91966,45.78946]]}},{"type":"Feature","properties":{"n":"Patavium-Acelum"},"geometry":{"type":"LineString","coordinates":[[11.87873,45.4199],[11.88504,45.42472],[11.88998,45.43255],[11.89351,45.44236],[11.89603,45.44771],[11.89693,45.45112],[11.89697,45.45751],[11.89379,45.46523],[11.89904,45.47996],[11.9028,45.48913],[11.90653,45.50132],[11.91271,45.51727],[11.91801,45.53131],[11.92274,45.54414],[11.92879,45.55426],[11.92966,45.563],[11.94039,45.58256],[11.94487,45.59038],[11.94474,45.59426],[11.94609,45.59889],[11.94705,45.61105],[11.95051,45.62028],[11.9563,45.6288],[11.95435,45.63728],[11.95129,45.64263],[11.95037,45.64737],[11.95093,45.65342],[11.95065,45.65677],[11.94972,45.66238],[11.94901,45.67056],[11.94711,45.68325],[11.94563,45.69063],[11.94555,45.69069]]}},{"type":"Feature","properties":{"n":"Patavium-Acelum"},"geometry":{"type":"LineString","coordinates":[[11.91966,45.78946],[11.91951,45.7915],[11.91918,45.79206],[11.91891,45.79299],[11.91881,45.79341],[11.91934,45.79397],[11.91927,45.79559],[11.91836,45.79751]]}},{"type":"Feature","properties":{"n":"Patavium-Bassano del Grappa"},"geometry":{"type":"LineString","coordinates":[[11.87923,45.42753],[11.87483,45.42814],[11.87043,45.43255],[11.8479,45.43926],[11.83094,45.44651],[11.81442,45.47073],[11.7991,45.49358],[11.78245,45.52256],[11.76845,45.55112],[11.76282,45.56433],[11.76263,45.56875],[11.75957,45.57295],[11.75787,45.57565],[11.75684,45.57659],[11.75725,45.58453],[11.75551,45.59303],[11.74962,45.6031],[11.74894,45.60742],[11.74409,45.61271],[11.74062,45.61676],[11.73982,45.61895],[11.73926,45.62208],[11.73773,45.62395],[11.73759,45.62649],[11.73633,45.62901],[11.73401,45.63049],[11.72898,45.63191],[11.72357,45.63445],[11.72196,45.63658],[11.71622,45.63959],[11.71387,45.6413],[11.71394,45.64431],[11.71431,45.64947],[11.71259,45.65279],[11.70935,45.65467],[11.70852,45.65513]]}},{"type":"Feature","properties":{"n":"Patavium-Bassano del Grappa"},"geometry":{"type":"LineString","coordinates":[[11.70852,45.65513],[11.70624,45.65608],[11.70149,45.65867],[11.70026,45.65928],[11.69769,45.65984],[11.69522,45.66115],[11.69021,45.66393],[11.68869,45.66452],[11.6875,45.66558],[11.68558,45.67296],[11.68515,45.67542],[11.68502,45.67633],[11.68531,45.67838],[11.68554,45.67943],[11.68417,45.68204],[11.68337,45.68627],[11.68342,45.68875],[11.68386,45.69058],[11.68287,45.69144],[11.68234,45.69303],[11.68122,45.69467],[11.68159,45.6968],[11.68131,45.69784],[11.6808,45.70019],[11.68063,45.70159],[11.67977,45.70371],[11.67945,45.70506],[11.67978,45.70638],[11.67976,45.70855],[11.67871,45.71093],[11.67808,45.71349],[11.67797,45.71551],[11.67805,45.71877],[11.67888,45.7197],[11.67803,45.72142],[11.6778,45.72356],[11.6778,45.72356]]}},{"type":"Feature","properties":{"n":"Patavium-Bassano del Grappa"},"geometry":{"type":"LineString","coordinates":[[11.6778,45.72356],[11.67934,45.725],[11.68089,45.72637],[11.68151,45.72745],[11.6831,45.72997],[11.68339,45.73062],[11.68414,45.73138],[11.68587,45.73274],[11.68686,45.73368],[11.6872,45.73418],[11.68747,45.73469],[11.68874,45.73568],[11.68922,45.73654],[11.68966,45.73715],[11.69004,45.73759],[11.68994,45.73835],[11.68951,45.73922],[11.6892,45.73969],[11.68884,45.74141],[11.68896,45.74187],[11.6892,45.74227],[11.68993,45.74319],[11.69065,45.74403],[11.69309,45.74623],[11.69521,45.74736],[11.69658,45.74763],[11.69844,45.74806],[11.69995,45.74876],[11.70135,45.75031],[11.70177,45.75093],[11.70281,45.7532],[11.70328,45.7563],[11.70426,45.75804],[11.70476,45.75878],[11.7058,45.75928],[11.70842,45.76039],[11.71461,45.76314],[11.71739,45.76443],[11.71861,45.76465],[11.72145,45.76498],[11.72606,45.7656],[11.72683,45.76568],[11.72763,45.76558],[11.72973,45.76479],[11.73148,45.76398],[11.73215,45.76376],[11.73391,45.76388],[11.73448,45.76377],[11.73568,45.76376],[11.73765,45.76361],[11.73947,45.76331],[11.74029,45.76299],[11.74157,45.76275],[11.74231,45.76256],[11.74231,45.76256]]}},{"type":"Feature","properties":{"n":"Catena-Ponte della Priula"},"geometry":{"type":"LineString","coordinates":[[12.28795,45.73952],[12.28879,45.74131],[12.28879,45.74185],[12.28851,45.74263],[12.2885,45.74406],[12.28813,45.74534],[12.28772,45.74611],[12.28784,45.74753],[12.28769,45.749],[12.28733,45.74976],[12.28647,45.75075],[12.28565,45.75197],[12.28399,45.75459],[12.28281,45.75629],[12.28233,45.75703],[12.28269,45.7581],[12.28223,45.75915],[12.2802,45.76043],[12.2777,45.7651],[12.27114,45.77279],[12.26834,45.77489],[12.26791,45.77536],[12.26757,45.7767],[12.26733,45.77713],[12.26573,45.77908],[12.26437,45.78028],[12.26183,45.78288],[12.25906,45.78541],[12.25833,45.78619],[12.25735,45.78752],[12.25632,45.79099],[12.25571,45.79263],[12.25468,45.7958],[12.25378,45.79836],[12.2525,45.80241],[12.25213,45.80322],[12.25074,45.80762],[12.24995,45.80994],[12.25018,45.81149],[12.25018,45.81149]]}},{"type":"Feature","properties":{"n":"Catena-Ponte della Priula"},"geometry":{"type":"LineString","coordinates":[[12.25018,45.81149],[12.2512,45.81322],[12.25302,45.8152],[12.2548,45.81721]]}},{"type":"Feature","properties":{"n":"Hostilia-Vipitenum"},"geometry":{"type":"LineString","coordinates":[[11.13406,45.06594],[11.12964,45.09577],[11.12211,45.10628],[11.10803,45.12595],[11.09986,45.13938],[11.09398,45.14893],[11.08463,45.1662],[11.07784,45.17505],[11.06814,45.18139],[11.05725,45.18885],[11.05194,45.19411],[11.04227,45.20864],[11.03087,45.22707],[11.02119,45.24256],[11.01739,45.24974],[11.01422,45.26573],[11.00869,45.29389],[11.00674,45.30174],[11.00421,45.30873],[11.0037,45.31874],[11.00174,45.33463],[10.9991,45.3413],[10.9979,45.34377],[10.99516,45.3531],[10.99301,45.36],[10.99052,45.36645],[10.99036,45.37022],[10.99331,45.37709],[10.99519,45.38252],[10.99319,45.39202],[10.98915,45.41088],[10.98659,45.41654],[10.98429,45.4233],[10.99142,45.43799],[10.9932,45.43883]]}},{"type":"Feature","properties":{"n":"Hostilia-Vipitenum"},"geometry":{"type":"LineString","coordinates":[[10.9932,45.43883],[10.9837,45.45451],[10.95167,45.47102],[10.9251,45.48289],[10.89629,45.48599],[10.88002,45.4928],[10.8536,45.50259],[10.83053,45.50874],[10.81827,45.53195],[10.82403,45.54884],[10.83119,45.55902],[10.82622,45.56591],[10.83185,45.57834],[10.84837,45.59026],[10.8526,45.60309],[10.85838,45.60988],[10.86298,45.61594],[10.87046,45.62343],[10.87983,45.63245],[10.89729,45.64861],[10.90276,45.6678],[10.90789,45.68384],[10.93062,45.70419],[10.94436,45.7281],[10.96682,45.73751],[10.98463,45.74498],[11.01065,45.77067],[11.01892,45.78619],[11.02149,45.79667],[11.00673,45.82371],[11.00253,45.85773],[11.03008,45.87954],[11.03191,45.88209]]}},{"type":"Feature","properties":{"n":"Hostilia-Vipitenum"},"geometry":{"type":"LineString","coordinates":[[11.11748,46.07017],[11.11855,46.08277],[11.08983,46.11784],[11.08274,46.13042],[11.09206,46.14411],[11.1216,46.1808],[11.13461,46.19777],[11.14405,46.20597],[11.15158,46.2091],[11.1538,46.21992],[11.16279,46.22559],[11.18033,46.23416],[11.18965,46.23814],[11.20391,46.23658],[11.214,46.24714],[11.23255,46.26032],[11.23881,46.27324],[11.23856,46.28069],[11.24338,46.29017],[11.2535,46.2977],[11.26542,46.30414],[11.27282,46.31417],[11.27725,46.32256],[11.28213,46.334],[11.29112,46.34389],[11.29899,46.35177],[11.29729,46.36143],[11.31343,46.39546],[11.32149,46.42629],[11.33106,46.46268],[11.3411,46.48372]]}},{"type":"Feature","properties":{"n":"Hostilia-Vipitenum"},"geometry":{"type":"LineString","coordinates":[[11.03191,45.88209],[11.03207,45.88248],[11.03243,45.88429],[11.03286,45.88731],[11.03339,45.89048],[11.03361,45.89199],[11.03423,45.89464],[11.03525,45.90018],[11.03547,45.90197],[11.03573,45.90308],[11.0364,45.90692],[11.03674,45.90852],[11.03716,45.90946],[11.03783,45.91044],[11.03867,45.91132],[11.04259,45.91513],[11.04356,45.91593],[11.04503,45.91684],[11.04613,45.91733],[11.04764,45.91778],[11.05105,45.9187],[11.05421,45.91949],[11.05814,45.92053],[11.06186,45.92147],[11.06617,45.9226],[11.07101,45.92383],[11.0793,45.92599],[11.0812,45.92658],[11.0823,45.92704],[11.08315,45.92745],[11.08434,45.92822],[11.08528,45.92898],[11.08678,45.93035],[11.08782,45.93139],[11.09039,45.93381],[11.0914,45.93465],[11.0914,45.93465]]}},{"type":"Feature","properties":{"n":"Verona-Vicetia"},"geometry":{"type":"LineString","coordinates":[[10.9932,45.43883],[10.99469,45.4375],[10.99664,45.43614],[10.99846,45.43545],[11.00316,45.43433],[11.0091,45.4337],[11.01069,45.43389],[11.01373,45.43477],[11.01611,45.43504],[11.01956,45.43554],[11.02391,45.4363],[11.02806,45.43669],[11.03044,45.43632],[11.03747,45.43516],[11.03985,45.43429],[11.0412,45.43362],[11.04277,45.43269],[11.04422,45.4314],[11.04527,45.43024],[11.04625,45.42911],[11.04775,45.42786],[11.04973,45.42679],[11.05235,45.42602],[11.06443,45.42445],[11.07143,45.42364],[11.08464,45.42199],[11.11583,45.41836]]}},{"type":"Feature","properties":{"n":"Verona-Vicetia"},"geometry":{"type":"LineString","coordinates":[[11.11583,45.41836],[11.1383,45.4216],[11.15746,45.42],[11.17262,45.41923],[11.18942,45.41576],[11.21326,45.413],[11.24297,45.41023],[11.26586,45.40886],[11.2859,45.41235],[11.32126,45.42149],[11.35108,45.43428],[11.36846,45.44103],[11.37193,45.44309],[11.37996,45.45192],[11.38383,45.4555],[11.38612,45.45746],[11.3946,45.45966],[11.40076,45.46218],[11.40401,45.4631],[11.41286,45.4757],[11.42443,45.48799],[11.43587,45.49992],[11.4414,45.50579],[11.44774,45.51062],[11.45768,45.5142],[11.48094,45.5213],[11.48784,45.52346],[11.49269,45.52524],[11.50117,45.53046],[11.50816,45.53459],[11.51596,45.53784],[11.52407,45.54117],[11.53281,45.54467],[11.53567,45.54547],[11.54137,45.54619],[11.5466,45.5483],[11.55001,45.54989],[11.55084,45.55018]]}},{"type":"Feature","properties":{"n":"Feltria-Tridentium"},"geometry":{"type":"LineString","coordinates":[[11.90572,46.01659],[11.83424,46.00651],[11.81663,46.01231],[11.76492,46.02725],[11.75158,46.03582],[11.7412,46.03627],[11.73208,46.03938],[11.72375,46.04037],[11.7151,46.04276],[11.70736,46.04425],[11.70315,46.05052],[11.7029,46.04933],[11.7018,46.04788],[11.70095,46.04803],[11.69996,46.05081],[11.69586,46.05573],[11.68766,46.05981],[11.67742,46.06109],[11.65925,46.06411],[11.64022,46.06754],[11.62719,46.06812],[11.61768,46.06576],[11.58994,46.0734],[11.56663,46.08223],[11.54606,46.08125],[11.53085,46.08035],[11.51721,46.07955],[11.50153,46.07346],[11.49289,46.07004],[11.47755,46.06418],[11.46967,46.0593],[11.45267,46.05332],[11.42955,46.04662]]}},{"type":"Feature","properties":{"n":"Feltria-Tridentium"},"geometry":{"type":"LineString","coordinates":[[11.42955,46.04662],[11.40638,46.03948],[11.39066,46.03059],[11.37513,46.02771],[11.36204,46.0196],[11.33784,46.01623],[11.31432,46.0082],[11.29908,46.01261],[11.28232,46.01663],[11.27622,46.0193],[11.27244,46.02396],[11.26897,46.02866],[11.26804,46.03062],[11.26495,46.03371],[11.25894,46.03521],[11.25481,46.04167],[11.25519,46.04655],[11.24769,46.0529],[11.23777,46.05581],[11.23301,46.06306],[11.21703,46.07135],[11.18983,46.08242],[11.1745,46.08351],[11.1694,46.08212],[11.16292,46.08196],[11.1586,46.08065],[11.15489,46.07906],[11.14691,46.07591],[11.14091,46.07573],[11.12527,46.07018],[11.11987,46.06957],[11.11748,46.07017]]}},{"type":"Feature","properties":{"n":"Verona-Brixia"},"geometry":{"type":"LineString","coordinates":[[10.2854,45.51437],[10.24143,45.533],[10.22528,45.53717]]}},{"type":"Feature","properties":{"n":"Verona-Brixia"},"geometry":{"type":"LineString","coordinates":[[10.98819,45.43937],[10.98366,45.44093],[10.97674,45.44524],[10.95682,45.4467],[10.9416,45.44674],[10.91296,45.44655],[10.88806,45.44668],[10.87165,45.4462],[10.84769,45.44599],[10.82278,45.44375],[10.81211,45.44235],[10.79867,45.43977],[10.79054,45.4405],[10.78565,45.43936],[10.77211,45.4407],[10.76349,45.43846],[10.74855,45.43803],[10.73235,45.43759],[10.70838,45.44176],[10.69959,45.43618],[10.69367,45.435],[10.67424,45.44152],[10.66641,45.44216],[10.65194,45.44092],[10.64377,45.44394],[10.61703,45.44408],[10.58303,45.44539],[10.54655,45.44952],[10.52511,45.45564],[10.50186,45.46565],[10.48567,45.47425],[10.47402,45.47489],[10.46127,45.47264],[10.43128,45.47842],[10.41896,45.48151],[10.40621,45.48],[10.38391,45.4853],[10.35597,45.49003],[10.31477,45.50169],[10.2854,45.51437]]}},{"type":"Feature","properties":{"n":"Verona-Brixia"},"geometry":{"type":"LineString","coordinates":[[10.9932,45.43883],[10.99151,45.43844],[10.98819,45.43937]]}},{"type":"Feature","properties":{"n":"Hasta-Dertona"},"geometry":{"type":"LineString","coordinates":[[8.20047,44.89935],[8.20493,44.90009],[8.20975,44.90198],[8.22148,44.90499],[8.23263,44.90575],[8.28399,44.90735],[8.29334,44.89918],[8.30828,44.88627],[8.3124,44.88151],[8.31857,44.87743],[8.33539,44.87915],[8.37257,44.88949],[8.42212,44.89978],[8.44409,44.90017],[8.47152,44.90412],[8.49063,44.90575],[8.50781,44.90939],[8.5167,44.9109],[8.53781,44.90637],[8.56094,44.90768],[8.57328,44.90582],[8.58168,44.90549],[8.59594,44.90457],[8.60675,44.89963],[8.62526,44.89227],[8.64511,44.89014],[8.66372,44.88773],[8.67817,44.88448],[8.70971,44.88511],[8.74606,44.88886],[8.77655,44.89225],[8.80347,44.89496],[8.83652,44.89566],[8.85111,44.89594],[8.86128,44.89502],[8.86228,44.89505]]}},{"type":"Feature","properties":{"n":"Dertona-Placentia"},"geometry":{"type":"LineString","coordinates":[[9.22066,45.04452],[9.23782,45.05033],[9.2397,45.05107],[9.25054,45.05874],[9.25506,45.06048],[9.26183,45.0623],[9.26672,45.06789],[9.27103,45.07329],[9.27619,45.07601],[9.28592,45.0762],[9.29287,45.07542],[9.30729,45.07556],[9.31305,45.0744],[9.3209,45.07115],[9.32809,45.07],[9.33224,45.06984],[9.33882,45.06962],[9.35554,45.068],[9.36769,45.06652],[9.39756,45.06298],[9.41179,45.06127],[9.42091,45.0601],[9.42752,45.05936],[9.43918,45.05871],[9.44575,45.05651],[9.45393,45.05363],[9.45842,45.0527],[9.48618,45.05826],[9.49616,45.06109],[9.50687,45.06179],[9.5172,45.06136],[9.54162,45.06075],[9.56129,45.06021],[9.60507,45.05881],[9.62839,45.05583],[9.65488,45.0568],[9.67291,45.05667],[9.68119,45.05676],[9.6872,45.05494],[9.69308,45.05281],[9.69308,45.05281]]}},{"type":"Feature","properties":{"n":"Aquae Statiellae-Dertona"},"geometry":{"type":"LineString","coordinates":[[8.46709,44.67635],[8.47185,44.67547],[8.47363,44.67633],[8.47802,44.67839],[8.48209,44.68109],[8.48626,44.68112],[8.49091,44.68042],[8.502,44.68156],[8.51804,44.68777],[8.52141,44.6957],[8.52381,44.70067],[8.52789,44.70731],[8.53096,44.7171],[8.53853,44.73081],[8.55637,44.74238],[8.56311,44.7477],[8.58139,44.76206],[8.59364,44.77188],[8.59593,44.77348],[8.60286,44.77567],[8.60636,44.7767],[8.60913,44.77729],[8.62852,44.78296],[8.64865,44.78961],[8.67084,44.79556],[8.67975,44.79819],[8.68611,44.80029],[8.69253,44.80284],[8.70135,44.80699],[8.72036,44.81556],[8.73238,44.82103],[8.73638,44.82265],[8.73946,44.82422],[8.76506,44.83619],[8.78297,44.8445],[8.79533,44.85018],[8.80834,44.85625],[8.82204,44.86257],[8.86329,44.89523]]}},{"type":"Feature","properties":{"n":"Savona-Canalicum"},"geometry":{"type":"LineString","coordinates":[[8.48035,44.31963],[8.47498,44.3223],[8.47412,44.32268],[8.47291,44.32305],[8.47129,44.32363],[8.46536,44.32513],[8.46174,44.32624],[8.45872,44.32699],[8.4548,44.32812],[8.45046,44.32934],[8.44706,44.33038],[8.44083,44.33128],[8.43609,44.33178],[8.43491,44.33195],[8.42935,44.33252],[8.42438,44.33312],[8.41682,44.33399],[8.41076,44.33457],[8.3908,44.33681],[8.38749,44.33722],[8.38451,44.33743],[8.37814,44.3382],[8.37687,44.33859],[8.37475,44.34001],[8.37379,44.34049],[8.36937,44.34242],[8.36416,44.34482],[8.36004,44.3466],[8.35507,44.34868],[8.35067,44.35062],[8.34818,44.35168],[8.34558,44.35268],[8.3418,44.35408],[8.33598,44.35667],[8.33392,44.35755],[8.32745,44.36051],[8.32546,44.36133],[8.32092,44.3634],[8.31524,44.36588],[8.3101,44.36819],[8.30728,44.36956],[8.30598,44.37001],[8.30267,44.37148],[8.30007,44.37268],[8.29672,44.37414],[8.29459,44.37512],[8.28783,44.37909],[8.28675,44.38179],[8.28671,44.38376],[8.28466,44.3858],[8.28224,44.38724],[8.28089,44.39003],[8.28239,44.39397],[8.28118,44.39859],[8.27592,44.40054],[8.27592,44.40054]]}},{"type":"Feature","properties":{"n":"Augusta Taurinorum-Ticinum"},"geometry":{"type":"LineString","coordinates":[[8.68569,45.15033],[8.68217,45.15072],[8.6657,45.15208],[8.66299,45.15423],[8.65883,45.15563],[8.65336,45.15872],[8.65054,45.16205],[8.64271,45.16571],[8.63691,45.16576],[8.62799,45.16802],[8.62328,45.16825],[8.61928,45.16803],[8.61342,45.16866],[8.60869,45.1687],[8.60284,45.17052],[8.59938,45.17259],[8.59769,45.17388],[8.5913,45.17465],[8.58267,45.1748],[8.57463,45.17501],[8.56443,45.17521],[8.55011,45.17139],[8.54668,45.16983],[8.53218,45.16541],[8.52809,45.16438],[8.51649,45.16348],[8.49936,45.16259],[8.47637,45.16144],[8.46891,45.16086],[8.45762,45.15851],[8.44367,45.15893],[8.44091,45.15944],[8.43258,45.1595],[8.42967,45.1601],[8.41903,45.16265],[8.40897,45.16284],[8.39869,45.16339],[8.37687,45.16503],[8.37053,45.16539],[8.3666,45.16531],[8.35248,45.16911],[8.3431,45.17171],[8.32376,45.1817],[8.31733,45.18491],[8.31381,45.18604],[8.31053,45.18653],[8.30656,45.18669],[8.29598,45.18732],[8.29598,45.18732]]}},{"type":"Feature","properties":{"n":"Placentia-Cremona"},"geometry":{"type":"LineString","coordinates":[[9.69308,45.05281],[9.70843,45.05139],[9.71817,45.0522],[9.74053,45.04938],[9.76103,45.05069],[9.78535,45.04965],[9.79133,45.04888],[9.82445,45.04579],[9.83667,45.0455],[9.84527,45.04603],[9.86132,45.05048],[9.87125,45.0532],[9.88065,45.05504],[9.88467,45.06188],[9.88734,45.06676],[9.88903,45.06804],[9.90196,45.07462],[9.90459,45.07598],[9.90828,45.0816],[9.92271,45.08639],[9.93076,45.08929],[9.95154,45.09105],[9.96455,45.09219],[9.96628,45.09246],[9.97511,45.09589],[9.97673,45.09672],[9.98297,45.09709],[9.98329,45.09709],[9.98564,45.10043],[9.98605,45.1011],[9.98784,45.10297],[9.99019,45.10495],[9.99192,45.10614],[9.99307,45.10738],[9.99462,45.11225],[9.9932,45.11487],[9.9894,45.12135],[9.98943,45.12218],[9.99503,45.12886],[10.00141,45.13043],[10.0237,45.13396],[10.0237,45.13396]]}},{"type":"Feature","properties":{"n":"Cremona-Verona"},"geometry":{"type":"LineString","coordinates":[[10.50397,45.15378],[10.50174,45.15245],[10.50031,45.15154],[10.49905,45.15068],[10.49774,45.14973],[10.49629,45.14883],[10.49414,45.14759],[10.4924,45.14651],[10.49058,45.14546],[10.48731,45.14389],[10.48655,45.14357],[10.4836,45.1417],[10.48117,45.14069],[10.47473,45.14227],[10.46591,45.14141],[10.44027,45.12854]]}},{"type":"Feature","properties":{"n":"Cremona-Verona"},"geometry":{"type":"LineString","coordinates":[[10.44027,45.12854],[10.43434,45.12278],[10.38098,45.11807],[10.36759,45.11734],[10.36207,45.11698],[10.34806,45.1161],[10.34215,45.11583],[10.33741,45.11546],[10.33234,45.11526],[10.32504,45.11494],[10.31734,45.11444],[10.31088,45.11406],[10.30409,45.11368],[10.29062,45.11306],[10.28741,45.11345],[10.27782,45.11505],[10.23413,45.12278],[10.21724,45.12574],[10.20604,45.1277],[10.19614,45.12945],[10.18825,45.13086],[10.16796,45.13446],[10.1542,45.13679],[10.14647,45.13694],[10.14056,45.13708],[10.1334,45.13709],[10.12402,45.13706],[10.11279,45.13704],[10.09239,45.13692],[10.08764,45.13694],[10.08186,45.13693],[10.06649,45.13687],[10.06098,45.13708],[10.05677,45.13758],[10.05278,45.13843],[10.04244,45.13816],[10.0237,45.13396],[10.0237,45.13396]]}},{"type":"Feature","properties":{"n":"Rigomagus-Vercellae"},"geometry":{"type":"LineString","coordinates":[[8.29598,45.18732],[8.2961,45.18986],[8.29625,45.19201],[8.29636,45.19315],[8.29712,45.19634],[8.29746,45.19802],[8.29917,45.20301],[8.29943,45.20337],[8.30297,45.20707],[8.30357,45.20779],[8.3044,45.20985],[8.30889,45.21958],[8.30987,45.22148],[8.31133,45.22304],[8.32253,45.23207],[8.32569,45.23458],[8.32776,45.23612],[8.32979,45.23724],[8.33297,45.23877],[8.33588,45.24031],[8.33642,45.24071],[8.33804,45.24295],[8.34217,45.24833],[8.34378,45.25054],[8.34526,45.25249],[8.34632,45.25398],[8.34753,45.25601],[8.34841,45.25743],[8.34946,45.25876],[8.35164,45.26188],[8.3527,45.26351],[8.35423,45.26569],[8.35562,45.26698],[8.35782,45.26897],[8.36051,45.27134],[8.36245,45.27308],[8.36314,45.27373],[8.36524,45.27628],[8.36738,45.27825],[8.36813,45.27887],[8.36913,45.2798],[8.37145,45.28177],[8.37482,45.28478],[8.37931,45.28859],[8.38429,45.29314],[8.387,45.29553],[8.39325,45.30117],[8.39655,45.30409],[8.39905,45.30633],[8.40147,45.30858],[8.40266,45.30959],[8.40631,45.31291],[8.40847,45.31483],[8.41102,45.31716],[8.41287,45.3188],[8.42255,45.32478],[8.42255,45.32478]]}},{"type":"Feature","properties":{"n":"Vercellae-Novaria"},"geometry":{"type":"LineString","coordinates":[[8.62062,45.44687],[8.605,45.44689],[8.60293,45.44625],[8.59789,45.44356],[8.58192,45.43485],[8.57521,45.43114],[8.56333,45.42475],[8.54793,45.41636],[8.52261,45.40262],[8.51404,45.39792],[8.48465,45.3819],[8.48052,45.37919],[8.47779,45.37695],[8.47484,45.37411],[8.46603,45.36434],[8.46322,45.36116],[8.46092,45.35861],[8.45847,45.35582],[8.45571,45.35261],[8.45169,45.34822],[8.44932,45.34555],[8.44477,45.34049],[8.44364,45.33945],[8.44296,45.33908],[8.44225,45.3388],[8.44082,45.3384],[8.43893,45.33793],[8.43673,45.33735],[8.434,45.3341],[8.42481,45.32694],[8.42255,45.32478],[8.42255,45.32478]]}},{"type":"Feature","properties":{"n":"Vercellae-Eporedia"},"geometry":{"type":"LineString","coordinates":[[8.42255,45.32478],[8.40871,45.3238],[8.38634,45.32437],[8.36563,45.32468],[8.33717,45.32516],[8.31606,45.33182],[8.29119,45.33966],[8.26453,45.34604],[8.2514,45.349],[8.24706,45.35001],[8.24004,45.35041],[8.21802,45.35576],[8.20172,45.35968],[8.18227,45.36426],[8.17461,45.36613],[8.15972,45.3697],[8.14999,45.372],[8.13584,45.37541],[8.11454,45.3812],[8.09803,45.38476],[8.08616,45.38755],[8.07965,45.38909],[8.06997,45.39029],[8.05786,45.39178],[8.03971,45.39273],[8.02364,45.39714],[8.017,45.40559],[8.00228,45.41246],[7.99334,45.41506],[7.97145,45.41752],[7.96258,45.42535],[7.95549,45.43034],[7.9463,45.43481],[7.93685,45.43744],[7.92429,45.44277],[7.91598,45.44948],[7.91331,45.45109],[7.909,45.45546],[7.90683,45.45907],[7.90431,45.46184],[7.90206,45.4646],[7.90063,45.466]]}},{"type":"Feature","properties":{"n":"Mediolanium-Bergomum"},"geometry":{"type":"LineString","coordinates":[[9.66374,45.69236],[9.66337,45.69194],[9.66291,45.68722],[9.66175,45.68157],[9.66139,45.67697],[9.66181,45.67395],[9.66119,45.67222]]}},{"type":"Feature","properties":{"n":"Mediolanium-Bergomum"},"geometry":{"type":"LineString","coordinates":[[9.66119,45.67222],[9.65326,45.64963],[9.63208,45.61533],[9.60845,45.58941],[9.59109,45.58236],[9.57053,45.58016],[9.55362,45.57888],[9.53725,45.57691],[9.52419,45.57488],[9.5016,45.5662],[9.47983,45.55771],[9.45033,45.54655],[9.4359,45.54156],[9.41654,45.53414],[9.4048,45.53063],[9.39851,45.5281],[9.39279,45.52708],[9.38132,45.52377],[9.37418,45.52272],[9.36146,45.52206],[9.34517,45.52194],[9.33513,45.52196],[9.33089,45.52223],[9.32521,45.52099],[9.31982,45.52063],[9.31138,45.52043],[9.29602,45.52027],[9.28643,45.51647],[9.26143,45.51125],[9.23727,45.49709],[9.22046,45.48731],[9.18828,45.46377],[9.18828,45.46377]]}},{"type":"Feature","properties":{"n":"Mediolanium-Novaria"},"geometry":{"type":"LineString","coordinates":[[9.18828,45.46377],[9.17557,45.46592],[9.16546,45.46605],[9.15039,45.46638],[9.13279,45.46775],[9.11513,45.47483],[9.10607,45.47817],[9.09036,45.48303],[9.07691,45.48749],[9.06838,45.48872],[9.06148,45.48904],[9.05358,45.48885],[9.04487,45.49056],[9.03511,45.48976],[9.02245,45.48878],[9.01498,45.48722],[9.00654,45.4854],[9.00347,45.48522],[8.99712,45.4857],[8.98909,45.4862],[8.98467,45.48636],[8.97738,45.48755],[8.97106,45.48747],[8.9634,45.48899],[8.95666,45.48974],[8.94771,45.49065],[8.94282,45.48952],[8.93161,45.48565],[8.91474,45.47986],[8.90398,45.4762],[8.88428,45.4695],[8.86721,45.46361],[8.85321,45.45884],[8.84778,45.45707],[8.82957,45.45432],[8.80744,45.45091],[8.79773,45.44864],[8.78875,45.44655],[8.77564,45.44295],[8.75503,45.43739],[8.75503,45.43739]]}},{"type":"Feature","properties":{"n":"Mediolanium-Novaria"},"geometry":{"type":"LineString","coordinates":[[8.75503,45.43739],[8.74325,45.4341],[8.73814,45.43274],[8.73533,45.43223],[8.7328,45.43221],[8.72991,45.43161],[8.72854,45.43165],[8.71207,45.43427],[8.69636,45.4367],[8.68277,45.43883],[8.67389,45.44018],[8.66524,45.44154],[8.64963,45.44391],[8.6424,45.44498],[8.63522,45.44612],[8.63053,45.44684],[8.62812,45.44713],[8.62601,45.44691],[8.62062,45.44687]]}},{"type":"Feature","properties":{"n":"Pons Drusi-Foetes"},"geometry":{"type":"LineString","coordinates":[[11.3411,46.48372],[11.27948,46.49717],[11.25168,46.51685],[11.22043,46.55212],[11.18947,46.58495],[11.17738,46.63126],[11.11596,46.68016],[11.09006,46.67968],[11.05729,46.66184],[11.00251,46.64579],[10.96421,46.64539],[10.89538,46.62722],[10.87508,46.62373],[10.84443,46.62015],[10.7685,46.62806],[10.71184,46.61229],[10.62683,46.62973],[10.58848,46.65539],[10.5689,46.67589],[10.54879,46.68417],[10.52397,46.69924],[10.53272,46.71277],[10.54166,46.72644],[10.53555,46.74675],[10.53593,46.77805],[10.54061,46.80393],[10.5233,46.82073],[10.50691,46.84421],[10.49822,46.89738],[10.49232,46.90208],[10.49026,46.91687],[10.48894,46.93045]]}},{"type":"Feature","properties":{"n":"Comum-Bergomum"},"geometry":{"type":"LineString","coordinates":[[9.66374,45.69236],[9.61158,45.69334],[9.59395,45.69586],[9.58252,45.70318],[9.55461,45.72266],[9.5252,45.73023],[9.49245,45.73328],[9.46989,45.74744],[9.45125,45.76038],[9.44117,45.77831],[9.43363,45.79824],[9.41277,45.80219],[9.39234,45.81022],[9.38591,45.81421],[9.3754,45.81782],[9.3668,45.82048],[9.35547,45.82667],[9.34405,45.82878],[9.32967,45.82489],[9.31845,45.82052],[9.3009,45.81604],[9.2815,45.81349],[9.26454,45.80994],[9.24077,45.81],[9.21848,45.81012],[9.20726,45.8067],[9.19293,45.80051],[9.17329,45.79644],[9.14855,45.79639],[9.12722,45.79516],[9.1108,45.79914],[9.10408,45.8024],[9.09684,45.80472],[9.08524,45.81206]]}},{"type":"Feature","properties":{"n":"Comum-Mediolanum"},"geometry":{"type":"LineString","coordinates":[[9.08524,45.81206],[9.08503,45.80896],[9.08538,45.80609],[9.0864,45.80318],[9.08648,45.80088],[9.08664,45.79904],[9.08736,45.79754],[9.08938,45.79625],[9.0912,45.79462],[9.09182,45.79243],[9.09023,45.78971]]}},{"type":"Feature","properties":{"n":"Comum-Mediolanum"},"geometry":{"type":"LineString","coordinates":[[9.18937,45.48989],[9.189,45.48525],[9.18946,45.48161],[9.18938,45.47961],[9.18871,45.47609],[9.18827,45.4747],[9.18751,45.47299],[9.18859,45.46912],[9.1894,45.46742],[9.18828,45.46377]]}},{"type":"Feature","properties":{"n":"Comum-Mediolanum"},"geometry":{"type":"LineString","coordinates":[[9.09023,45.78971],[9.09126,45.78534],[9.09322,45.78097],[9.0978,45.77701],[9.10384,45.77513],[9.10838,45.77343],[9.10975,45.77156],[9.11134,45.76764],[9.11265,45.76356],[9.11457,45.76008],[9.11586,45.757],[9.11654,45.75408],[9.11788,45.75145],[9.11918,45.74769],[9.12411,45.74385],[9.12641,45.74127],[9.13033,45.73877],[9.13486,45.73524],[9.13952,45.73198],[9.14687,45.72852],[9.15028,45.72503],[9.15522,45.71909],[9.16556,45.71161],[9.17286,45.70635],[9.17659,45.69932],[9.1854,45.69222],[9.19117,45.68228],[9.19496,45.66677],[9.19768,45.65649],[9.20114,45.64632],[9.20398,45.63392],[9.20867,45.62138],[9.19828,45.5927],[9.18623,45.56245],[9.18739,45.54383],[9.19314,45.53323],[9.19172,45.51776],[9.18812,45.50637],[9.18937,45.48989],[9.18937,45.48989]]}},{"type":"Feature","properties":{"n":"Mediolanum-Comum"},"geometry":{"type":"LineString","coordinates":[[9.09023,45.78971],[9.08856,45.78949],[9.08618,45.79019],[9.08098,45.789],[9.07198,45.78519],[9.06851,45.78219],[9.06392,45.77386],[9.06244,45.77149],[9.05967,45.76858],[9.05616,45.76362],[9.05231,45.7604],[9.05017,45.75353],[9.05,45.74558],[9.05084,45.74198],[9.05525,45.73746],[9.0604,45.73339],[9.0657,45.72747],[9.07375,45.71945],[9.09368,45.70185],[9.09918,45.69458],[9.10998,45.68789],[9.11191,45.68198],[9.11782,45.67367],[9.12375,45.66457],[9.1343,45.64793],[9.13577,45.64575],[9.1357,45.6444],[9.1368,45.64208],[9.13821,45.63818],[9.1382,45.63602],[9.14161,45.63214],[9.1428,45.63026],[9.14443,45.62792],[9.14372,45.62399],[9.14584,45.6204],[9.14692,45.61623],[9.14772,45.61276],[9.1478,45.61094],[9.14582,45.60747],[9.1456,45.59979],[9.14559,45.5876],[9.14548,45.58016],[9.14637,45.57747],[9.1471,45.57332],[9.14967,45.56686],[9.15283,45.5588],[9.15417,45.55325],[9.16064,45.53531],[9.16376,45.52755],[9.165,45.52517],[9.16798,45.52218],[9.16964,45.52012],[9.17754,45.50818],[9.17991,45.50511],[9.18415,45.49871],[9.1885,45.49256],[9.18907,45.49112],[9.18937,45.48989],[9.18937,45.48989]]}},{"type":"Feature","properties":{"n":"Mediolanum-Ticinum"},"geometry":{"type":"LineString","coordinates":[[9.18828,45.46377],[9.18853,45.46073],[9.18735,45.45633],[9.18687,45.45195],[9.18605,45.44955],[9.18301,45.44431],[9.17803,45.43037],[9.17751,45.42425],[9.17617,45.41967],[9.17507,45.41405],[9.17436,45.40948],[9.17415,45.40459],[9.17365,45.40079],[9.17203,45.38926],[9.17088,45.38373],[9.16883,45.37887],[9.16655,45.37494],[9.16596,45.37152],[9.16645,45.36897],[9.16683,45.36413],[9.16364,45.33709],[9.16296,45.32899],[9.16199,45.32602],[9.1615,45.32477],[9.16036,45.32067],[9.16011,45.31774],[9.15969,45.31448],[9.15889,45.31095],[9.15896,45.3084],[9.15919,45.30354],[9.15821,45.29899],[9.156,45.28755],[9.15518,45.27804],[9.15523,45.27407],[9.15446,45.27147],[9.1533,45.26781],[9.15171,45.25629],[9.1511,45.25388],[9.15062,45.24822],[9.15015,45.24516],[9.15023,45.23433],[9.1512,45.23046],[9.15159,45.22574],[9.15024,45.21268],[9.14969,45.20689],[9.15028,45.20534],[9.15349,45.20232],[9.1573,45.19854],[9.15728,45.1958],[9.15652,45.19129],[9.15646,45.18884],[9.15547,45.18605],[9.15547,45.18605]]}},{"type":"Feature","properties":{"n":"Ticinum-Clastidium"},"geometry":{"type":"LineString","coordinates":[[9.1486,45.17506],[9.14866,45.17241],[9.14842,45.17022],[9.14784,45.16673],[9.14811,45.16544],[9.14948,45.16267],[9.15021,45.15857],[9.15122,45.15636],[9.15166,45.1534],[9.15012,45.15161],[9.14524,45.14851],[9.14182,45.14486],[9.13875,45.14151],[9.13687,45.1371],[9.1356,45.13433],[9.13541,45.13196],[9.13482,45.12802],[9.13066,45.12393],[9.12729,45.11534],[9.1229,45.10265],[9.11907,45.09107],[9.12096,45.08752],[9.12235,45.0824],[9.12252,45.07895],[9.12854,45.07365],[9.13444,45.0692],[9.13726,45.06637],[9.13596,45.05924],[9.13377,45.04895],[9.13171,45.03675],[9.12902,45.02679],[9.12846,45.02353],[9.12763,45.01982],[9.12883,45.01616],[9.12883,45.01616]]}},{"type":"Feature","properties":{"n":"Vercellae-Laumellum"},"geometry":{"type":"LineString","coordinates":[[8.68569,45.15033],[8.67929,45.1523],[8.6752,45.15347],[8.67092,45.15577],[8.66549,45.15827],[8.66099,45.1605],[8.65761,45.16245],[8.64578,45.16809],[8.63898,45.17154],[8.63452,45.17429],[8.62932,45.17693],[8.62608,45.17813],[8.621,45.18202],[8.61756,45.18546],[8.61336,45.1876],[8.61164,45.18855],[8.60742,45.19278],[8.59627,45.20714],[8.58847,45.21712],[8.5824,45.22021],[8.5653,45.22952],[8.56196,45.23066],[8.55547,45.23516],[8.55006,45.23698],[8.54518,45.23901],[8.5407,45.24162],[8.53327,45.24353],[8.52617,45.24543],[8.52112,45.24914],[8.51768,45.25206],[8.50995,45.25447],[8.50052,45.25839],[8.48847,45.2616],[8.47654,45.26612],[8.46911,45.26983],[8.46507,45.27708],[8.46111,45.28348],[8.45489,45.28928],[8.45244,45.2937],[8.4472,45.30268],[8.44082,45.31028],[8.42783,45.31975],[8.42624,45.32111],[8.42255,45.32478],[8.42255,45.32478]]}},{"type":"Feature","properties":{"n":"Comum-Clavenna"},"geometry":{"type":"LineString","coordinates":[[9.08524,45.81206],[9.082,45.81171],[9.07819,45.81171],[9.07198,45.81242],[9.06913,45.81264],[9.06683,45.81474]]}},{"type":"Feature","properties":{"n":"Comum-Clavenna"},"geometry":{"type":"LineString","coordinates":[[9.06683,45.81474],[9.0657,45.81705],[9.06574,45.8193]]}},{"type":"Feature","properties":{"n":"Comum-Clavenna"},"geometry":{"type":"LineString","coordinates":[[9.06574,45.8193],[9.08844,45.84703],[9.11088,45.86757],[9.13642,45.88109],[9.13715,45.89893],[9.13176,45.91965],[9.12842,45.93652],[9.14073,45.95188],[9.1648,45.96235],[9.18565,45.96778],[9.21645,45.98259],[9.23741,45.99877],[9.23639,46.01505],[9.23753,46.03499],[9.24846,46.0401],[9.25547,46.04803],[9.26833,46.06251],[9.27657,46.07108],[9.278,46.07573],[9.27787,46.08462],[9.27895,46.09568],[9.27703,46.10546],[9.28055,46.11968],[9.29635,46.143],[9.34007,46.15847],[9.38253,46.17328],[9.43325,46.17196],[9.45113,46.19539],[9.44608,46.22148],[9.4146,46.25969],[9.39641,46.31045],[9.39805,46.31533]]}},{"type":"Feature","properties":{"n":"Clavenna-Curia"},"geometry":{"type":"LineString","coordinates":[[9.39779,46.32094],[9.36995,46.3372],[9.36707,46.35074],[9.36404,46.36135],[9.36091,46.36907],[9.35579,46.38001],[9.35254,46.39762],[9.34112,46.4236],[9.34086,46.43703],[9.33498,46.44395],[9.32807,46.45743],[9.3324,46.46429],[9.34332,46.46976],[9.34336,46.48062],[9.33303,46.48714],[9.33087,46.49296],[9.3293,46.50099],[9.33052,46.51116],[9.33126,46.52408],[9.3273,46.54196],[9.33636,46.5563],[9.36252,46.56751],[9.38971,46.56787],[9.41739,46.57376],[9.4287,46.59969],[9.4431,46.64081],[9.44942,46.65682],[9.44953,46.67703],[9.4404,46.69164],[9.41964,46.77],[9.40026,46.79439],[9.40724,46.82802]]}},{"type":"Feature","properties":{"n":"Silsersee"},"geometry":{"type":"LineString","coordinates":[[9.79807,46.45965],[9.79021,46.4605],[9.78389,46.46203],[9.77969,46.46279],[9.77628,46.46352],[9.76995,46.46674],[9.76182,46.46921],[9.75689,46.47008],[9.7536,46.47099],[9.74957,46.47231],[9.73451,46.47218],[9.73017,46.47215],[9.7239,46.47305],[9.71916,46.47231],[9.71583,46.47138],[9.71482,46.46989],[9.70966,46.46787],[9.70566,46.46663],[9.70137,46.46645],[9.69921,46.46536],[9.69746,46.46672],[9.69476,46.4675],[9.69124,46.4668],[9.68887,46.46652],[9.68598,46.46545],[9.68514,46.46414],[9.67937,46.46256],[9.67308,46.46206],[9.66101,46.46355],[9.65629,46.46554],[9.65295,46.46729],[9.65027,46.46845]]}},{"type":"Feature","properties":{"n":"Curia-Murus"},"geometry":{"type":"LineString","coordinates":[[9.65027,46.46845],[9.65341,46.46298],[9.65637,46.45951],[9.65677,46.45325],[9.65701,46.44917],[9.65709,46.44587],[9.65745,46.44458],[9.65784,46.442],[9.65455,46.44006],[9.6517,46.43717],[9.65043,46.43321],[9.64537,46.42849],[9.64276,46.42652],[9.64173,46.42436],[9.63911,46.42326],[9.63832,46.42098],[9.63675,46.41712],[9.63712,46.41383],[9.63608,46.41074],[9.63615,46.4089],[9.63624,46.40706],[9.63765,46.40539],[9.63799,46.40373],[9.63881,46.40236],[9.63927,46.40035],[9.63896,46.4],[9.63867,46.39944],[9.6385,46.39888],[9.64104,46.39807],[9.64299,46.39725],[9.64723,46.39618],[9.6513,46.39435],[9.65625,46.39358],[9.66623,46.39106]]}},{"type":"Feature","properties":{"n":"Grimselpass-Realp"},"geometry":{"type":"LineString","coordinates":[[8.5097,46.60136],[8.50189,46.59852],[8.49961,46.59354],[8.49527,46.58964],[8.48883,46.58749],[8.48373,46.58607],[8.47776,46.5861],[8.4747,46.58852],[8.47149,46.59078],[8.46191,46.59273],[8.45613,46.59467],[8.45327,46.59156],[8.43381,46.58759],[8.43071,46.58635],[8.42883,46.58414],[8.42722,46.58314],[8.42723,46.58221],[8.42667,46.58133],[8.427,46.58046],[8.4248,46.57873],[8.42009,46.57537],[8.41709,46.574],[8.41471,46.57257],[8.41176,46.57063],[8.40959,46.56926],[8.4084,46.56821],[8.40638,46.5678],[8.40258,46.5673],[8.39568,46.5701],[8.39,46.57051],[8.38419,46.56863],[8.37987,46.56654],[8.37749,46.56561],[8.36885,46.56344],[8.36549,46.56259],[8.36243,46.56162],[8.36039,46.561],[8.35783,46.56044],[8.35588,46.55916],[8.35588,46.55916]]}},{"type":"Feature","properties":{"n":"Comum-Novaria"},"geometry":{"type":"LineString","coordinates":[[8.62062,45.44687],[8.62125,45.45004],[8.6213,45.45148],[8.62054,45.45262],[8.62022,45.45504],[8.6178,45.45955],[8.61551,45.46935],[8.61288,45.47953],[8.61339,45.48469],[8.6181,45.5136],[8.62716,45.5646],[8.62802,45.56713],[8.63078,45.5848],[8.63271,45.59647],[8.63283,45.59988],[8.62961,45.61416],[8.6236,45.64237],[8.62172,45.65016],[8.63055,45.66968],[8.63108,45.67133]]}},{"type":"Feature","properties":{"n":"Comum-Novaria"},"geometry":{"type":"LineString","coordinates":[[8.63108,45.67133],[8.63796,45.69706],[8.64473,45.71283],[8.65585,45.71988],[8.70425,45.72266],[8.73255,45.7311],[8.76026,45.74351],[8.77654,45.75686],[8.78575,45.76687],[8.78997,45.77371],[8.80529,45.77839],[8.83444,45.79269],[8.85284,45.79726],[8.86485,45.80047],[8.87478,45.80472],[8.89092,45.81057],[8.90038,45.81612],[8.90794,45.8153],[8.91734,45.81813],[8.92582,45.82084],[8.93181,45.82112],[8.93686,45.82257],[8.94309,45.82572],[8.94737,45.82785],[8.9564,45.82577],[8.96447,45.82326],[8.97056,45.82202],[8.97434,45.82535],[8.97628,45.82796],[8.97984,45.83051],[8.98147,45.83224],[8.98431,45.83385],[8.99289,45.83589],[9.01943,45.83208],[9.04185,45.82934],[9.05461,45.82289],[9.062,45.81907],[9.06574,45.8193]]}},{"type":"Feature","properties":{"n":"Dertona-Libarna"},"geometry":{"type":"LineString","coordinates":[[8.86524,44.70589],[8.86421,44.70686],[8.86193,44.70914],[8.86113,44.71136],[8.86109,44.7156],[8.85968,44.71925],[8.859,44.72324],[8.85631,44.72812],[8.8451,44.74218],[8.84952,44.75468],[8.85635,44.75768],[8.86145,44.76428],[8.86227,44.76608],[8.86565,44.76923],[8.86452,44.79495],[8.8553,44.81288],[8.8535,44.83005],[8.85267,44.84498],[8.85635,44.86773],[8.86031,44.88946],[8.86329,44.89523]]}},{"type":"Feature","properties":{"n":"Aquileia-Iulium Carnicum"},"geometry":{"type":"LineString","coordinates":[[13.13489,46.37722],[13.13378,46.36792],[13.13977,46.35361],[13.14091,46.35077],[13.14179,46.34827],[13.14054,46.34661],[13.13948,46.34442],[13.13745,46.33398],[13.13671,46.33002],[13.13615,46.3268],[13.13631,46.32507],[13.13783,46.32364],[13.13837,46.32021],[13.13867,46.31703],[13.13953,46.31396],[13.14008,46.31217],[13.14301,46.30996],[13.14272,46.30472],[13.14193,46.30222],[13.14205,46.29895],[13.14246,46.29592],[13.14283,46.2942],[13.14003,46.29053],[13.13783,46.28636],[13.13854,46.28253],[13.13877,46.27876],[13.14079,46.27607],[13.14386,46.27512],[13.14633,46.26963],[13.14701,46.26562],[13.1472,46.26121],[13.14759,46.25546],[13.14941,46.24887],[13.15362,46.24446],[13.1562,46.23846],[13.1562,46.23846]]}},{"type":"Feature","properties":{"n":"Aquileia-Iulium Carnicum"},"geometry":{"type":"LineString","coordinates":[[13.1562,46.23846],[13.15896,46.23545],[13.16519,46.23356],[13.17246,46.2299],[13.17344,46.22925],[13.17495,46.22669],[13.1781,46.22376],[13.17954,46.22063]]}},{"type":"Feature","properties":{"n":"Aquileia-Iulium Carnicum"},"geometry":{"type":"LineString","coordinates":[[13.17954,46.22063],[13.18113,46.21719],[13.18588,46.20937],[13.19054,46.20279],[13.19231,46.19933],[13.19365,46.19533],[13.19891,46.18821],[13.20275,46.18228],[13.20457,46.17951],[13.20569,46.1736],[13.20681,46.16844],[13.21097,46.16291],[13.21163,46.16136],[13.21315,46.15964],[13.21775,46.15779]]}},{"type":"Feature","properties":{"n":"Aquileia-Iulium Carnicum"},"geometry":{"type":"LineString","coordinates":[[13.21775,46.15779],[13.21859,46.15611],[13.22359,46.15118],[13.22857,46.14677],[13.23517,46.14247],[13.23714,46.14183],[13.23976,46.14008],[13.24196,46.13809],[13.24272,46.13657],[13.24461,46.13098],[13.24686,46.10396],[13.24819,46.08468],[13.24872,46.07176],[13.25007,46.0643],[13.25035,46.05866],[13.25168,46.05464],[13.25044,46.04954],[13.25048,46.0457],[13.25781,46.02958],[13.26454,46.01338],[13.26703,46.0125],[13.27051,46.01185],[13.27288,46.00424],[13.27511,45.99181],[13.27672,45.98678],[13.2763,45.97136],[13.27675,45.96921],[13.28352,45.95882],[13.28284,45.95366],[13.28468,45.94576],[13.28683,45.94306],[13.28915,45.93624],[13.29275,45.93169],[13.29382,45.92677],[13.29487,45.9243],[13.29425,45.91794],[13.29551,45.91004],[13.29854,45.90045],[13.30317,45.89187],[13.30579,45.88517],[13.30835,45.8772],[13.31151,45.87175],[13.31558,45.86373],[13.31928,45.8557],[13.31928,45.8557]]}},{"type":"Feature","properties":{"n":"Curia-Murus"},"geometry":{"type":"LineString","coordinates":[[9.56106,46.75607],[9.55668,46.74428],[9.55545,46.73234],[9.55778,46.72517],[9.55895,46.71673],[9.55809,46.69952],[9.56333,46.68481],[9.57268,46.66928],[9.57964,46.66129],[9.57706,46.65714],[9.57658,46.65257],[9.57967,46.64895],[9.58346,46.64564],[9.5831,46.63823],[9.58605,46.63378],[9.58674,46.63034],[9.5841,46.62854],[9.58784,46.62423],[9.59263,46.61647],[9.59167,46.6104],[9.59785,46.59671],[9.61743,46.58275],[9.62447,46.57604],[9.62293,46.56945],[9.62193,46.56588],[9.62456,46.56134],[9.61968,46.52617],[9.63135,46.51331],[9.63989,46.50557],[9.64149,46.49913],[9.64288,46.49071],[9.6414,46.48299],[9.64673,46.47509],[9.65027,46.46845]]}},{"type":"Feature","properties":{"n":"Curia-Murus"},"geometry":{"type":"LineString","coordinates":[[9.52556,46.85209],[9.53894,46.83982],[9.53474,46.84107],[9.53623,46.83936],[9.53834,46.83607],[9.53823,46.83331],[9.53851,46.83046],[9.54023,46.82846],[9.53942,46.82772],[9.54015,46.82589],[9.53912,46.82199],[9.53748,46.81962],[9.53296,46.81495],[9.53249,46.80968],[9.53206,46.80676],[9.53049,46.80505],[9.53045,46.80224],[9.53144,46.79992],[9.53242,46.7931],[9.53509,46.78974],[9.5374,46.78629],[9.5419,46.78355],[9.54404,46.77763],[9.54866,46.77622],[9.55259,46.77355],[9.55609,46.76893],[9.5541,46.7677],[9.5546,46.76543],[9.55443,46.76419],[9.55622,46.76057],[9.56128,46.7569],[9.56106,46.75606]]}},{"type":"Feature","properties":{"n":"Curia-Furkareuss"},"geometry":{"type":"LineString","coordinates":[[9.40724,46.82802],[9.37805,46.82849],[9.35969,46.82809],[9.34917,46.82908],[9.33323,46.83402],[9.30791,46.83494],[9.28434,46.83646],[9.28782,46.82875],[9.27625,46.82525],[9.26319,46.81249],[9.25629,46.79932],[9.24887,46.79349],[9.23567,46.79007],[9.22499,46.78563],[9.20892,46.77692],[9.17223,46.77641],[9.15479,46.77713],[9.13679,46.77605],[9.10706,46.76688],[9.09006,46.75973],[9.06518,46.75714],[9.04484,46.75015],[9.02512,46.74427],[9.00687,46.7444],[8.9844,46.74236],[8.96983,46.7355],[8.95565,46.73435],[8.93821,46.72783],[8.89828,46.7184],[8.87565,46.71335],[8.86685,46.70911],[8.85083,46.70341]]}},{"type":"Feature","properties":{"n":"Genua-Libarna"},"geometry":{"type":"LineString","coordinates":[[8.86524,44.70589],[8.85245,44.70319],[8.8421,44.69617],[8.81005,44.68884],[8.81982,44.67002],[8.83234,44.64904],[8.83712,44.6413],[8.84606,44.62886],[8.84596,44.61468],[8.84845,44.60823],[8.8533,44.60734],[8.8588,44.60016],[8.86017,44.59449],[8.86029,44.59164],[8.86237,44.58903],[8.86698,44.5859],[8.87491,44.57815],[8.88085,44.57521],[8.88449,44.57004],[8.88823,44.56282],[8.8862,44.55787],[8.88671,44.556],[8.88741,44.55347],[8.88707,44.55189],[8.88582,44.55129],[8.88379,44.54976],[8.88246,44.54777],[8.88214,44.54036],[8.88427,44.53391],[8.88551,44.52278],[8.88251,44.51771],[8.8786,44.51582],[8.87802,44.51477],[8.88263,44.51148],[8.90175,44.49732],[8.90348,44.49482]]}},{"type":"Feature","properties":{"n":"Eporedia-Plumbia"},"geometry":{"type":"LineString","coordinates":[[8.05375,45.56624],[8.06474,45.56777],[8.07386,45.56737],[8.10638,45.56418],[8.16874,45.56122],[8.19537,45.56018],[8.21397,45.56235],[8.25412,45.56777],[8.29877,45.57808],[8.3256,45.58467],[8.32828,45.58534],[8.35125,45.59202],[8.3819,45.59931],[8.40072,45.60729],[8.42069,45.62006],[8.43723,45.62445],[8.46575,45.62724],[8.48846,45.6285],[8.50077,45.6288],[8.51324,45.62941],[8.51993,45.62976],[8.54618,45.63123],[8.57641,45.63841],[8.58782,45.64439],[8.60018,45.65167],[8.60814,45.65557],[8.61691,45.66193],[8.63108,45.67133]]}},{"type":"Feature","properties":{"n":"Vercellae-Bugella"},"geometry":{"type":"LineString","coordinates":[[8.05375,45.56624],[8.06161,45.56017],[8.0833,45.55125],[8.10037,45.55049],[8.11447,45.54916],[8.12179,45.54328],[8.12504,45.53264],[8.12558,45.51973],[8.13426,45.50016],[8.14185,45.48781],[8.1554,45.47147],[8.18482,45.45643],[8.19635,45.44988],[8.21818,45.43772],[8.25977,45.41536],[8.29391,45.39367],[8.33431,45.37177],[8.37551,45.35501],[8.40479,45.33577],[8.42079,45.32743],[8.42255,45.32478]]}},{"type":"Feature","properties":{"n":"Durriae-Novaria"},"geometry":{"type":"LineString","coordinates":[[8.75503,45.43739],[8.75584,45.43247],[8.76539,45.42049],[8.85396,45.30985],[8.89487,45.25264],[8.93257,45.2026],[8.94034,45.16611],[8.945,45.15478]]}},{"type":"Feature","properties":{"n":"Novaria-Comum"},"geometry":{"type":"LineString","coordinates":[[8.62062,45.44687],[8.62757,45.45376],[8.63888,45.47049],[8.64181,45.47501],[8.66175,45.50125],[8.68103,45.52734],[8.69735,45.54861],[8.71364,45.56975],[8.74088,45.60431],[8.77286,45.63635],[8.79621,45.6534],[8.82863,45.67724],[8.85693,45.69858],[8.87723,45.71344],[8.90569,45.74353],[8.96939,45.77814],[8.99352,45.78475],[9.01005,45.79364],[9.02415,45.7995],[9.0377,45.80857],[9.05559,45.81159],[9.06559,45.81418],[9.06683,45.81474]]}},{"type":"Feature","properties":{"n":"Ravenna-Bononia"},"geometry":{"type":"LineString","coordinates":[[11.34627,44.49429],[11.37183,44.49474],[11.63409,44.4704],[12.2085,44.41652]]}},{"type":"Feature","properties":{"n":"Bononia-Hatria"},"geometry":{"type":"LineString","coordinates":[[11.34627,44.49429],[11.34982,44.50267],[11.37265,44.5308],[11.4482,44.62396],[11.59713,44.80727],[11.62011,44.83558],[11.65854,44.88203],[11.67072,44.90066],[11.68803,44.91973],[11.72778,44.94605],[11.83753,44.97509],[11.88037,44.98688],[12.04492,45.0528],[12.05261,45.05808]]}},{"type":"Feature","properties":{"n":"Patavium-Ateste"},"geometry":{"type":"LineString","coordinates":[[11.87617,45.40343],[11.87394,45.39811],[11.86086,45.38177],[11.83534,45.34955],[11.8114,45.3189],[11.80023,45.30478],[11.78577,45.28435],[11.77485,45.27274],[11.75222,45.24589],[11.74445,45.23343],[11.72513,45.231],[11.6887,45.23101],[11.66173,45.22869]]}},{"type":"Feature","properties":{"n":"Ateste-Vicus Varianus"},"geometry":{"type":"LineString","coordinates":[[11.66173,45.22869],[11.6615,45.22802],[11.62485,45.13988],[11.58468,45.04803],[11.56773,45.00209],[11.55083,44.94455],[11.5289,44.89861],[11.51579,44.86138]]}},{"type":"Feature","properties":{"n":"Hostilia-Vicus Varianus"},"geometry":{"type":"LineString","coordinates":[[11.51579,44.86138],[11.49987,44.87298],[11.48891,44.87859],[11.4627,44.8863],[11.4483,44.89222],[11.44659,44.91189],[11.45087,44.92037],[11.45258,44.93096],[11.45172,44.93943],[11.44659,44.96152],[11.43933,44.9715],[11.42266,44.97905],[11.40727,44.98268],[11.35854,44.99689],[11.33589,45.00656],[11.31024,45.0256],[11.30298,45.03103],[11.29122,45.05682],[11.2853,45.05987]]}},{"type":"Feature","properties":{"n":"Hostilia-Vicus Varianus"},"geometry":{"type":"LineString","coordinates":[[11.2853,45.05987],[11.25084,45.06514],[11.22506,45.06497],[11.1959,45.06684],[11.16145,45.0597],[11.15435,45.05867],[11.14173,45.05981],[11.13406,45.06594]]}},{"type":"Feature","properties":{"n":"Mutina-Motagnana"},"geometry":{"type":"LineString","coordinates":[[11.03913,44.75864],[11.06356,44.7771],[11.07125,44.78755],[11.08344,44.79685],[11.09211,44.8148],[11.09588,44.8195],[11.13698,44.87161],[11.20055,44.94759],[11.2213,44.97186],[11.2456,45.00014],[11.26412,45.02185],[11.26704,45.02586],[11.26981,45.03105],[11.27439,45.0434],[11.2853,45.05987]]}},{"type":"Feature","properties":{"n":"Mutina-Motagnana"},"geometry":{"type":"LineString","coordinates":[[11.2853,45.05987],[11.29421,45.07637],[11.3171,45.1007],[11.34578,45.12298],[11.34929,45.13376],[11.37106,45.15679],[11.43397,45.20894],[11.45401,45.22315],[11.47951,45.23779],[11.49282,45.24167]]}},{"type":"Feature","properties":{"n":"Ateste-Montagnana"},"geometry":{"type":"LineString","coordinates":[[11.49282,45.24167],[11.53301,45.23914],[11.60269,45.23361],[11.64058,45.23192],[11.66173,45.22869]]}},{"type":"Feature","properties":{"n":"Bononia-Vicus Serninus"},"geometry":{"type":"LineString","coordinates":[[11.2841,44.51419],[11.26936,44.54082],[11.24332,44.56817],[11.21728,44.60364],[11.18301,44.64267],[11.14006,44.72105]]}},{"type":"Feature","properties":{"n":"Mutina-Vicus Varianus"},"geometry":{"type":"LineString","coordinates":[[10.92681,44.64616],[10.95135,44.65112],[10.97243,44.65892],[11.00983,44.6742],[11.09391,44.70213],[11.1008,44.70437],[11.11329,44.7127],[11.13092,44.72064],[11.14006,44.72105]]}},{"type":"Feature","properties":{"n":"Mutina-Vicus Varianus"},"geometry":{"type":"LineString","coordinates":[[11.14006,44.72105],[11.14839,44.72816],[11.17752,44.7359],[11.19626,44.74434],[11.2287,44.75277],[11.36113,44.79879],[11.45994,44.83717],[11.51245,44.85813],[11.51579,44.86138]]}},{"type":"Feature","properties":{"n":"Augusta Taurinorum-Iria"},"geometry":{"type":"LineString","coordinates":[[9.02208,44.99894],[9.00136,45.00005],[8.90807,45.0136],[8.87717,45.01475],[8.76023,44.99794],[8.74634,44.99599],[8.72367,44.9975],[8.69094,45.00325],[8.66085,45.01044],[8.63483,45.01389],[8.58563,45.02567],[8.53074,45.02855],[8.48764,45.04492],[8.4608,45.06503],[8.43844,45.08398],[8.40753,45.10207],[8.39095,45.1061],[8.38526,45.10917],[8.37831,45.10713],[8.34878,45.1076],[8.31929,45.1113]]}},{"type":"Feature","properties":{"n":"Bedriacum-Hostilia"},"geometry":{"type":"LineString","coordinates":[[10.50397,45.15378],[10.52393,45.15541],[10.59225,45.15952],[10.61819,45.15595],[10.68074,45.15593]]}},{"type":"Feature","properties":{"n":"Bedriacum-Hostilia"},"geometry":{"type":"LineString","coordinates":[[10.68074,45.15593],[10.70911,45.15375],[10.74724,45.15185],[10.78026,45.15372],[10.79317,45.15571],[10.81929,45.16238],[10.8429,45.16222],[10.90218,45.14063],[10.93615,45.12143],[11.0176,45.09507],[11.12024,45.07584],[11.13406,45.06594]]}},{"type":"Feature","properties":{"n":"Acelum-Ad Cerasias"},"geometry":{"type":"LineString","coordinates":[[11.90311,45.78666],[11.89283,45.7879],[11.89292,45.7937],[11.89531,45.798],[11.8936,45.80039],[11.8942,45.8063],[11.90234,45.81167],[11.9169,45.81388],[11.9301,45.82133],[11.93882,45.828],[11.94093,45.83135],[11.94909,45.83974],[11.95175,45.84313],[11.9558,45.84077],[11.96603,45.84232],[11.96757,45.84299],[11.97211,45.84172],[11.98133,45.84333],[11.98919,45.84313],[11.98938,45.84857],[11.99598,45.85465],[11.99736,45.86166]]}},{"type":"Feature","properties":{"n":"Verona-Montagnana"},"geometry":{"type":"LineString","coordinates":[[11.49282,45.24167],[11.49229,45.24226],[11.44227,45.29405],[11.41698,45.30892],[11.2531,45.36404],[11.16994,45.39616],[11.11583,45.41836]]}},{"type":"Feature","properties":{"n":"Iulia Concordia-Aquileia"},"geometry":{"type":"LineString","coordinates":[[12.98083,45.78413],[12.98795,45.78853],[13.02868,45.79394],[13.076,45.80334],[13.09144,45.80677],[13.12639,45.81544],[13.19114,45.83431],[13.21002,45.83251],[13.21565,45.83349],[13.226,45.82916],[13.23431,45.82736],[13.24894,45.82745],[13.26113,45.8167],[13.31595,45.78464],[13.35604,45.76956],[13.36852,45.76958]]}},{"type":"Feature","properties":{"n":"Forum Iulii-Ad Tricensimum"},"geometry":{"type":"LineString","coordinates":[[13.43606,46.08844],[13.43399,46.09058],[13.43083,46.09339],[13.42916,46.09549],[13.42741,46.09707],[13.42293,46.09804],[13.41503,46.1019],[13.40431,46.10524],[13.38526,46.10875],[13.37376,46.11183],[13.36173,46.11376]]}},{"type":"Feature","properties":{"n":"Forum Iulii-Ad Tricensimum"},"geometry":{"type":"LineString","coordinates":[[13.36173,46.11376],[13.34601,46.11139],[13.33907,46.11244],[13.31589,46.12289],[13.30325,46.12895],[13.29482,46.13264],[13.28691,46.13571],[13.27137,46.14159],[13.25363,46.14493],[13.21775,46.15779]]}},{"type":"Feature","properties":{"n":"Forum Iulii-Ad Silanos"},"geometry":{"type":"LineString","coordinates":[[13.36173,46.11376],[13.3506,46.13274],[13.35088,46.13864],[13.34751,46.14651],[13.34486,46.15252],[13.34175,46.15492],[13.33931,46.15692],[13.33565,46.15897],[13.33001,46.15975],[13.32732,46.16323],[13.32295,46.16836],[13.31137,46.18001],[13.30697,46.18652],[13.3055,46.18961],[13.30078,46.19405],[13.29678,46.19575],[13.29438,46.19663],[13.29263,46.19688],[13.29252,46.19886],[13.28967,46.19699],[13.29006,46.19804],[13.28991,46.19875],[13.28833,46.19999],[13.28596,46.20141],[13.27548,46.20045],[13.26729,46.19974],[13.25744,46.19614],[13.25472,46.19474],[13.25074,46.19488],[13.24245,46.19605],[13.23525,46.19709],[13.2323,46.20001],[13.22954,46.20328],[13.22695,46.20543],[13.22249,46.21039],[13.21195,46.21406],[13.19268,46.2185],[13.17954,46.22063]]}},{"type":"Feature","properties":{"n":"Hostilia-Mutina"},"geometry":{"type":"LineString","coordinates":[[11.03913,44.75864],[11.04196,44.79198],[11.05148,44.83177],[11.05994,44.87951],[11.06645,44.91279],[11.09921,45.00932],[11.13406,45.06594]]}},{"type":"Feature","properties":{"n":"Brixellum-Regium Lepidum"},"geometry":{"type":"LineString","coordinates":[[10.63106,44.69854],[10.63273,44.70817],[10.6255,44.7241],[10.61719,44.73411],[10.60273,44.74643],[10.5838,44.7795],[10.56472,44.80887],[10.54304,44.84544],[10.52445,44.87571],[10.51764,44.89209],[10.51644,44.9003]]}},{"type":"Feature","properties":{"n":"Parma-Brixellum"},"geometry":{"type":"LineString","coordinates":[[10.32812,44.80144],[10.34069,44.80775],[10.37979,44.82334],[10.39571,44.82903],[10.42621,44.83396],[10.44284,44.84284],[10.45742,44.84438],[10.46554,44.84879],[10.48446,44.86733],[10.49661,44.88223],[10.5137,44.89674],[10.51644,44.9003]]}},{"type":"Feature","properties":{"n":"Brixellum-Cremona"},"geometry":{"type":"LineString","coordinates":[[10.51644,44.9003],[10.51379,44.92338],[10.51226,44.92993],[10.50426,44.9423],[10.50197,44.94429]]}},{"type":"Feature","properties":{"n":"Brixellum-Cremona"},"geometry":{"type":"LineString","coordinates":[[10.50197,44.94429],[10.48782,44.95663],[10.47559,44.96609],[10.45188,44.97605],[10.42663,44.9922],[10.41253,45.00488],[10.38716,45.02412],[10.36346,45.03961],[10.3172,45.06361],[10.28792,45.07995],[10.26287,45.0843],[10.17266,45.10766],[10.15171,45.11333],[10.14146,45.11629],[10.10671,45.11779],[10.09637,45.11898],[10.05321,45.12715],[10.04011,45.13299],[10.0237,45.13396]]}},{"type":"Feature","properties":{"n":"Cremona-Brixia"},"geometry":{"type":"LineString","coordinates":[[10.0237,45.13396],[10.03631,45.14931],[10.0733,45.25525],[10.08178,45.26738],[10.09248,45.27151],[10.14262,45.35617],[10.1619,45.39065],[10.18758,45.43285],[10.2011,45.4605],[10.2194,45.51597],[10.22528,45.53717]]}},{"type":"Feature","properties":{"n":"Brixellum-Bedriacum"},"geometry":{"type":"LineString","coordinates":[[10.50197,44.94429],[10.48672,44.99264],[10.47346,45.03186],[10.46255,45.06377],[10.44985,45.09577],[10.44027,45.12854]]}},{"type":"Feature","properties":{"n":"Mantua-Brixia"},"geometry":{"type":"LineString","coordinates":[[10.68074,45.15593],[10.67448,45.17088],[10.67062,45.18786],[10.66851,45.20994],[10.66869,45.2281],[10.66255,45.24949]]}},{"type":"Feature","properties":{"n":"Mantua-Brixia"},"geometry":{"type":"LineString","coordinates":[[10.66255,45.24949],[10.66071,45.25524],[10.65466,45.26971],[10.64194,45.28786],[10.62538,45.30176],[10.60716,45.31772],[10.56761,45.33608],[10.51564,45.36221],[10.43653,45.39312],[10.39117,45.41504],[10.36647,45.42663],[10.33504,45.44646],[10.3142,45.46093],[10.29768,45.47252],[10.27172,45.49417],[10.25385,45.5097],[10.2419,45.52668],[10.22528,45.53717]]}},{"type":"Feature","properties":{"n":"Ad Rotas-Mediolanum"},"geometry":{"type":"LineString","coordinates":[[9.57438,45.16954],[9.55951,45.17989],[9.54586,45.19305],[9.52979,45.20741],[9.51088,45.21975],[9.49339,45.23203],[9.4644,45.25313],[9.44713,45.26673],[9.44315,45.28432],[9.42915,45.29726]]}},{"type":"Feature","properties":{"n":"Ad Rotas-Mediolanum"},"geometry":{"type":"LineString","coordinates":[[9.42915,45.29726],[9.41731,45.30104]]}},{"type":"Feature","properties":{"n":"Ad Rotas-Mediolanum"},"geometry":{"type":"LineString","coordinates":[[9.41731,45.30104],[9.39121,45.31705],[9.37729,45.3267],[9.34679,45.34869],[9.33041,45.36154],[9.31853,45.36616],[9.28118,45.39845],[9.25686,45.42184],[9.23844,45.43708],[9.19536,45.45901],[9.18828,45.46377]]}},{"type":"Feature","properties":{"n":"Placentia-Ad Rotas"},"geometry":{"type":"LineString","coordinates":[[9.69308,45.05281],[9.68901,45.05903],[9.68123,45.06557],[9.64087,45.07213],[9.60892,45.08374],[9.59797,45.09068],[9.59271,45.11539],[9.58984,45.13311],[9.5813,45.15434],[9.57438,45.16954]]}},{"type":"Feature","properties":{"n":"Acerrae-Laus Pompeia"},"geometry":{"type":"LineString","coordinates":[[9.77834,45.18197],[9.77036,45.18885],[9.76054,45.19175],[9.74441,45.19662],[9.71357,45.21063],[9.70284,45.21533],[9.67005,45.22197],[9.65631,45.22942],[9.62431,45.24732],[9.60499,45.2545],[9.57459,45.26062],[9.53639,45.26523],[9.51857,45.26762],[9.48844,45.27808],[9.463,45.28517],[9.42915,45.29726]]}},{"type":"Feature","properties":{"n":"Laus Pompeia-Brixia"},"geometry":{"type":"LineString","coordinates":[[9.41731,45.30104],[9.44983,45.30722],[9.48464,45.30965],[9.49932,45.31304],[9.51576,45.32581],[9.53617,45.33321],[9.54684,45.33578],[9.55822,45.34147],[9.58221,45.34498],[9.63635,45.35386],[9.66658,45.35713],[9.68917,45.3636],[9.71254,45.37006],[9.74191,45.38011],[9.78296,45.3784],[9.82246,45.37045],[9.82706,45.37045],[9.86258,45.39647],[9.86701,45.40066],[9.88509,45.39811],[9.92241,45.40107],[9.94574,45.41478],[9.98964,45.43176],[10.02126,45.45825],[10.04927,45.48068],[10.09488,45.50249],[10.12581,45.51698],[10.13874,45.51675],[10.16832,45.53106],[10.21217,45.53551],[10.22528,45.53717],[10.22528,45.53717]]}},{"type":"Feature","properties":{"n":"Ticinum-Laus Pompeia"},"geometry":{"type":"LineString","coordinates":[[9.15547,45.18605],[9.16855,45.19891],[9.17432,45.21114],[9.18001,45.2356],[9.19068,45.24963],[9.20675,45.26257]]}},{"type":"Feature","properties":{"n":"Ticinum-Laus Pompeia"},"geometry":{"type":"LineString","coordinates":[[9.20675,45.26257],[9.24049,45.27205],[9.28656,45.28148],[9.33368,45.29139],[9.38255,45.30135],[9.41731,45.30104]]}},{"type":"Feature","properties":{"n":"Altinum-Tarvisium-Ad Cerasias"},"geometry":{"type":"LineString","coordinates":[[12.38797,45.54716],[12.35057,45.5743],[12.32375,45.5977],[12.2939,45.62198],[12.27293,45.63493],[12.25188,45.66021]]}},{"type":"Feature","properties":{"n":"Altinum-Tarvisium-Ad Cerasias"},"geometry":{"type":"LineString","coordinates":[[12.25188,45.66021],[12.24404,45.66895],[12.2326,45.69441],[12.22136,45.71473],[12.21837,45.72025],[12.21789,45.7297]]}},{"type":"Feature","properties":{"n":"Altinum-Tarvisium-Ad Cerasias"},"geometry":{"type":"LineString","coordinates":[[12.21789,45.7297],[12.22457,45.7509],[12.23714,45.77621],[12.2441,45.79576],[12.24742,45.80756],[12.25018,45.81149]]}},{"type":"Feature","properties":{"n":"Brixia-Voberna"},"geometry":{"type":"LineString","coordinates":[[10.2854,45.51437],[10.32038,45.51195],[10.34544,45.51678],[10.35763,45.52072],[10.3731,45.5298],[10.38529,45.54147],[10.39466,45.54816],[10.40961,45.5553],[10.42537,45.56184],[10.4334,45.56511],[10.43645,45.56779],[10.43689,45.57418],[10.438,45.5805],[10.43667,45.58468],[10.44214,45.5863],[10.44324,45.58887],[10.44357,45.59434],[10.45609,45.60238],[10.46903,45.60657],[10.47569,45.60848],[10.4772,45.60943],[10.47865,45.61064],[10.48063,45.61181],[10.48274,45.61448],[10.48365,45.6174],[10.48368,45.61917],[10.48435,45.61984],[10.48941,45.62182],[10.49139,45.62322],[10.49541,45.62462],[10.49646,45.62586],[10.49619,45.63005],[10.49985,45.63196],[10.50124,45.63387],[10.50093,45.64235],[10.50093,45.64235]]}},{"type":"Feature","properties":{"n":"Feltria-Littamum"},"geometry":{"type":"LineString","coordinates":[[11.90572,46.01659],[11.99128,46.05184],[12.13919,46.09994],[12.26419,46.17564],[12.28572,46.2209],[12.30279,46.26429],[12.31019,46.28732],[12.32401,46.31022],[12.32239,46.3272],[12.32986,46.34208],[12.35029,46.36495],[12.35446,46.38964],[12.3682,46.40343],[12.37747,46.41997],[12.37658,46.43621],[12.39928,46.45214],[12.43203,46.47277],[12.45266,46.49564],[12.47616,46.51937],[12.49261,46.53224],[12.51578,46.53698],[12.5309,46.54782],[12.54832,46.5598],[12.52455,46.58212],[12.50149,46.59505],[12.46855,46.62813],[12.44638,46.65088],[12.42316,46.65371],[12.38738,46.67347],[12.34245,46.70536],[12.29377,46.72271],[12.27873,46.73463]]}},{"type":"Feature","properties":{"n":"Brixia-Civitas Camunnorum"},"geometry":{"type":"LineString","coordinates":[[10.16092,45.55223],[10.06626,45.62561],[10.04344,45.63495],[10.04181,45.64811],[10.06143,45.66498],[10.08927,45.67918],[10.10093,45.69129],[10.10856,45.70107],[10.11193,45.717],[10.09927,45.72675],[10.09496,45.73568],[10.09566,45.7397],[10.10179,45.73796],[10.09858,45.74065],[10.10239,45.74452],[10.10428,45.74635],[10.10804,45.74812],[10.11206,45.7525],[10.11827,45.76061],[10.11796,45.76852],[10.11536,45.77475],[10.10943,45.77941],[10.10371,45.78135],[10.09598,45.78587],[10.09188,45.78717],[10.08919,45.78762],[10.09867,45.79319],[10.10614,45.79951],[10.12832,45.83557],[10.16964,45.87242],[10.19112,45.88834],[10.20998,45.90998],[10.2459,45.93365],[10.2786,45.94345]]}},{"type":"Feature","properties":{"n":"Muralto-Curia"},"geometry":{"type":"LineString","coordinates":[[8.79972,46.17221],[8.86254,46.1795],[9.04015,46.23262],[8.97048,46.35602],[8.98167,46.40149],[8.97595,46.42508],[8.93994,46.45445],[8.94709,46.47851],[8.94386,46.50997],[8.93771,46.52985],[8.93289,46.52044],[8.90687,46.52252],[8.90081,46.52631],[8.88649,46.52242],[8.8697,46.52085],[8.84937,46.5266],[8.83554,46.53708],[8.81046,46.5494],[8.80099,46.56075],[8.80677,46.59451],[8.81827,46.60521],[8.82433,46.62266],[8.83557,46.62905],[8.84952,46.64337],[8.85726,46.66247],[8.85236,46.67029],[8.85002,46.67718],[8.85035,46.6857],[8.85005,46.69017],[8.8506,46.69345],[8.8507,46.70211],[8.85083,46.70341]]}},{"type":"Feature","properties":{"n":"Ticinum-Mediolanum"},"geometry":{"type":"LineString","coordinates":[[9.20675,45.26257],[9.21051,45.27331],[9.21287,45.28905],[9.21123,45.29818],[9.21138,45.31011],[9.21138,45.32736],[9.21237,45.37027],[9.21364,45.38472],[9.2045,45.41983],[9.2001,45.43624],[9.19807,45.44648],[9.18828,45.46377]]}},{"type":"Feature","properties":{"n":"Cremona-Brixia"},"geometry":{"type":"LineString","coordinates":[[10.0237,45.13396],[10.00282,45.17998],[9.99379,45.19713],[9.98988,45.20795],[9.98567,45.22194],[9.98462,45.26104],[9.98627,45.2833],[9.99257,45.2957],[10.00648,45.31213],[10.03425,45.3472],[10.06707,45.39349],[10.08285,45.42112],[10.10673,45.4575],[10.11394,45.46838],[10.1432,45.47839],[10.19277,45.51477],[10.22528,45.53717]]}},{"type":"Feature","properties":{"n":"Septempeda-Ancona"},"geometry":{"type":"LineString","coordinates":[[13.19986,43.23639],[13.22109,43.24201],[13.23556,43.25833],[13.26109,43.26754],[13.27319,43.27475],[13.27372,43.28767],[13.27943,43.2929],[13.28267,43.29909],[13.28756,43.30312],[13.29003,43.30727],[13.29325,43.31423],[13.29332,43.31971],[13.29951,43.32324],[13.30716,43.33258],[13.30818,43.34221],[13.31316,43.35029],[13.33603,43.36497],[13.35887,43.38425],[13.38904,43.39287],[13.41883,43.40587],[13.45036,43.41873],[13.46072,43.43287],[13.46405,43.44035],[13.46813,43.45283],[13.48393,43.48277],[13.48973,43.48717],[13.49607,43.49113],[13.4933,43.49759],[13.5064,43.51044],[13.50976,43.52039],[13.51527,43.54316],[13.52435,43.5785],[13.52719,43.58534],[13.51867,43.58998],[13.51807,43.59768],[13.51399,43.60429],[13.51865,43.61127],[13.51865,43.61127]]}},{"type":"Feature","properties":{"n":"Brixia-Bergomum"},"geometry":{"type":"LineString","coordinates":[[10.22528,45.53717],[10.20598,45.54267],[10.19551,45.54604],[10.16092,45.55223]]}},{"type":"Feature","properties":{"n":"Brixia-Bergomum"},"geometry":{"type":"LineString","coordinates":[[10.16092,45.55223],[10.12209,45.55066],[10.08997,45.56143],[10.08309,45.56282],[10.05453,45.56781],[9.99076,45.58034],[9.98548,45.58239],[9.92683,45.61614],[9.91772,45.61908],[9.87418,45.62867],[9.76999,45.65192],[9.727,45.65946],[9.67017,45.66993],[9.66598,45.66987],[9.66119,45.67222]]}},{"type":"Feature","properties":{"n":"Arretium-Pisae"},"geometry":{"type":"LineString","coordinates":[[11.88383,43.4665],[11.80338,43.50122],[11.77165,43.52033],[11.67582,43.55866],[11.65434,43.56831],[11.64244,43.57689],[11.633,43.58728],[11.61261,43.58913],[11.59633,43.5932],[11.58171,43.59907],[11.57591,43.60506],[11.57056,43.61196],[11.55952,43.62162],[11.55615,43.6383],[11.55008,43.64519],[11.54325,43.65739],[11.53579,43.67098],[11.52482,43.69869],[11.47362,43.71059],[11.46743,43.73077],[11.47033,43.74271],[11.47064,43.75343],[11.46631,43.7617],[11.45599,43.77224],[11.43892,43.77465],[11.40979,43.77936],[11.38412,43.79163],[11.36727,43.78392],[11.34235,43.76998],[11.31959,43.76776],[11.27022,43.77088],[11.25442,43.77151]]}},{"type":"Feature","properties":{"n":"Arretium-Pisae"},"geometry":{"type":"LineString","coordinates":[[11.25442,43.77151],[11.25133,43.77153],[11.25105,43.77159],[11.25042,43.77182],[11.24864,43.77267],[11.24744,43.77327],[11.24586,43.77392],[11.24196,43.77586],[11.23874,43.77726],[11.23747,43.77897],[11.23332,43.78092],[11.23036,43.78162],[11.22615,43.78356],[11.22088,43.78603],[11.21945,43.78673],[11.21872,43.78707],[11.21682,43.78819],[11.21418,43.78957],[11.21374,43.79],[11.21153,43.79069],[11.2092,43.79194],[11.2078,43.79257]]}},{"type":"Feature","properties":{"n":"Pistoriae-Pisae"},"geometry":{"type":"LineString","coordinates":[[10.91684,43.93362],[10.88321,43.92011],[10.86197,43.91293],[10.84813,43.90774],[10.83326,43.90925],[10.82628,43.90649],[10.82185,43.90104],[10.81685,43.89064],[10.80643,43.88215],[10.79032,43.87815],[10.76716,43.87202],[10.73692,43.86969],[10.70586,43.87278],[10.69405,43.87703],[10.68622,43.87949],[10.67403,43.87742],[10.66854,43.87585],[10.65889,43.87316],[10.65001,43.87207],[10.64277,43.87102],[10.62663,43.86623],[10.61752,43.86313],[10.59575,43.85928],[10.5477,43.85352],[10.52037,43.85012],[10.50187,43.84189],[10.4851,43.84148],[10.47361,43.8416],[10.46004,43.84058],[10.4453,43.83897],[10.42845,43.83201],[10.41036,43.82746],[10.40945,43.81708],[10.39786,43.80715],[10.39633,43.80708]]}},{"type":"Feature","properties":{"n":"Genua-Pisae"},"geometry":{"type":"LineString","coordinates":[[10.40039,43.71833],[10.4006,43.72268],[10.40027,43.73448],[10.40441,43.76415],[10.40513,43.78669],[10.40363,43.78947],[10.40425,43.79532],[10.40349,43.79763],[10.40161,43.79914],[10.39779,43.80163],[10.3968,43.8031],[10.3968,43.8047],[10.39633,43.80708]]}},{"type":"Feature","properties":{"n":"Genua-Pisae"},"geometry":{"type":"LineString","coordinates":[[10.39633,43.80708],[10.37971,43.80814],[10.36321,43.82866],[10.35511,43.8379],[10.35273,43.84074],[10.34888,43.85758],[10.33393,43.86678],[10.32594,43.87374],[10.32,43.879],[10.30274,43.88402],[10.29568,43.88686],[10.28205,43.90104],[10.26905,43.91996],[10.19853,43.96894],[10.14337,44.00138],[10.1084,44.02029],[10.08679,44.03068],[10.06925,44.03583],[10.03316,44.05366],[10.00861,44.0606],[9.98732,44.07388],[9.97557,44.08319],[9.96927,44.10085],[9.9547,44.10679],[9.95136,44.1112],[9.94544,44.11697],[9.93996,44.13075],[9.92165,44.14378],[9.91862,44.14764],[9.91449,44.15137],[9.90981,44.15675],[9.90812,44.15788]]}},{"type":"Feature","properties":{"n":"Genua-Pisae"},"geometry":{"type":"LineString","coordinates":[[9.90812,44.15788],[9.85158,44.19894],[9.78838,44.2069],[9.76662,44.20947],[9.74889,44.22284],[9.7134,44.21905],[9.67667,44.23163],[9.65673,44.23968],[9.64176,44.24624],[9.62485,44.24642],[9.6012,44.24972],[9.57559,44.24723],[9.54979,44.25526],[9.52494,44.25617],[9.49396,44.25749],[9.4671,44.25633],[9.44989,44.26142],[9.43004,44.26466],[9.38406,44.28688],[9.29464,44.32782],[9.27211,44.34027],[9.25024,44.34467],[9.21068,44.35546],[9.17013,44.35185],[9.15384,44.35648],[9.12677,44.3636],[9.09576,44.37265],[9.05949,44.38057],[9.0254,44.38492],[8.98614,44.39792],[8.91889,44.41683],[8.91802,44.41709]]}},{"type":"Feature","properties":{"n":"Nicea-Genua"},"geometry":{"type":"LineString","coordinates":[[8.21966,44.0448],[8.2276,44.08464],[8.24039,44.10663],[8.25313,44.12065],[8.2657,44.13615],[8.28524,44.15115],[8.33535,44.16225],[8.3549,44.17758],[8.35721,44.1814],[8.35835,44.18374],[8.36083,44.1854],[8.36262,44.18631],[8.36832,44.18897],[8.37116,44.19436],[8.37505,44.19551],[8.37956,44.19107],[8.38402,44.19261],[8.38818,44.19475],[8.39338,44.20726],[8.39659,44.21408],[8.39943,44.21724],[8.39853,44.21844],[8.40096,44.21867],[8.40468,44.21931],[8.41531,44.23318],[8.41739,44.23558],[8.43857,44.2382],[8.44476,44.24273],[8.45031,44.25346],[8.43901,44.26572],[8.46073,44.29718],[8.48035,44.31963],[8.48035,44.31963]]}},{"type":"Feature","properties":{"n":"Placentia-Veleia"},"geometry":{"type":"LineString","coordinates":[[9.69308,45.05281],[9.71462,45.0287],[9.71951,45.02167],[9.72447,45.01433],[9.72807,45.00262],[9.73203,44.99557],[9.73483,44.99066],[9.74071,44.97979],[9.74075,44.97487],[9.73949,44.9704],[9.73776,44.96427],[9.73828,44.95736],[9.74234,44.94618],[9.74703,44.93701],[9.75475,44.923],[9.7607,44.90988],[9.76187,44.90045],[9.75886,44.87741],[9.74835,44.86038],[9.74439,44.84916],[9.74135,44.83997],[9.73945,44.83716],[9.73552,44.83441],[9.73373,44.83187],[9.73825,44.82698],[9.73705,44.82323],[9.73476,44.82072],[9.73297,44.81794],[9.73163,44.81383],[9.72876,44.81102],[9.72787,44.80864],[9.72966,44.80523],[9.72901,44.80187],[9.7263,44.79582],[9.72469,44.78832],[9.72179,44.78553]]}},{"type":"Feature","properties":{"n":"Ticinum-Cremona"},"geometry":{"type":"LineString","coordinates":[[10.0237,45.13396],[10.01394,45.14319],[10.00619,45.14332],[9.99497,45.14571],[9.98013,45.1495],[9.9565,45.15657],[9.93318,45.16325],[9.92086,45.16711],[9.9151,45.16805],[9.8984,45.17059],[9.88173,45.17308],[9.85498,45.17714],[9.84811,45.17814],[9.84001,45.17937],[9.83172,45.18055],[9.82678,45.18146],[9.81616,45.18177],[9.80636,45.18229],[9.79735,45.18336],[9.78994,45.1844],[9.78761,45.18427],[9.7833,45.18284],[9.77834,45.18197]]}},{"type":"Feature","properties":{"n":"Verona-Bedriacum"},"geometry":{"type":"LineString","coordinates":[[10.98819,45.43937],[10.9838,45.43714],[10.97708,45.43413],[10.97309,45.43157],[10.96855,45.42942],[10.95961,45.42436],[10.95332,45.42064],[10.94344,45.41477],[10.93542,45.40981],[10.92662,45.40446],[10.91825,45.39928],[10.91171,45.39526],[10.90893,45.39338],[10.90425,45.39075],[10.89778,45.38668],[10.89116,45.3826],[10.88277,45.37739],[10.87541,45.37286],[10.87187,45.37064],[10.86205,45.36455],[10.85975,45.36312],[10.8535,45.35928],[10.85089,45.35762],[10.83809,45.34959],[10.82864,45.34389],[10.82064,45.33894],[10.80137,45.32703],[10.78184,45.31491],[10.77138,45.30844],[10.75154,45.29618],[10.73809,45.28789],[10.73066,45.2834],[10.72221,45.2811],[10.71507,45.2795],[10.70787,45.27742],[10.69935,45.27203],[10.69552,45.26996],[10.6902,45.26666],[10.68337,45.26239],[10.67991,45.2592],[10.67591,45.25666],[10.66794,45.2528],[10.66255,45.24949]]}},{"type":"Feature","properties":{"n":"Patavium-Ad Portum"},"geometry":{"type":"LineString","coordinates":[[11.87617,45.40343],[11.8918,45.40522],[11.92257,45.40443],[11.93169,45.40361],[11.96534,45.40311],[11.98398,45.40453],[11.99284,45.40529],[12.02862,45.40777],[12.05347,45.41025],[12.07318,45.4141],[12.10288,45.41327]]}},{"type":"Feature","properties":{"n":"Patavium-Ad Portum"},"geometry":{"type":"LineString","coordinates":[[12.10288,45.41327],[12.10741,45.4138],[12.12479,45.41646],[12.12737,45.41683],[12.12903,45.41712],[12.13227,45.41788],[12.13363,45.41801],[12.1354,45.41863],[12.13699,45.4189],[12.16182,45.4202]]}},{"type":"Feature","properties":{"n":"Patavium-Vicetia"},"geometry":{"type":"LineString","coordinates":[[11.87617,45.40343],[11.87518,45.40338],[11.87068,45.40246],[11.86367,45.40034],[11.86251,45.40038],[11.85835,45.40094],[11.85202,45.40277],[11.80387,45.41346],[11.74855,45.42663],[11.67414,45.44396],[11.67319,45.44342],[11.67164,45.44489],[11.67072,45.44702],[11.66577,45.44941],[11.65427,45.4546],[11.64096,45.46788],[11.62649,45.48284],[11.6208,45.48944],[11.61329,45.49682],[11.58758,45.51599],[11.58024,45.52121],[11.57187,45.5302],[11.57127,45.53071],[11.57088,45.53143],[11.57035,45.53345],[11.56859,45.53594],[11.56763,45.53734],[11.56719,45.53792],[11.56659,45.53885],[11.56675,45.54059],[11.56534,45.54174],[11.56465,45.54213],[11.56405,45.54235],[11.56363,45.54271],[11.56299,45.54345],[11.56228,45.54402],[11.56188,45.54442],[11.5614,45.54473],[11.56054,45.5451],[11.55813,45.54577],[11.55733,45.54618],[11.55601,45.54669],[11.55536,45.54706],[11.55439,45.54751],[11.55311,45.54791],[11.55084,45.55018],[11.55084,45.55018]]}},{"type":"Feature","properties":{"n":"Patavium-Spresiano"},"geometry":{"type":"LineString","coordinates":[[11.87617,45.40343],[11.88908,45.40717],[11.93424,45.42035],[11.98487,45.44412],[11.99845,45.44691],[12.00771,45.47023],[12.03486,45.51805],[12.0559,45.52761],[12.0619,45.52909],[12.06499,45.53132],[12.06854,45.54155],[12.08097,45.5434],[12.08861,45.55093],[12.09314,45.56235],[12.10465,45.56812],[12.10988,45.57315],[12.16618,45.60222],[12.18646,45.61079],[12.18593,45.61426],[12.18792,45.61899],[12.19105,45.62607],[12.19455,45.62878],[12.20707,45.63573],[12.21234,45.63822],[12.22016,45.64157],[12.22084,45.64442],[12.22254,45.64882],[12.2243,45.64993],[12.22697,45.65418],[12.23252,45.65722],[12.23933,45.6597],[12.25188,45.66021]]}},{"type":"Feature","properties":{"n":"Patavium-Spresiano"},"geometry":{"type":"LineString","coordinates":[[12.25188,45.66021],[12.25377,45.6608],[12.25607,45.66269],[12.25732,45.66382],[12.25756,45.66475],[12.25777,45.66623],[12.25874,45.66958],[12.25918,45.67162],[12.26019,45.67665],[12.26145,45.68445],[12.26222,45.6889],[12.26275,45.69218],[12.26337,45.69554],[12.2639,45.69898],[12.26457,45.70291],[12.26526,45.70729],[12.266,45.71145],[12.26667,45.71589],[12.26755,45.72141],[12.26757,45.72469],[12.26768,45.72925],[12.26765,45.73062],[12.26761,45.73669]]}},{"type":"Feature","properties":{"n":"Patavium-Spresiano"},"geometry":{"type":"LineString","coordinates":[[12.26761,45.73669],[12.26766,45.73908],[12.26768,45.74323],[12.26775,45.74703],[12.26776,45.7525],[12.26772,45.75718],[12.26782,45.76188],[12.26791,45.77332],[12.2679,45.77538]]}},{"type":"Feature","properties":{"n":"Patavium-Ausucum"},"geometry":{"type":"LineString","coordinates":[[11.87873,45.4199],[11.87778,45.42051],[11.87837,45.42431],[11.87909,45.42728],[11.87923,45.42753]]}},{"type":"Feature","properties":{"n":"Patavium-Ausucum"},"geometry":{"type":"LineString","coordinates":[[11.87923,45.42753],[11.88207,45.4352],[11.87703,45.45832],[11.88029,45.46442],[11.87768,45.46767],[11.87397,45.47091],[11.8712,45.4725],[11.86877,45.48042],[11.86629,45.49485],[11.86143,45.50039],[11.86092,45.50259],[11.85926,45.50543],[11.84541,45.51909],[11.84168,45.52903],[11.8365,45.53558],[11.83301,45.54143],[11.83001,45.54706],[11.82898,45.55585],[11.82677,45.56945],[11.82206,45.5846],[11.81957,45.58957],[11.81623,45.59328],[11.81644,45.59697],[11.81535,45.60564],[11.81191,45.60807],[11.80962,45.61355],[11.80934,45.61763],[11.80501,45.62585],[11.80517,45.63039],[11.80247,45.63672],[11.79888,45.64908],[11.7966,45.65429],[11.7944,45.65993],[11.79189,45.66734],[11.79188,45.66801]]}},{"type":"Feature","properties":{"n":"Patavium-Ausucum"},"geometry":{"type":"LineString","coordinates":[[11.77849,45.71698],[11.77223,45.72541],[11.76646,45.73241],[11.75861,45.74203],[11.75006,45.75242],[11.74598,45.75739],[11.74321,45.76082],[11.74281,45.76136],[11.7424,45.76214],[11.74231,45.76256]]}},{"type":"Feature","properties":{"n":"Patavium-Ausucum"},"geometry":{"type":"LineString","coordinates":[[11.79188,45.66801],[11.79159,45.6693],[11.79095,45.67113],[11.79063,45.67262],[11.79225,45.67594],[11.79199,45.67702],[11.7911,45.68018],[11.79042,45.68236],[11.78847,45.68938],[11.7869,45.69471],[11.7849,45.70168],[11.78438,45.70363],[11.78357,45.70636],[11.78253,45.71016],[11.78237,45.71059],[11.78204,45.71173],[11.78161,45.71266],[11.78104,45.71355],[11.77849,45.71698]]}},{"type":"Feature","properties":{"n":"Patavium-Ausucum"},"geometry":{"type":"LineString","coordinates":[[11.74231,45.76256],[11.7431,45.77869],[11.73532,45.7877],[11.72339,45.79971],[11.71792,45.80825],[11.72204,45.81343],[11.71455,45.82038],[11.70703,45.82598],[11.70015,45.83214],[11.68814,45.83962],[11.67387,45.84608],[11.66839,45.85149],[11.66171,45.85754],[11.66329,45.86507],[11.67396,45.87233],[11.67975,45.8784],[11.69108,45.89248],[11.70081,45.90069],[11.722,45.90838],[11.72809,45.92624],[11.72516,45.93719],[11.72589,45.94845],[11.72193,45.95269],[11.70954,45.95876],[11.69555,45.96341],[11.68424,45.97088],[11.67224,45.98812],[11.66168,46.00262],[11.63562,46.01209],[11.60396,46.02044],[11.58094,46.03024],[11.53261,46.04711],[11.48786,46.05129],[11.42955,46.04662]]}},{"type":"Feature","properties":{"n":"Vicetia-Iulia Concordia"},"geometry":{"type":"LineString","coordinates":[[11.55084,45.55018],[11.55456,45.55338],[11.55706,45.556],[11.56084,45.55925],[11.56703,45.56483],[11.57029,45.5685],[11.57567,45.57243],[11.58059,45.5761],[11.58731,45.5815],[11.59808,45.58661],[11.60492,45.58945],[11.6139,45.59501],[11.62024,45.5995],[11.62237,45.60062],[11.62357,45.6012],[11.62364,45.60308],[11.62559,45.60522],[11.62701,45.60586],[11.62865,45.60592],[11.6302,45.60913],[11.63374,45.61062],[11.63694,45.61055],[11.63909,45.61055],[11.64085,45.61087],[11.64379,45.61166],[11.6451,45.61121],[11.65393,45.61705],[11.66605,45.6253],[11.67278,45.6299],[11.68748,45.63819],[11.69775,45.64493],[11.70334,45.652],[11.70852,45.65513]]}},{"type":"Feature","properties":{"n":"Vicetia-Iulia Concordia"},"geometry":{"type":"LineString","coordinates":[[11.70852,45.65513],[11.71653,45.65542],[11.72532,45.65804],[11.72994,45.65857],[11.73518,45.65946],[11.74316,45.66051],[11.74551,45.66096],[11.75297,45.66188],[11.77202,45.665],[11.78321,45.66662],[11.78514,45.66684],[11.78869,45.6675],[11.79188,45.66801]]}},{"type":"Feature","properties":{"n":"Vicetia-Iulia Concordia"},"geometry":{"type":"LineString","coordinates":[[11.94555,45.69069],[11.95196,45.69164],[11.9656,45.69357],[11.97394,45.69485],[11.98187,45.69594],[11.9863,45.69661],[11.99538,45.69793],[12.00229,45.6989],[12.01707,45.7011],[12.03064,45.70299],[12.03926,45.70428],[12.06212,45.70748],[12.07263,45.70904],[12.07523,45.70936],[12.08055,45.71018],[12.08813,45.7113],[12.09114,45.71169],[12.09636,45.7125],[12.10299,45.71342],[12.10622,45.71376],[12.12912,45.71711],[12.13161,45.71744],[12.13938,45.71856],[12.14369,45.71915]]}},{"type":"Feature","properties":{"n":"Vicetia-Iulia Concordia"},"geometry":{"type":"LineString","coordinates":[[11.79188,45.66801],[11.80453,45.66979],[11.81302,45.67119],[11.83021,45.67354],[11.84135,45.67517],[11.84618,45.67637],[11.85013,45.67662],[11.85189,45.67675],[11.85762,45.67759],[11.86048,45.67808],[11.86292,45.67845],[11.8652,45.67886],[11.86642,45.67904],[11.86705,45.67922],[11.87038,45.67953],[11.87236,45.67978],[11.8735,45.67994],[11.87515,45.68011],[11.87848,45.68067],[11.88022,45.681],[11.88051,45.68111],[11.88279,45.68139],[11.88481,45.68151],[11.88575,45.68164],[11.88692,45.68201],[11.88844,45.68225],[11.89053,45.68242],[11.8913,45.68262],[11.89248,45.68286],[11.89413,45.68302],[11.89601,45.68328],[11.89794,45.68334],[11.89966,45.68401],[11.90245,45.68436],[11.90344,45.68451],[11.90392,45.68466],[11.90443,45.68472],[11.90618,45.68512],[11.90908,45.68539],[11.90977,45.68552],[11.91042,45.68556],[11.91111,45.68547],[11.91257,45.68582],[11.91423,45.68612],[11.91574,45.68632],[11.91705,45.68647],[11.91767,45.68687],[11.91926,45.68713],[11.92657,45.68796],[11.94555,45.69069],[11.94555,45.69069]]}},{"type":"Feature","properties":{"n":"Vicetia-Iulia Concordia"},"geometry":{"type":"LineString","coordinates":[[12.14369,45.71915],[12.15109,45.72023],[12.15584,45.72087],[12.15804,45.72127],[12.15994,45.72144],[12.16201,45.72179],[12.16588,45.72235],[12.17068,45.72299],[12.18735,45.72532],[12.19735,45.72679],[12.20966,45.72849],[12.21789,45.7297]]}},{"type":"Feature","properties":{"n":"Vicetia-Iulia Concordia"},"geometry":{"type":"LineString","coordinates":[[12.26761,45.73669],[12.26985,45.73695],[12.27598,45.73788],[12.27791,45.73807],[12.28118,45.73862],[12.28358,45.73876],[12.28544,45.73919],[12.28795,45.73952]]}},{"type":"Feature","properties":{"n":"Vicetia-Iulia Concordia"},"geometry":{"type":"LineString","coordinates":[[12.49616,45.77587],[12.51322,45.7791],[12.53975,45.78416],[12.544,45.78479],[12.54634,45.78484],[12.55429,45.78438],[12.5665,45.78359],[12.57118,45.78336],[12.57239,45.78333],[12.57876,45.78266],[12.60633,45.77919],[12.61041,45.77865],[12.61557,45.77804],[12.62352,45.77703],[12.62523,45.77706],[12.62839,45.77724],[12.63557,45.77768],[12.64371,45.77825],[12.64704,45.77832],[12.64899,45.77818],[12.65134,45.77774],[12.65689,45.77607],[12.65928,45.77549],[12.66146,45.77511],[12.66361,45.77495],[12.67737,45.77481],[12.69742,45.77467],[12.71038,45.77456],[12.72018,45.77446],[12.72714,45.77446],[12.73829,45.77433],[12.7454,45.77414],[12.7571,45.77409],[12.75915,45.77243],[12.76393,45.7695],[12.76681,45.76761],[12.77033,45.76642],[12.77359,45.76574],[12.78859,45.76369],[12.7961,45.76362],[12.80892,45.76384],[12.82534,45.76437],[12.82646,45.7635],[12.84365,45.75671],[12.84365,45.75671]]}},{"type":"Feature","properties":{"n":"Vicetia-Iulia Concordia"},"geometry":{"type":"LineString","coordinates":[[12.21789,45.7297],[12.2206,45.73005],[12.22758,45.73109],[12.23853,45.73256],[12.24717,45.73382],[12.25084,45.73427],[12.25623,45.7351],[12.26114,45.73578],[12.26421,45.73608],[12.26626,45.7364],[12.26728,45.73665],[12.26761,45.73669]]}},{"type":"Feature","properties":{"n":"Vicetia-Iulia Concordia"},"geometry":{"type":"LineString","coordinates":[[12.28795,45.73952],[12.29249,45.74014],[12.29887,45.74112],[12.30937,45.74252],[12.31525,45.74336],[12.32215,45.74441],[12.32883,45.74629],[12.33381,45.74601],[12.33726,45.74543],[12.34557,45.74564],[12.35335,45.74697],[12.3601,45.7472],[12.36247,45.74797],[12.3707,45.74921],[12.37228,45.75031],[12.38094,45.75142],[12.38191,45.75216],[12.38434,45.75289],[12.38568,45.75271],[12.38757,45.75273],[12.39473,45.75432],[12.4122,45.75687],[12.43185,45.75946],[12.46691,45.76447],[12.47453,45.76532],[12.47649,45.76671],[12.47785,45.7683],[12.47924,45.77021],[12.47994,45.77109],[12.48151,45.77222],[12.48739,45.77428],[12.48938,45.77459],[12.49616,45.77587],[12.49616,45.77587]]}},{"type":"Feature","properties":{"n":"Vicetia-Calliano"},"geometry":{"type":"LineString","coordinates":[[11.55084,45.55018],[11.54763,45.57135],[11.55688,45.59527],[11.57105,45.63125],[11.54285,45.68053],[11.53295,45.71101],[11.53322,45.72702],[11.52291,45.7457],[11.50879,45.76415],[11.48767,45.76558],[11.46416,45.76899],[11.43747,45.78177],[11.39262,45.7937],[11.36016,45.80812],[11.36968,45.83229],[11.36154,45.86056],[11.35101,45.89119],[11.31899,45.90345],[11.29975,45.91218],[11.28286,45.91424],[11.26355,45.91763],[11.25325,45.92233],[11.24149,45.92747],[11.23452,45.9335],[11.23868,45.93409],[11.23291,45.93622],[11.2181,45.92465],[11.18197,45.91333],[11.14735,45.91739],[11.13415,45.91919],[11.11208,45.93013],[11.0914,45.93465]]}},{"type":"Feature","properties":{"n":"Vicetia-Rovereto"},"geometry":{"type":"LineString","coordinates":[[11.55084,45.55018],[11.51583,45.56518],[11.49115,45.60491],[11.44578,45.62772],[11.41493,45.65784],[11.36603,45.70792],[11.31061,45.71927],[11.28048,45.72494],[11.26581,45.738],[11.23875,45.74476],[11.21931,45.75474],[11.20884,45.7615],[11.19622,45.76329],[11.186,45.76047],[11.17359,45.76068],[11.15706,45.76539],[11.15747,45.77375],[11.14946,45.76832],[11.13953,45.77],[11.12798,45.7747],[11.12451,45.78122],[11.1143,45.78107],[11.11207,45.7802],[11.10203,45.78604],[11.09032,45.80018],[11.07962,45.8105],[11.06945,45.82366],[11.06347,45.83513],[11.06006,45.85523],[11.05596,45.87678],[11.04944,45.88452],[11.03191,45.88209]]}},{"type":"Feature","properties":{"n":"Nove-Pedescala"},"geometry":{"type":"LineString","coordinates":[[11.6778,45.72356],[11.66471,45.75113],[11.64108,45.76582],[11.63303,45.77376],[11.61614,45.77381],[11.60624,45.77756],[11.59549,45.78984],[11.59323,45.80105],[11.59887,45.82482],[11.5993,45.84448],[11.61278,45.86195],[11.61843,45.86773],[11.61283,45.87422],[11.60749,45.88151],[11.59883,45.8923],[11.58827,45.89256],[11.5779,45.89258],[11.56667,45.89757],[11.55667,45.89137],[11.52647,45.88041],[11.47627,45.87283],[11.46264,45.87555],[11.42158,45.86825],[11.39624,45.86197],[11.37316,45.85655],[11.37383,45.85346],[11.3773,45.85129],[11.38845,45.85154],[11.38504,45.8502],[11.37161,45.85141],[11.37097,45.8504],[11.36632,45.84647]]}},{"type":"Feature","properties":{"n":"Postioma-Camazzole"},"geometry":{"type":"LineString","coordinates":[[11.70852,45.65513],[11.71098,45.65748],[11.71167,45.65879],[11.71223,45.65919],[11.71273,45.66023],[11.71334,45.6623],[11.71358,45.66366],[11.71444,45.66424],[11.71545,45.66442],[11.71864,45.66524],[11.72276,45.66811],[11.72545,45.67129],[11.72872,45.67551],[11.72921,45.67763],[11.73111,45.67945],[11.73477,45.68149],[11.73688,45.68337],[11.73987,45.68586],[11.74374,45.68708],[11.74392,45.68967],[11.74418,45.69223],[11.74462,45.69343],[11.74495,45.6953],[11.74619,45.69568],[11.74697,45.69588],[11.74906,45.69769],[11.75063,45.69927],[11.75204,45.69966],[11.75243,45.6999],[11.75443,45.70185],[11.75671,45.70341],[11.75943,45.70702],[11.76147,45.70802],[11.76343,45.70823],[11.76425,45.70824],[11.7656,45.70843],[11.76662,45.7086],[11.77535,45.71551],[11.77849,45.71698],[11.77849,45.71698]]}},{"type":"Feature","properties":{"n":"Postioma-Camazzole"},"geometry":{"type":"LineString","coordinates":[[11.77849,45.71698],[11.79321,45.7239],[11.81816,45.73731],[11.82809,45.74176],[11.84776,45.74635],[11.85102,45.74675],[11.85331,45.74709],[11.86116,45.74999],[11.86498,45.75375],[11.86649,45.75512],[11.86887,45.75721],[11.89231,45.7726],[11.89291,45.77321],[11.89325,45.77342],[11.895,45.77589],[11.89547,45.7762],[11.89558,45.77651],[11.89605,45.7794],[11.90189,45.78372],[11.90311,45.78666]]}},{"type":"Feature","properties":{"n":"Postioma-Camazzole"},"geometry":{"type":"LineString","coordinates":[[11.91966,45.78946],[11.92415,45.79002],[11.94188,45.79288],[11.95426,45.79471],[11.9602,45.79481],[11.96729,45.79392],[11.9698,45.79365],[11.97148,45.79349],[11.97379,45.79283],[11.97642,45.79237],[11.97829,45.79207],[11.97943,45.79191],[11.98071,45.79177],[11.98444,45.79196],[11.98583,45.79191],[11.98868,45.79169],[11.99018,45.79124],[11.99157,45.79102],[11.9941,45.79049],[11.99639,45.7894],[11.99996,45.78922],[12.00259,45.78955],[12.00476,45.79004],[12.00702,45.79047],[12.01604,45.78867],[12.01879,45.78866],[12.02151,45.78812],[12.02514,45.78749],[12.02873,45.78793],[12.03333,45.7881],[12.03541,45.78825],[12.03706,45.78759],[12.04521,45.7855],[12.0519,45.78309],[12.05229,45.78048],[12.05329,45.77693],[12.09942,45.75005],[12.14369,45.71915],[12.14369,45.71915]]}},{"type":"Feature","properties":{"n":"Postioma-Camazzole"},"geometry":{"type":"LineString","coordinates":[[11.90311,45.78666],[11.90408,45.78672],[11.90452,45.78677],[11.9065,45.78777],[11.90667,45.78787],[11.908,45.78921],[11.91178,45.78951],[11.91742,45.78927],[11.91953,45.78949],[11.91966,45.78946]]}},{"type":"Feature","properties":{"n":"Opitergium-Feltria"},"geometry":{"type":"LineString","coordinates":[[12.2548,45.81721],[12.2408,45.81761],[12.22951,45.82198],[12.22015,45.8231],[12.21095,45.82571],[12.20624,45.83058],[12.20353,45.83332],[12.19351,45.83792],[12.17514,45.84811],[12.16856,45.84822],[12.16154,45.84686],[12.1548,45.84739],[12.14938,45.84638],[12.14408,45.84544],[12.1352,45.84111],[12.12242,45.83676],[12.11082,45.83328],[12.09752,45.83124],[12.08932,45.83016],[12.08038,45.82926],[12.07113,45.82727],[12.06312,45.82616],[12.05353,45.82595],[12.04873,45.82724],[12.04442,45.82934],[12.03792,45.83381],[12.03501,45.83792],[12.03213,45.84233],[12.03383,45.84918],[12.03121,45.85322],[12.01649,45.85545],[12.00912,45.85598],[12.00298,45.85854],[11.99892,45.86123],[11.99736,45.86166]]}},{"type":"Feature","properties":{"n":"Opitergium-Feltria"},"geometry":{"type":"LineString","coordinates":[[11.99736,45.86166],[11.994,45.86191],[11.99303,45.86404],[11.98653,45.86556],[11.97927,45.86719],[11.97326,45.86883],[11.96778,45.87199],[11.96219,45.88012],[11.95196,45.88506],[11.94364,45.89199],[11.94256,45.89927],[11.94153,45.9059],[11.94126,45.91342],[11.9453,45.92141],[11.94261,45.92549],[11.93537,45.93024],[11.92665,45.93323],[11.91966,45.93918],[11.92177,45.94455],[11.92309,45.94817],[11.92827,45.95337],[11.93343,45.9576],[11.93181,45.96528],[11.93432,45.9714],[11.94575,45.98086],[11.95318,45.98489],[11.9531,45.99049],[11.94851,45.99621],[11.9465,46.00079],[11.94092,45.99968],[11.92971,46.00845],[11.90572,46.01659],[11.90572,46.01659]]}},{"type":"Feature","properties":{"n":"Clavenna-Nauders"},"geometry":{"type":"LineString","coordinates":[[10.48894,46.93045],[10.48344,46.91809],[10.47692,46.90322],[10.46344,46.88418],[10.43112,46.86166],[10.42057,46.84643],[10.39394,46.83389],[10.36304,46.82206],[10.3373,46.81064],[10.3119,46.80207],[10.26892,46.78776],[10.24209,46.77925],[10.22481,46.77989],[10.19946,46.77374],[10.17274,46.77317],[10.15435,46.77129],[10.13125,46.77193],[10.11191,46.76926],[10.07872,46.74841],[10.0783,46.71703],[10.08447,46.68832],[10.06079,46.67458],[10.04459,46.66578],[10.02408,46.64526],[10.00836,46.63021],[9.97077,46.60061],[9.92965,46.58339],[9.88248,46.53741],[9.84753,46.50493],[9.8255,46.48],[9.79786,46.46092],[9.79807,46.45965]]}},{"type":"Feature","properties":{"n":"Curia-Brigantium"},"geometry":{"type":"LineString","coordinates":[[8.85083,46.70341],[8.83849,46.69355],[8.8355,46.68607],[8.81863,46.68101],[8.80604,46.68088],[8.7873,46.68093],[8.77639,46.68091],[8.76105,46.67954],[8.7445,46.67137],[8.73967,46.66455],[8.72056,46.66118],[8.70169,46.65444],[8.68979,46.64914],[8.68351,46.6498],[8.68361,46.65097],[8.6817,46.65226],[8.67673,46.65469],[8.67124,46.65929],[8.66244,46.66101],[8.64696,46.65734],[8.63169,46.65],[8.6076,46.64074],[8.60338,46.63995],[8.60853,46.63771],[8.60226,46.63808],[8.60198,46.63705],[8.60162,46.63533],[8.587,46.63072],[8.56662,46.61763],[8.54464,46.61208],[8.5097,46.60136],[8.5097,46.60136]]}},{"type":"Feature","properties":{"n":"Iulia Concordia-Aquileia"},"geometry":{"type":"LineString","coordinates":[[12.84365,45.75671],[12.846,45.7553],[12.847,45.75488],[12.84882,45.75448],[12.85078,45.7545],[12.8537,45.75424],[12.85853,45.75412],[12.86339,45.75395],[12.869,45.75396],[12.8738,45.75358],[12.87767,45.75459],[12.89059,45.75559],[12.90085,45.75576],[12.90722,45.75557],[12.91226,45.75595],[12.91647,45.75672],[12.91648,45.75909],[12.92147,45.76305],[12.98083,45.78413]]}},{"type":"Feature","properties":{"n":"Mutina-Motagnana"},"geometry":{"type":"LineString","coordinates":[[10.92681,44.64616],[10.95531,44.67029],[10.98621,44.69661],[11.01946,44.73308],[11.03103,44.75106],[11.03913,44.75864]]}},{"type":"Feature","properties":{"n":"Canalicum-Aquae Statiellae"},"geometry":{"type":"LineString","coordinates":[[8.27592,44.40054],[8.30097,44.40935],[8.31142,44.41758],[8.31065,44.43423],[8.31024,44.44032],[8.3074,44.44618],[8.30846,44.45225],[8.30671,44.46204],[8.31501,44.47594],[8.31725,44.49346],[8.31599,44.50386],[8.3072,44.50772],[8.30078,44.51087],[8.29889,44.51954],[8.30725,44.52699],[8.3248,44.54008],[8.33287,44.54117],[8.34367,44.54445],[8.34519,44.56993],[8.34921,44.58334],[8.3501,44.58904],[8.35237,44.5985],[8.34867,44.60576],[8.34832,44.61311],[8.35031,44.6167],[8.35295,44.6274],[8.35065,44.64346],[8.35723,44.64778],[8.36995,44.65887],[8.38161,44.65867],[8.39467,44.6582],[8.40777,44.66453],[8.4215,44.66603],[8.42758,44.67162],[8.44134,44.67508],[8.46546,44.67648],[8.4671,44.67633]]}},{"type":"Feature","properties":{"n":"Genua-Libarna"},"geometry":{"type":"LineString","coordinates":[[8.91802,44.41709],[8.90955,44.41331],[8.9075,44.41113],[8.90187,44.41019],[8.89844,44.41059],[8.89325,44.41178],[8.88966,44.41289],[8.88562,44.41391],[8.88544,44.42097],[8.88817,44.42602],[8.88927,44.4296],[8.88988,44.43251],[8.88962,44.43378],[8.88931,44.43492]]}},{"type":"Feature","properties":{"n":"Genua-Libarna"},"geometry":{"type":"LineString","coordinates":[[8.88931,44.43492],[8.88915,44.43681],[8.8893,44.4385],[8.88923,44.44048],[8.88903,44.44274],[8.889,44.44473],[8.88963,44.44651],[8.89055,44.44894],[8.89091,44.45032],[8.89137,44.45139],[8.89335,44.4531],[8.89662,44.45574],[8.89837,44.45754],[8.89891,44.45897],[8.89882,44.45995],[8.89777,44.46112],[8.8968,44.46242],[8.89698,44.46378],[8.89789,44.46495],[8.89893,44.46591],[8.90095,44.46802],[8.90121,44.46971],[8.90114,44.47194],[8.90005,44.47323],[8.899,44.47533],[8.89963,44.47765],[8.89904,44.48065],[8.89874,44.48194],[8.89856,44.48329],[8.89792,44.48519],[8.89774,44.48633],[8.8984,44.48792],[8.89955,44.48951],[8.90029,44.49046],[8.90246,44.49244],[8.90352,44.49405],[8.90348,44.49482],[8.90348,44.49482]]}},{"type":"Feature","properties":{"n":"Ravenna-Caesena"},"geometry":{"type":"LineString","coordinates":[[12.21943,44.14521],[12.21875,44.14602],[12.21874,44.14702],[12.2185,44.14964],[12.21821,44.15621],[12.21838,44.1588],[12.21846,44.16611],[12.21786,44.17484],[12.21776,44.18465],[12.21662,44.1988],[12.21584,44.21628],[12.21602,44.22004],[12.21474,44.25102],[12.21336,44.27215],[12.21299,44.27883]]}},{"type":"Feature","properties":{"n":"Ravenna-Ariminum"},"geometry":{"type":"LineString","coordinates":[[12.56733,44.0606],[12.55908,44.06841],[12.55673,44.06961],[12.55141,44.07298],[12.53472,44.08448],[12.529,44.0885],[12.52635,44.09145],[12.52224,44.09661],[12.51926,44.09867],[12.50269,44.112]]}},{"type":"Feature","properties":{"n":"Clavenna-Nauders"},"geometry":{"type":"LineString","coordinates":[[9.66623,46.39106],[9.6594,46.37435],[9.6574,46.36814],[9.65445,46.36674],[9.65171,46.3627],[9.65011,46.36357],[9.64672,46.36219],[9.64285,46.35957],[9.63316,46.35423],[9.60893,46.3488],[9.59954,46.34657],[9.59014,46.34318],[9.57675,46.34019],[9.56488,46.33964],[9.55836,46.33961],[9.55363,46.33725],[9.54114,46.33556],[9.53076,46.33347],[9.52021,46.33428],[9.50791,46.33208],[9.49805,46.33117],[9.48942,46.3313],[9.48283,46.3308],[9.47293,46.32855],[9.4665,46.32778],[9.46084,46.32651],[9.45478,46.32578],[9.44991,46.32815],[9.44009,46.32917],[9.42779,46.32613],[9.41619,46.32716],[9.40799,46.32581],[9.39779,46.32094]]}},{"type":"Feature","properties":{"n":"Clavenna-Nauders"},"geometry":{"type":"LineString","coordinates":[[9.39779,46.32094],[9.39838,46.32016],[9.3995,46.31882],[9.39978,46.31844],[9.39985,46.31772],[9.3993,46.31689],[9.39805,46.31533]]}},{"type":"Feature","properties":{"n":"Clavenna-Nauders"},"geometry":{"type":"LineString","coordinates":[[9.79807,46.45965],[9.78613,46.45135],[9.7821,46.44745],[9.77692,46.44442],[9.76157,46.43775],[9.75462,46.43497],[9.7468,46.43273],[9.7408,46.43104],[9.73513,46.4288],[9.72884,46.42518],[9.72752,46.41922],[9.72021,46.41629],[9.71265,46.413],[9.70763,46.41068],[9.7016,46.40808],[9.69472,46.40463],[9.69581,46.40003],[9.69437,46.39599],[9.69326,46.39588],[9.692,46.39503],[9.69045,46.39463],[9.69017,46.39491],[9.69179,46.39594],[9.69019,46.39547],[9.69118,46.39701],[9.69045,46.39615],[9.68816,46.39806],[9.68815,46.3974],[9.68459,46.39855],[9.67839,46.39672],[9.6746,46.39449],[9.67138,46.39417],[9.66665,46.39157],[9.66623,46.39106]]}},{"type":"Feature","properties":{"n":"Curia-Brigantium"},"geometry":{"type":"LineString","coordinates":[[9.52556,46.85209],[9.51752,46.85078],[9.51249,46.84987],[9.5097,46.84869],[9.5061,46.8466],[9.50206,46.84589],[9.49855,46.84576],[9.49529,46.84597],[9.49136,46.84572],[9.48335,46.84391],[9.4774,46.84292],[9.47286,46.84232],[9.46876,46.84115],[9.46055,46.83807],[9.45784,46.83709],[9.44886,46.83393],[9.44707,46.83353],[9.44328,46.83189],[9.43893,46.8304],[9.43539,46.82934],[9.42753,46.82852],[9.42091,46.82796],[9.41608,46.82841],[9.41412,46.82866],[9.41313,46.82856],[9.41061,46.82793],[9.40938,46.82785],[9.40724,46.82802]]}},{"type":"Feature","properties":{"n":"Florentia-Faesulae"},"geometry":{"type":"LineString","coordinates":[[11.25442,43.77151],[11.25449,43.7734],[11.25509,43.77503],[11.25616,43.77711],[11.25721,43.77842],[11.2577,43.77923],[11.25875,43.78028],[11.26094,43.78262],[11.26206,43.78459],[11.26227,43.7861],[11.26263,43.78803],[11.26263,43.78936],[11.26246,43.78998],[11.26161,43.79054],[11.26128,43.79214],[11.26128,43.79431],[11.26109,43.79506],[11.26197,43.7963],[11.26219,43.79699],[11.26223,43.79781],[11.26228,43.7981],[11.26243,43.79821],[11.26327,43.79844],[11.26376,43.79891],[11.26485,43.79964],[11.26679,43.80056],[11.26759,43.80171],[11.26848,43.8031],[11.26869,43.80332],[11.26943,43.80367],[11.27099,43.80411],[11.27167,43.80484],[11.2725,43.80544],[11.27404,43.80622],[11.27407,43.80637],[11.27455,43.80672],[11.27548,43.80744],[11.27548,43.80744]]}},{"type":"Feature","properties":{"n":"Dertona-Placentia"},"geometry":{"type":"LineString","coordinates":[[8.86228,44.89505],[8.86329,44.89523]]}},{"type":"Feature","properties":{"n":"Dertona-Placentia"},"geometry":{"type":"LineString","coordinates":[[8.86329,44.89523],[8.8645,44.89634],[8.86995,44.89978],[8.87167,44.90094],[8.8735,44.9023],[8.87641,44.9055],[8.87978,44.909],[8.88492,44.91444],[8.88753,44.91713],[8.89044,44.92023],[8.89892,44.92903],[8.90658,44.93612],[8.91562,44.94461],[8.9213,44.94988],[8.92355,44.95202],[8.93319,44.96093],[8.9358,44.9633],[8.93799,44.9654],[8.93875,44.96597],[8.95652,44.97293],[8.984,44.98377],[8.99129,44.9866],[8.99699,44.98885],[9.00189,44.99072],[9.00471,44.99185],[9.00753,44.99295],[9.01227,44.99447],[9.02039,44.99833],[9.02208,44.99894]]}},{"type":"Feature","properties":{"n":"Dertona-Placentia"},"geometry":{"type":"LineString","coordinates":[[9.02208,44.99894],[9.02658,44.99947],[9.03197,44.99906],[9.04051,44.99921],[9.04519,44.99954],[9.05489,45.00089],[9.05713,45.00123],[9.06265,45.00251],[9.06729,45.0033],[9.0722,45.00362],[9.08816,45.00608],[9.09807,45.00751],[9.1051,45.00865],[9.11816,45.01333],[9.12301,45.01515],[9.13051,45.01644],[9.13177,45.01699],[9.13304,45.01782],[9.13658,45.0199],[9.14228,45.02161],[9.1519,45.0243],[9.16032,45.02659],[9.16272,45.02733],[9.16616,45.02882],[9.17279,45.03185],[9.18021,45.03516],[9.18155,45.03565],[9.1863,45.03642],[9.19302,45.03745],[9.19901,45.0384],[9.20972,45.04001],[9.21122,45.04041],[9.22066,45.04452],[9.22066,45.04452]]}},{"type":"Feature","properties":{"n":"Augusta Taurinorum-Ticinum"},"geometry":{"type":"LineString","coordinates":[[9.15547,45.18605],[9.1527,45.17969],[9.1486,45.17506]]}},{"type":"Feature","properties":{"n":"Augusta Taurinorum-Ticinum"},"geometry":{"type":"LineString","coordinates":[[8.945,45.15478],[8.9439,45.15419],[8.94163,45.15334],[8.93256,45.15158],[8.92036,45.14901],[8.89027,45.14295],[8.87536,45.13985],[8.86642,45.13843],[8.86133,45.13721],[8.85454,45.13602],[8.85025,45.13512],[8.84571,45.13409],[8.82623,45.12933],[8.8105,45.12507],[8.79773,45.12198],[8.79505,45.12075],[8.79313,45.12112],[8.78912,45.12283],[8.78561,45.12458],[8.775,45.12752],[8.76327,45.13044],[8.75288,45.13435],[8.74758,45.13524],[8.74409,45.13596],[8.73934,45.13676],[8.7343,45.13744],[8.73055,45.13726],[8.72625,45.13875],[8.7204,45.14039],[8.71244,45.14231],[8.70703,45.14407],[8.69934,45.14595],[8.69098,45.14875],[8.68569,45.15033],[8.68569,45.15033]]}},{"type":"Feature","properties":{"n":"Augusta Taurinorum-Ticinum"},"geometry":{"type":"LineString","coordinates":[[9.1486,45.17506],[9.12873,45.17638],[9.11828,45.17581],[9.10526,45.17298],[9.10087,45.17293],[9.09195,45.17033],[9.08849,45.16723],[9.08234,45.1654],[9.07379,45.16444],[9.06557,45.16522],[9.04786,45.17134],[9.04507,45.17166],[9.04303,45.172],[9.0416,45.172],[9.03925,45.17265],[9.03667,45.17371],[9.03094,45.17361],[9.02731,45.17391],[9.02508,45.17489],[9.01243,45.17445],[9.00288,45.1746],[8.99744,45.17451],[8.99347,45.17409],[8.98966,45.17311],[8.98713,45.17164],[8.98505,45.17056],[8.97679,45.16796],[8.97493,45.16728],[8.97232,45.16561],[8.96937,45.16344],[8.96831,45.16247],[8.96667,45.16232],[8.96146,45.16117],[8.96037,45.16061],[8.95612,45.15917],[8.95317,45.15705],[8.94712,45.15559],[8.945,45.15478],[8.945,45.15478]]}},{"type":"Feature","properties":{"n":"Ticinum-Cremona"},"geometry":{"type":"LineString","coordinates":[[9.57438,45.16954],[9.56976,45.16907],[9.54122,45.16582],[9.51642,45.16366],[9.49947,45.16209],[9.47445,45.16102],[9.46582,45.161],[9.45158,45.16216],[9.43182,45.16163],[9.40223,45.16067],[9.36965,45.15944],[9.36184,45.15929],[9.35136,45.16042],[9.33684,45.16211],[9.32087,45.16412],[9.3046,45.1661],[9.2855,45.16901],[9.26703,45.17168],[9.25221,45.17393],[9.23386,45.17661],[9.22319,45.17812],[9.20819,45.17904],[9.19491,45.1799],[9.17509,45.18298],[9.16788,45.18374],[9.15975,45.18445],[9.15547,45.18605]]}},{"type":"Feature","properties":{"n":"Ticinum-Cremona"},"geometry":{"type":"LineString","coordinates":[[9.77834,45.18197],[9.76931,45.18026],[9.76133,45.18033],[9.75412,45.17877],[9.74706,45.17643],[9.74519,45.17495],[9.73026,45.17359],[9.70873,45.17457],[9.69511,45.17506],[9.69107,45.17527],[9.68115,45.1748],[9.67774,45.17459],[9.66054,45.17652],[9.65458,45.17696],[9.64419,45.17734],[9.63852,45.17705],[9.62925,45.17596],[9.6112,45.17402],[9.58665,45.17079],[9.57438,45.16954]]}},{"type":"Feature","properties":{"n":"Cremona-Verona"},"geometry":{"type":"LineString","coordinates":[[10.66255,45.24949],[10.66146,45.24882],[10.65878,45.24711],[10.64889,45.24107],[10.64166,45.23654],[10.63993,45.23538],[10.63629,45.23324],[10.62581,45.22685],[10.61949,45.22302],[10.61336,45.21925],[10.61126,45.21801],[10.6014,45.212],[10.5977,45.20978],[10.59524,45.20827],[10.59431,45.20763],[10.59001,45.20507],[10.58669,45.20313],[10.58333,45.20105],[10.58221,45.20047],[10.57943,45.19878],[10.57575,45.19664],[10.57426,45.19565],[10.57091,45.19373],[10.56668,45.19117],[10.55811,45.18607],[10.55497,45.18416],[10.55298,45.18301],[10.5476,45.17977],[10.53867,45.1745],[10.5368,45.17337],[10.53513,45.17242],[10.5278,45.16809],[10.52619,45.16711],[10.52043,45.16376],[10.51896,45.16284],[10.51763,45.16205],[10.516,45.16111],[10.51485,45.16041],[10.51314,45.15942],[10.51142,45.15836],[10.50867,45.15673],[10.50711,45.15584],[10.50397,45.15378],[10.50397,45.15378]]}},{"type":"Feature","properties":{"n":"Ravenna-Hatria"},"geometry":{"type":"LineString","coordinates":[[12.17656,44.94452],[12.16778,44.94961],[12.15462,44.95651],[12.14903,44.96071],[12.14465,44.96438],[12.13915,44.97158],[12.13654,44.97542],[12.13241,44.98118],[12.10884,44.99743],[12.0769,45.01447],[12.07106,45.02267],[12.06121,45.036],[12.05863,45.04181],[12.05793,45.0433],[12.05595,45.04734],[12.05513,45.04848],[12.05466,45.04992],[12.0545,45.05177],[12.0545,45.05385],[12.05329,45.056],[12.05289,45.05761],[12.05261,45.05808]]}},{"type":"Feature","properties":{"n":"Ravenna-Hatria"},"geometry":{"type":"LineString","coordinates":[[12.05261,45.05808],[12.05171,45.05958]]}},{"type":"Feature","properties":{"n":"Hatria-Ad XII"},"geometry":{"type":"LineString","coordinates":[[12.05261,45.05808],[12.05273,45.06041],[12.05228,45.06298],[12.05247,45.06486],[12.05246,45.06583],[12.0536,45.07646],[12.05409,45.08264],[12.05522,45.0913],[12.05655,45.10016],[12.05936,45.11439],[12.06196,45.13356],[12.08184,45.16916]]}},{"type":"Feature","properties":{"n":"Hatria-Ad XII"},"geometry":{"type":"LineString","coordinates":[[12.10996,45.34765],[12.10905,45.37144],[12.10812,45.39187],[12.10288,45.41327]]}},{"type":"Feature","properties":{"n":"Arretium-Pisae"},"geometry":{"type":"LineString","coordinates":[[11.2078,43.79257],[11.09359,43.78141],[11.0723,43.79164],[11.05752,43.79024],[11.05179,43.78336],[11.04457,43.78392],[11.03194,43.77593],[11.02571,43.76343],[11.02078,43.7405],[10.9627,43.72191],[10.88592,43.72015],[10.88047,43.71493],[10.87,43.71289],[10.856,43.71218],[10.84162,43.71191],[10.82628,43.70659],[10.81098,43.70422],[10.7933,43.7056],[10.77256,43.70253],[10.75694,43.69171],[10.69871,43.67095],[10.67116,43.66152],[10.64459,43.66685],[10.61237,43.66666],[10.57799,43.67018],[10.55688,43.67566],[10.53223,43.67793],[10.51293,43.6829],[10.47693,43.68963],[10.44286,43.69502],[10.41484,43.70369],[10.39997,43.70859]]}},{"type":"Feature","properties":{"n":"Nicea-Genua"},"geometry":{"type":"LineString","coordinates":[[8.48035,44.31963],[8.49997,44.33259],[8.54193,44.34709],[8.55711,44.35046],[8.57492,44.36413],[8.58428,44.36365],[8.59124,44.36229],[8.60167,44.36677],[8.61486,44.37081],[8.62618,44.37713],[8.63299,44.38322],[8.6417,44.39225],[8.64672,44.39147],[8.65628,44.39355],[8.67161,44.40395],[8.68406,44.40895],[8.6995,44.41237],[8.70603,44.41608],[8.71607,44.41962],[8.7208,44.41769],[8.73628,44.42479],[8.74123,44.42763],[8.74708,44.43014],[8.75597,44.43045],[8.76689,44.42982],[8.77733,44.43003],[8.78682,44.42944],[8.80191,44.42822],[8.80601,44.42399],[8.81742,44.42658],[8.83603,44.43014],[8.84684,44.43029],[8.85781,44.43342],[8.87243,44.43591],[8.8787,44.43903],[8.88931,44.43492]]}},{"type":"Feature","properties":{"n":"Hostilia-Vipitenum"},"geometry":{"type":"LineString","coordinates":[[11.3411,46.48372],[11.36445,46.49121],[11.3978,46.49257],[11.42213,46.48873],[11.43364,46.49366],[11.44322,46.49546],[11.45572,46.50241],[11.46686,46.50862],[11.47756,46.51457],[11.48693,46.52301],[11.50071,46.53932],[11.51332,46.55071],[11.51977,46.56743],[11.52267,46.58018],[11.52615,46.59142],[11.5311,46.60008],[11.53299,46.61055],[11.5394,46.61891],[11.54628,46.62502],[11.55203,46.63241],[11.56328,46.64023],[11.57636,46.64586],[11.58767,46.65126],[11.59769,46.65699],[11.60756,46.66213],[11.62398,46.68339],[11.64827,46.7025],[11.65158,46.71722],[11.64352,46.73359],[11.6366,46.74933],[11.63937,46.76053],[11.63811,46.7713],[11.62812,46.77653]]}},{"type":"Feature","properties":{"n":"Opitergium-Feltria"},"geometry":{"type":"LineString","coordinates":[[12.49616,45.77587],[12.4904,45.77809],[12.47752,45.78111],[12.47004,45.78195],[12.46248,45.78248],[12.45688,45.78161],[12.44552,45.78449],[12.44057,45.78588],[12.4376,45.78725],[12.43261,45.7895],[12.42962,45.79016],[12.42694,45.79074],[12.4268,45.79096],[12.42425,45.79455],[12.41962,45.79783],[12.41778,45.79869],[12.41499,45.79913],[12.41365,45.79965],[12.4116,45.80167],[12.4049,45.80349],[12.39646,45.80719],[12.39343,45.80783],[12.38525,45.81101],[12.3815,45.812],[12.37901,45.81276],[12.37081,45.81527],[12.36866,45.81555],[12.36668,45.81562],[12.36496,45.81584],[12.36367,45.81601],[12.35671,45.81573],[12.35148,45.81553],[12.34503,45.81629],[12.33593,45.8165],[12.31696,45.81839],[12.29475,45.82075],[12.28885,45.81894],[12.28366,45.81899],[12.2711,45.81964],[12.26479,45.81983],[12.25918,45.81705],[12.2548,45.81721]]}},{"type":"Feature","properties":{"n":"Iulia Concordia-Ad Silanos"},"geometry":{"type":"LineString","coordinates":[[12.84365,45.75671],[12.8685,45.79581],[12.89255,45.84336],[12.94286,45.89477],[12.99483,45.96941],[13.03153,46.02356],[13.07276,46.08707],[13.08831,46.11409],[13.09234,46.11771],[13.09522,46.12151],[13.0967,46.12693],[13.10324,46.13027],[13.11326,46.1396],[13.11702,46.14479],[13.12166,46.15082],[13.12588,46.15439],[13.13195,46.15968],[13.13744,46.16543],[13.14249,46.16828],[13.14534,46.17241],[13.14857,46.17567],[13.15,46.17911],[13.15065,46.18211],[13.15338,46.18321],[13.15261,46.18668],[13.15273,46.18947],[13.15593,46.19131],[13.1544,46.19405],[13.15342,46.20208],[13.15174,46.20556],[13.15146,46.20812],[13.15076,46.20936],[13.14619,46.21366],[13.13645,46.21932],[13.13803,46.22136],[13.14777,46.22827],[13.15384,46.23546],[13.1562,46.23846]]}},{"type":"Feature","properties":{"n":"Aquileia-Iulium Carnicum"},"geometry":{"type":"LineString","coordinates":[[13.31928,45.8557],[13.32836,45.83923],[13.33378,45.82977],[13.33574,45.82944],[13.33669,45.82852],[13.33824,45.82708],[13.34006,45.82437],[13.34195,45.82103],[13.34323,45.8165],[13.34455,45.81405],[13.35339,45.79603],[13.36074,45.78334],[13.36852,45.76958]]}},{"type":"Feature","properties":{"n":"Hostilia-Vipitenum"},"geometry":{"type":"LineString","coordinates":[[11.0914,45.93465],[11.09162,45.93483],[11.09598,45.938],[11.09756,45.93907],[11.09885,45.94004],[11.09951,45.94071],[11.10034,45.94167],[11.10135,45.94312],[11.10448,45.94784],[11.10517,45.94881],[11.10592,45.94997],[11.10822,45.95327],[11.10863,45.95389],[11.10907,45.95473],[11.10933,45.95554],[11.10986,45.96155],[11.11021,45.96414],[11.11231,45.9709],[11.11282,45.9727],[11.11317,45.97471],[11.11355,45.97777],[11.11406,45.97987],[11.11444,45.98056],[11.11614,45.98327],[11.12163,45.99178],[11.12226,45.99357],[11.12258,45.99503],[11.12337,45.99844],[11.12402,46.00164],[11.12569,46.00894],[11.1265,46.01224],[11.12802,46.01925],[11.12808,46.03221],[11.12805,46.04193],[11.12766,46.04353],[11.12694,46.04494],[11.12577,46.04634],[11.12436,46.04749],[11.1195,46.05104],[11.11848,46.05209],[11.1178,46.05302],[11.11726,46.05419],[11.11699,46.05546],[11.11654,46.05907],[11.11595,46.06289],[11.11564,46.0654],[11.11592,46.06719],[11.11702,46.06948],[11.11748,46.07017],[11.11748,46.07017]]}}]}