gens,coin,identification,catalogue,metal,metal_mismatch,moneyer,date,obverse,reverse,obverse_direction,orsini_comment,orsini_error,status,reference_url,specimen_url,specimen_cross_listing,specimen_credit
Aburia,1,Crawford 244/3,crawford,AE,,C. Aburius Geminus,134 BC,"Head of Hercules right, club on shoulder; three value dots behind","Prow right; C.ABVRI / GEM above, ROMA below",right,"Orsini notes this quadrans as tribus notis signatus (three value dots marking the denomination). He calls the prow type ratitus, deriving the term from ratis (ship/raft). Connects C. Aburius Geminus via Livy to a Roman legation sent to Masinissa and Carthage.",,validated,https://numismatics.org/crro/id/rrc-244.3,https://numismatics.org/collection/1944.100.469,,
Aburia,2,Crawford 244/1,crawford,AR,,C. Aburius Geminus,134 BC,Helmeted head of Roma right; GEM behind,"Mars in quadriga right, holding trophy, shield, reins and spear; C.ABVRI below, ROMA in exergue",right,"Orsini reads the GEM abbreviation as Geminus or Gemellus. He connects C. Aburius Geminus via Livy to the embassy sent to Masinissa and Carthage, treating this denarius as the primary monument of the moneyer.",,validated,https://numismatics.org/crro/id/rrc-244.1,https://numismatics.org/collection/1948.19.12,,
Aburia,3,Crawford 250/1,crawford,AR,,M. Aburius M.f. Geminus,132 BC,Helmeted head of Roma; GEM behind,"Sol in quadriga right; M.ABVRI below, ROMA in exergue",right,"Orsini identifies M. Aburius M.f. Geminus as a second member of the gens and cites Livy to connect him to a praetorship. He distinguishes the Sol reverse from the Martian quadriga of coin 2, treating both as separate Aburian monuments.",,validated,https://numismatics.org/crro/id/rrc-250.1,https://numismatics.org/collection/1941.131.72,,
Accoleia,1,Crawford 486/1,crawford,AR,,P. Accoleius Lariscolus,43 BC,Draped female bust right (Luna or Diana); crescent behind,Three standing female figures (triple cult statue),right,Orsini interprets the three standing female figures on the reverse as the Heliades — the sisters of Phaethon transforming into larch trees — connecting the cognomen Lariscolus to larix (larch). Modern scholarship identifies the reverse figures as a triple Diana. He cites this as a striking interpretive case.,,validated,https://numismatics.org/crro/id/rrc-486.1,https://numismatics.org/collection/1937.158.302,,
Acilia,1,"BAR Issue 21; HGC 2, 178 — Manlius Acilius, quaestor, Sicily c. 208-200 BC",specialist,AE,,Manlius Acilius (quaestor),c. 208-200 BC,"Head of Asklepios right, wearing tainia",Serpent-entwined staff (rod of Asklepios); MN·A·CILI,,"Orsini calls this primo aereo nummo (the first bronze coin) of the Acilii and derives the nomen Acilius from Greek akesimos (healer), connecting the gens to Aesculapius. He attributes the coin to a quaestor serving in Sicily during the Hannibalic war.",,validated,,https://en.numista.com/catalogue/pieces440741.html,,"linked, not reproduced (rights reserved)"
Acilia,2,Crawford 442/1a,crawford,AR,,Mn. Acilius Glabrio,49 BC,Laureate head of Salus right; legend around,"Standing female figure (Valetudo) leaning on column, holding snake; MN.ACILIVS.III.VIR.VALETV",right,"Orsini connects the Salutis and Valetudinis legend types to the temples of Salus and Valetudo on the Quirinal. He identifies the moneyer Mn. Acilius Glabrio as tresvir monetalis, reading the III.VIR.VALETV legend on the reverse.",,validated,https://numismatics.org/crro/id/rrc-442.1a,https://numismatics.org/collection/1948.19.216,,
Acilia,3,Crawford 271/1,crawford,AR,,Mn. Acilius M.f. Balbus,125 BC,Helmeted head of Roma right; star behind,Jupiter in quadriga right; M·ACILI below,right,Orsini reads the myrtle wreath on the reverse as signifying an ovation (not a full triumph) and attributes the coin to the consul who served with M. Porcius Cato in 639 AUC (115 BC). He connects the Jupiter quadriga to the consular triumph.,,validated,https://numismatics.org/crro/id/rrc-271.1,https://numismatics.org/collection/1944.100.539,True,
Acilia,4,"Crawford 271/1 — Mn. Acilius, 49 BC",crawford,AR,,Mn. Acilius,49 BC,Helmeted head of Roma right; M.AEMILI(O) legend around,"Deity in quadriga/triga right, ROMA in exergue; winged figure (Victory/Cupid) above",right,"Orsini admits uncertainty ('quarto denario mihi quidem obscurum est'), tentatively attributing this fourth Acilius denarius to Mn. Acilius Glabrio who triumphed over the Aetolians. He acknowledges the attribution is conjectural for want of clearer legend evidence.",,validated,https://numismatics.org/crro/id/rrc-271.1,https://numismatics.org/collection/1944.100.539,True,
Aelia,1,RIC I (2nd ed.) Augustus 324,ric,AE,,Q. Aelius Lamia,18 BC,Legend in three lines AVGVSTVS / TRIBVNIC / POTEST within a laurel wreath (no head),S.C large in centre; Q.AELIVS.LAMIA / III.VIR.A.A.A.F.F around,,"Orsini identifies Q. Aelius Lamia as one of the IIIvir monetales under Augustus and discusses the priestly simpulum type, connecting the Lamia family to augural and pontifical offices visible in the coin imagery.",,validated,https://numismatics.org/ocre/id/ric.1(2).aug.324,https://numismatics.org/collection/1955.140.1,,
Aelia,2,RIC I (2nd ed.) Augustus 420,ric,AE,,"L. Aelius Lamia, P. Silius, C. Annius",9 BC,Clasped hands (dextrarum iunctio) holding a caduceus; LAMIA SILVS ANNIVS around,S.C large in centre; III.VIR.A.A.A.F.F around,,"Orsini notes the college of L. Aelius Lamia, P. Silius, and C. Annius as IIIIviri A.A.A.F.F. He discusses the simpulum as a symbol of pontifical office and the quadrans denomination as the smallest Augustan bronze issue.",,validated,https://numismatics.org/ocre/id/ric.1(2).aug.420,https://numismatics.org/collection/1944.100.38376,True,
Aelia,3,RIC I (2nd ed.) Augustus 421,ric,AE,,"L. Aelius Lamia, P. Silius, C. Annius",9 BC,Apex and lituus (priestly/augural implements); ANNIVS LAMIA SILVS around,S.C large in centre; IIII.VIR around,,"Orsini records L. Aelius Lamia, P. Silius, and C. Annius as joint issuers. He interprets the reverse priestly implements as marking the holders of pontifical functions within the Augustan college of moneyers.",,validated,https://numismatics.org/ocre/id/ric.1(2).aug.421,https://numismatics.org/collection/1944.100.38378,True,
Aelia,4,Crawford 233/1,crawford,AR,,P. Aelius Paetus,138 BC,Helmeted head of Roma right; value mark behind,"Dioscuri galloping right; P·PAETVS below, ROMA in exergue (tablet)",right,"Denarius of P. Aelius Paetus (Crawford 233/1). Obverse: helmeted head of Roma right with value mark behind. Reverse: the Dioscuri on horseback galloping right, P·PAETVS below and ROMA on a tablet in exergue. A standard Roman-magistrate Dioscuri type within Orsini's Aelia commentary.",,validated,https://numismatics.org/crro/id/rrc-233.1,https://numismatics.org/collection/1944.100.371,,
Aelia,5,Crawford 75/1b,crawford,AR,,C. Alius,209-208 BC,Helmeted head of Roma right,Dioscuri galloping right; C·AL below; ROMA in exergue,,"Orsini uncertain (""incertum ad quem spectet""), tentatively C. Ailius. His note that silver coinage did not yet exist is incorrect — the denarius was introduced in 211 BC and Crawford 75/1b is dated 209-208 BC. Notably, this coin was struck in Sicily during the Second Punic War, making it one of the earliest Roman denarii and a military issue — not a Rome mint coin. The X (denarius value mark) appears on the actual coin but was not engraved by Orsini. The Sicilian mint context is historically significant: Roman forces were consolidating control of Sicily after Marcellus's capture of Syracuse (212 BC), and field coinage was needed to pay troops.",,validated,https://numismatics.org/crro/id/rrc-75.1b,https://ikmk-ing.univie.ac.at/object?lang=en&id=ID50,,
Aelia,6,Crawford 336/1,crawford,AR,,C. Allius Bala,92 BC,Head right; BALA behind,Biga of stags right; C.ALLI behind,right,"Denarius of C. Allius Bala (Crawford 336/1), placed by Orsini in the Aelia section under his equation of the Allia with the Aelia. Obverse: female head right with BALA behind. Reverse: Diana in a biga of stags right, C·ALLI behind.",,validated,https://numismatics.org/crro/id/rrc-336.1,https://numismatics.org/collection/1944.100.796,,
Aemilia,1,Crawford 422/1b,crawford,AR,,M. Aemilius Scaurus & P. Plautius Hypsaeus,58 BC,Kneeling figure right beside camel; M.SCAVR / AED.CVR above; REX ARETAS below,"Jupiter in quadriga left, hurling thunderbolt; P.HVPSAEVS / AED.CVR; C.HVPSAE.COS / PREIVE / CAPTV in exergue",,"Orsini discusses the Aretas kneeling type in relation to M. Aemilius Scaurus's aedileship. He connects the Nabataean king's submission to Scaurus's eastern campaigns and reads the joint legend with P. Plautius Hypsaeus, citing their shared praetorship.",,validated,https://numismatics.org/crro/id/rrc-422.1b,https://numismatics.org/collection/1941.131.252,True,
Aemilia,2,Crawford 291/1,crawford,AR,,M. Aemilius Scaurus,118 BC,"Laureate head right; star before, ROM behind",Equestrian statue: rider on horseback atop an arched base inscribed LEP; M·AEMILIO around,right,"Denarius of M. Aemilius Lepidus (Crawford 291/1). Obverse: laureate head right, star before and ROM behind. Reverse: an equestrian statue of a rider on horseback set atop an arched base inscribed LEP, with M·AEMILIO around. The type commemorates the Aemilii Lepidi rather than the Scaurus camel/Venus issue.",,validated,https://numismatics.org/crro/id/rrc-291.1,https://numismatics.org/crro/id/rrc-291.1 (ANS 1944.100.596),,
Aemilia,3,Crawford 419/1a,crawford,AR,,M. Aemilius Lepidus,61 BC,Laureate head right; symbol behind,Horseman galloping right; M.LEPIDVS below,right,"Orsini discusses M. Aemilius Lepidus (61 BC) in connection with the young Lepidus who killed an enemy and saved a citizen at age fifteen, citing Valerius Maximus III.1. He reads the horseman reverse as commemorating an equestrian honour of the gens.",,validated,https://numismatics.org/crro/id/rrc-419.1a,https://numismatics.org/collection/1937.158.190,,
Aemilia,4,Crawford 419/1b,crawford,AR,,M. Aemilius Lepidus,61 BC,Laureate/diademed female head right; symbols in field,Horseman galloping right; M.LEPIDVS below,right,"Orsini treats this as a second specimen of M. Aemilius Lepidus (Crawford 419/1), grouping it with coin 3 as showing the same equestrian type. His discussion draws on Cicero, Plutarch, and Appian for the Lepidan branch of the Aemilii.",,validated,https://numismatics.org/crro/id/rrc-419.1b,https://numismatics.org/collection/1941.131.246,,
Aemilia,5,Crawford 419/3a,crawford,AR,,L. Aemilius Lepidus Paullus,62 BC,Veiled head of the Vestal Aemilia right,Façade of the Basilica Aemilia (Aemilia et Fulvia); AIMILIA / REF within; M·LEPIDVS; S·C,right,"Orsini discusses the Basilica Aemilia on this reverse, connecting the REF (refecit) inscription to L. Aemilius Lepidus Paullus's rebuilding of the building. He cites the clupei (shields) displayed there as commemorating Aemilian triumphs.",,validated,https://numismatics.org/crro/id/rrc-419.3a,https://numismatics.org/collection/2002.46.487,,
Aemilia,6,Crawford 419/2,crawford,AR,,M. Aemilius Lepidus,61 BC,Diademed female head right (Alexandria); ALEXANDR around,Two standing figures (Lepidus crowning Ptolemy); S.C in field; M.LEPIDVS / PON.MAX around,right,"Orsini discusses the crowning of Ptolemy scene for M. Aemilius Lepidus's denarius of 61 BC. He connects the ALEXANDR legend and the S.C to Lepidus's role in the east, reading the type as commemorating a diplomatic mission.",,validated,https://numismatics.org/crro/id/rrc-419.2,https://numismatics.org/collection/1944.100.2524,,
Aemilia,7,Crawford 415/1,crawford,AR,,L. Aemilius Lepidus Paullus,62 BC,Veiled female head right (Concordia); PAVLLVS LEPIDVS CONCORDIA around,Trophy with two captive figures at base; TER / PAVLLVS around,right,Orsini reads TER as standing for triple triumph and identifies the two captive figures at the base of the trophy as Perseus and his sons. He cites Plutarch and Livy on L. Aemilius Paullus's Macedonian triumph over Perseus.,,validated,https://numismatics.org/crro/id/rrc-415.1,https://numismatics.org/collection/1937.158.186,,
Aemilia,8,Crawford 417/1b,crawford,AR,,L. Scribonius Libo,62 BC,Veiled female head right with diadem; legend around,Puteal Scribonianum (decorated well-head); PVTEAL.SCRIBON around,right,"Orsini discusses the Puteal Scribonianum, identifying this monument on the reverse as the Puteal Scribonianum (well-head) dedicated in the Forum. He connects L. Scribonius Libo to the Aemilian plate by virtue of the Puteal's association with the family.",,validated,https://numismatics.org/crro/id/rrc-417.1b,https://www.britishmuseum.org/collection/object/C_2002-0102-4264,,
Aemilia,9,Crawford 495/2a,crawford,AR,,M. Aemilius Lepidus (triumvir) & Octavian,42 BC,Bare male head right; LEPIDVS.PON.MAX around,Bare male head right; CAESAR.IMP around,right,"Orsini treats this joint issue of the triumvir Lepidus with Octavian, noting the LEPIDVS.PON.MAX legend establishing his pontificate. His discussion of Lepidus focuses on the political rather than the military role within the triumvirate.",,validated,https://numismatics.org/crro/id/rrc-495.2a,https://numismatics.org/collection/1944.100.4531,,
Aemilia,10,Crawford 480/22,crawford,AR,,P. Sepullius Macer,44 BC,Bearded male head right; jug behind; lituus before,Horseman galloping right with spear; P.SEPVLLIVS / MACER around,right,Orsini includes this Caesar coinage among the Aemilian plate via P. Sepullius Macer's role as Caesarian moneyer. He connects the reverse horseman to a military memorial and notes the Saturn/Jupiter head on the obverse.,,validated,https://numismatics.org/crro/id/rrc-480.22,https://numismatics.org/collection/1937.158.297,True,
Aemilia,11,Crawford 489/1,crawford,AR,,M. Aemilius Lepidus (triumvir),42 BC,Eagle and praefericulum (jug); AN.IMP in field,"Priestly implements (simpulum, aspergillum, securis, apex); LEP.IMP around",,"Orsini discusses the priestly implements (simpulum, aspergillum, securis, apex) on the reverse as emblems of the triumvir Lepidus's pontifical office. He reads the eagle with praefericulum as linking Lepidus to augural authority.",,validated,https://numismatics.org/crro/id/rrc-489.1,https://www.britishmuseum.org/collection/object/C_1843-0116-148,,
Aemilia,12,"RPC I 528 — M. Aemilius Lepidus (triumvir), Cabellio (Gallia Narbonensis)",rpc,AE,AR→AE (Orsini's engraving tags AR; coin is bronze),M. Aemilius Lepidus (triumvir),"44–27 BC (Cabellio, Gallia Narbonensis)","Head of Apollo right; CABE (= Cabellio, the mint)",Cornucopia within laurel wreath; LE-PI (= Lepidus),,"Orsini (p. 11) calls this his 'fourth denarius' and reads CABE as «Cabae», a city he places in the province of Africa, administered by M. Aemilius Lepidus under the triumviral division of the empire; he takes the crown as decreed to Lepidus and the cornucopia as indicating the fertility of the place («copiae cornu ad indicandam loci ubertatem»). His attribution to Lepidus is sound, but the mint is Cabellio in Gallia Narbonensis (Gaul), not Africa.",,validated,https://rpc.ashmus.ox.ac.uk/coins/1/528,,,
Aemilia,13,Crawford 494/7a,crawford,AV,AR→AV,Marcus Aemilius Lepidus,42 BC,Bare male head left; M.LEPIDVS.III.VIR.R.P.C around,"Standing nude youthful figure leaning on a spear, holding an attribute; L.MVSSIDIVS.T.F.LONGVS IIII.VIR.A.P.F legend around",left,Orsini discusses Marcus Aemilius Lepidus as triumvir (III.VIR.R.P.C) on this denarius. He connects the Mars reverse type to Lepidus's military campaigns and reads the legend as establishing his triumviral authority.,,validated,https://numismatics.org/crro/id/rrc-494.7a,https://www.ikmk.at/object?id=ID52620,,
Aemilia,14,Crawford 494/32,crawford,AR,,L. Mussidius Longus,42 BC,Bare male head right,"Draped female figure (Fortuna/Concordia type) standing, holding small Victory in right hand and cornucopia in left; VARVS / C.VIBIVS around",right,Orsini places this L. Mussidius Longus issue within the Aemilian plate in the context of the triumviral series. He discusses the Victory or warrior holding trophy and palm as a standard triumviral military type.,,validated,https://numismatics.org/crro/id/rrc-494.32,https://numismatics.org/collection/1937.158.315,True,
Aemilia,15,Crawford 480/1,crawford,AR,,L. Aemilius Buca,44 BC,"L·BVCA: Head of Venus right, wearing diadem.","Sulla reclining; on right, Luna; behind, Victory with outspread wings holding a staff. (the dream of Sulla)",right,Orsini treats this L. Aemilius Buca denarius as part of the Caesar series. He notes Buca as one of Caesar's monetales in 44 BC and discusses the Venus obverse as alluding to Caesar's claimed Julian descent.,,validated,https://numismatics.org/crro/id/rrc-480.1,https://numismatics.org/collection/1944.100.3607,,
Aemilia,16,Crawford 480/5,crawford,AR,,L. Aemilius Buca,44 BC,Laureate head right; DICT.PERPETVO / CAESAR around,Standing female figure (Ceres or Venus) holding sceptre and cornucopia; L.BVCA behind,right,"Orsini discusses L. Aemilius Buca's role as Caesarian moneyer, noting the DICT.PERPETVO legend establishing Caesar as dictator in perpetuity. He reads the Ceres or Venus reverse as part of the wider Caesarian iconographic programme.",,validated,https://numismatics.org/crro/id/rrc-480.5,https://numismatics.org/collection/1937.158.291,True,
Aemilia,17,Crawford 480/4,crawford,AR,,L. Aemilius Buca,44 BC,CAESAR·IM·P·M: Wreathed head of Caesar right.,"L·AEMILIVS BVCA: Venus standing left, holding Victory in right hand and sceptre in left.",right,Orsini reads this L. Aemilius Buca denarius as a monument to Caesar's cosmic claims: he interprets the naked figure holding globe and branch as representing Caesar's universal dominion (BVCA / L.AEM legend confirmed).,,validated,https://numismatics.org/crro/id/rrc-480.4,https://numismatics.org/collection/1937.158.298,True,
Aemilia,18,Crawford 480/24,crawford,AR,,L. Aemilius Lepidus Paullus,62 BC,Laureate head right; CAESAR around,Two clasped hands (dextrarum iunctio); L.AEMILIVS / BVCA.IIIVIR around,right,"Orsini discusses this L. Aemilius Paullus/Buca shared issue, noting the dextrarum iunctio (clasped hands) as symbolising political concordia. He reads the BVCA.III.VIR legend as establishing Buca's moneyer title alongside Paullus.",,validated,https://numismatics.org/crro/id/rrc-480.24,https://www.britishmuseum.org/collection/object/C_1897-0202-1,,
Afrania,1,Crawford 206/1,crawford,AR,,Sp. Afranius,150 BC,Helmeted head of Roma right with crest and visor,Victory in biga right; S.AFRA / ROMA below,right,"Orsini debates whether the Afranii were patrician or plebeian, ultimately classifying them as plebeian. He reads the S as the praenomen Spurius and notes this abbreviation is paralleled in the Postumii. He connects Sp. Afranius to the Republican biga denarius type.",,validated,https://numismatics.org/crro/id/rrc-206.1,https://numismatics.org/collection/1937.158.583,,
Afrania,2,Crawford 206/2,crawford,AE,,Sp. Afranius,150 BC,Head of Janus bifrons,Prow right; S.AFRA above,,"Orsini notes this Janiform as (Crawford 206/2) as the bronze companion to the denarius. He reads the S.AFRA legend and identifies Sp. Afranius as the issuer, treating both coin 1 and coin 2 as monuments of the same moneyer.",,validated,https://numismatics.org/crro/id/rrc-206.2,https://numismatics.org/collection/1969.83.297,,
Afrania,3,"Bolskan (Hispania Citerior) AR denarius, c. 150–100 BC — ACIP 1412–1417; CNH pp. 210–212",specialist,AR,,L. Afranius,75 BC,Bare male head right; Iberian legend behind (appears as ARSA or similar),"Horseman galloping right, wearing helmet, holding spear/lance; Iberian legend in exergue below",,"Orsini attributes this Iberian horseman type to L. Afranius serving as Cn. Pompey's legate in Hispania during the Sertorian campaigns. He connects the reverse cavalry scene to L. Afranius's military role in Spain, drawing on Livy and Appian for the context.","Orsini misattributes a Bolskan (Iberian, Hispania Citerior) denarius to gens Afrania, reading the north-eastern Iberian script as the Latin name AFRA; the coin is not Roman. An understandable error — Iberian script was not deciphered until 1922 — but a genuine misattribution.",validated,,,,Author's collection
Alliena,1,Crawford 457/1,crawford,AR,,A. Allienus,49 BC,"Bust of Venus, right, draped and wearing diadem. C·CAESAR IMP·COS·ITER","Trinacrus, left, placing right foot on prow and holding triskeles in right hand and cloak in left hand. A·ALLIENVS PRO·COS",right,"Orsini identifies the obverse bust as Persephone, patron goddess of Sicily, and interprets the reverse Trinacrus as tria crura (three legs), the heraldic emblem of the island. He cites Hirtius (the continuator of Caesar's Gallic commentaries) as the source for Allienus as praetor governing Sicily.",,validated,https://numismatics.org/crro/id/rrc-457.1,https://numismatics.org/collection/1944.100.3300,True,
Annia,1,Crawford 366/1a,crawford,AR,,C. Annius T.f. T.n.,82 BC,Draped female bust right; legend around C·ANNI·T·F·T·N·PRO·COS·EX·S·C,Victory in quadriga right; Q above; C·TARQVITI·P·F in exergue,right,Orsini identifies C. Annius T.f. T.n. as holding proconsular authority against Sertorius and reads the caduceus and scales as symbols of peace and justice in his command. He cites Sallust's Historiae for the Sertorian context of the Spanish campaigns.,,validated,https://numismatics.org/crro/id/rrc-366.1a,https://numismatics.org/collection/1986.161.69,,
Annia,2,Crawford 366/2a,crawford,AR,,C. Annius / L. Fabius L.f. Hispaniensis,82 BC,Laureate female bust right; S.C behind,Victory in quadriga right; L.FABI.L.F / HISP below,right,"Orsini discusses the joint issue with L. Fabius Hispaniensis, noting the proconsular command against Sertorius. He reads the Victory in quadriga as a military memorial type and connects the L.FABI.L.F / HISP legend to the joint magistracy in Spain.",,validated,https://numismatics.org/crro/id/rrc-366.2a,https://numismatics.org/collection/1950.103.36,,
Annia,3,RIC I (2nd ed.) Augustus 421,ric,AE,,"L. Aelius Lamia, P. Silius, C. Annius",9 BC,Simpulum and lituus; SILIVS ANNIVS LAMIA around,Large S·C in centre; III·VIR / A·A·A·F·F around,,"Orsini notes C. Annius as part of the college of L. Aelius Lamia, P. Silius, and C. Annius as IIIIviri A.A.A.F.F. He treats the simpulum reverse as marking the pontifical dimension of the Augustan moneyer college.",,validated,https://numismatics.org/ocre/id/ric.1(2).aug.421,https://numismatics.org/collection/1944.100.38378,True,
Annia,4,RIC I (2nd ed.) Augustus 420,ric,AE,,"L. Aelius Lamia, P. Silius, C. Annius",9 BC,Clasped hands holding winged caduceus; LAMIA·SILIVS·ANNIVS around,S.C large in centre; III·VIR / A.A.A.F.F around,,"Orsini records the joint issue of Lamia, Silanvs, and C. Annius with the dextrarum iunctio obverse and S.C reverse. He connects the IIII.VIR A.A.A.F.F. legend to the Augustan monetary reform and the clasped hands to concordia imagery.",,validated,https://numismatics.org/ocre/id/ric.1(2).aug.420,https://numismatics.org/collection/1944.100.38376,True,
Annia,5,Crawford 366/3a,crawford,AR,,C. Annius T.f.T.n. / C. Tarquitius P.f.,82 BC,Single draped female bust right; legend around C·ANNIVS·T·F·T·N·PRO·COS,Victory in quadriga right; HISP above; L·FABI·LF in exergue,right,"Orsini discusses the joint issue of C. Annius with C. Tarquitius P.f., citing Sallust's Historiae for Tarquitius's presence in Spain under Pompeian command. He reads the Victory quadriga as part of the anti-Sertorian military series.",,validated,https://numismatics.org/crro/id/rrc-366.3a,https://numismatics.org/collection/1969.222.50,,
Antestia,1,Crawford 238/1,crawford,AR,,L. Antestius Gragulus,136 BC,Helmeted head of Roma right; X (value mark) behind,"Jupiter in quadriga right; C.ANTES below, ROMA in exergue",right,"Orsini equates the Antestia gens with Antistia and notes the spelling variation across inscriptions and manuscripts. He reads GRAG as a dimidiatum cognomen Graecum (half-Greek name), interpreting it as Gragulus rather than Gragus.",,validated,https://numismatics.org/crro/id/rrc-238.1,https://numismatics.org/collection/1953.171.1,,
Antestia,2,Crawford 219/1e,crawford,AR,,C. Antestius,146 BC,Helmeted head of Roma right,Two horsemen (the Dioscuri) galloping right; ROMA in exergue,right,Orsini identifies C. Antestius tentatively as the consul mentioned by Dio (book XLVII) paired with M. Licinius. He notes this horseman/Dioscurus type as the primary Antestian monument on the plate.,,validated,https://numismatics.org/crro/id/rrc-219.1e,https://numismatics.org/collection/1944.100.344,,
Antestia,3,Crawford 219/1e,crawford,AR,,C. Antestius,146 BC,Head right with star or control mark,"Two horsemen (the Dioscuri) galloping right, stars above; C·ANTESTI below; ROMA in exergue",right,"Orsini groups this as a die variant of the C. Antestius denarius, treating coins 2 and 3 as two specimens of the same issue. He confirms C.ANTESTI in the legend and reads the horseman reverse as a Dioscurian type.",,validated,https://numismatics.org/crro/id/rrc-219.1e,https://numismatics.org/collection/1948.19.6,,
Antistia,1,RIC I (2nd ed.) Augustus 410,ric,AR,,C. Antistius Reginus,13 BC,Bare head right (Augustus?); legend around,Column or altar with priestly implements; ANTISTIVS.REGINVS around,,"Orsini identifies C. Antistius Reginus from Caesar's Bellum Gallicum (book VI) as the probable father of this moneyer, but explicitly withholds certainty: 'in re tam dubia nihil audeam affirmare'. He does not attribute the pontifical implements to this coin; those appear on coin 2 (the Vetus denarius).",,validated,https://numismatics.org/ocre/id/ric.1(2).aug.410,https://numismatics.org/collection/1944.100.38343,,
Antistia,2,RIC I (2nd ed.) Augustus 410 — C. Antistius Reginus,ric,AR,,C. Antistius Vetus,16 BC,Bare head right (Augustus?); legend around,COS / IMP.CAESAR.AVG legend; implements,,"Orsini discusses the pontifical instruments on the reverse of this denarius as evidence of Antistius Vetus's pontificate: 'Instrumenta pontificalia, quae in altera denarii parte impressa sunt, Antistii pontificatum indicant', citing Velleius lib. II. He notes C. Antistius Vetus as consul with D. Laelius Balbus, anno DCCXLVII, and quotes the Pliny epigramma (lib. XXXI, cap. I).",,validated,https://numismatics.org/ocre/id/ric.1(2).aug.410,https://numismatics.org/ocre/id/ric.1(2).aug.410 (ANS 1944.100.38343),,
Antia,1,Crawford 455/1,crawford,AR,,C. Antius C.f. Restio,47 BC,Bare male head right; RESTIO behind,Standing figure (Hercules) holding club and trophy,right,"Orsini states that Restio's portrait appears on this first denarius ('cuius imago in primo denario impressa est') and discusses him as the author of the lex sumptuaria, citing Gellius and Macrobius. He makes no specific claim about the Hercules reverse being emblematic of sumptuary legislation.",,validated,https://numismatics.org/crro/id/rrc-455.1,https://numismatics.org/collection/1937.158.261,,
Antia,2,Crawford 455/2,crawford,AR,,C. Antius C.f. Restio,47 BC,Jugate (conjoined) laureate heads of the Dei Penates right; DEI PENATES (D.E.I. / PENATES) legend; C.ANTI behind,Hercules holding cornucopia and patera,right,"Orsini states that the Penates images are on the REVERSE ('in altera secundi denarii parte') of this coin, not the obverse. He presents two possible reasons for their inclusion — family origin from Lanuvium (citing Varro and Paedianus) or Restio's law touching on religion — but commits to neither ('fortasse'). He does not describe the other side's figure as Hercules here, nor link Hercules to the household cult.",,validated,https://numismatics.org/crro/id/rrc-455.2,https://numismatics.org/collection/1944.100.3299,,
Antia,3,Crawford 455/4,crawford,AR,,C. Antius C.f. Restio,47 BC,Bucranium (bull skull) facing; C.ANTIVS above,Flaming altar (thymiaterion); RESTIO around,,"Orsini connects the bull's head crowned with a garland ('bouis caput insula redimitum') to the Saecular Games (Saeculares ludi), at which this animal was sacrificed, and infers that a member of the Restio family served as quindecemuir at those games. He mentions no capis, lituus, or other implements; the coin is identified only by the bull's head and its Saecular-games connection.",,validated,https://numismatics.org/crro/id/rrc-455.4,https://www.britishmuseum.org/collection/object/C_R-8906,,
Antonia,1,Crawford 517/5a,crawford,AR,,Mark Antony,41 BC,Bare head of M. Antonius right; M·ANT·IMP·AVG·III·VIR·R·P·C·M·NERVA·PROQ·P,Bare head of L. Antonius right; L·ANTONIVS·COS,right,"Orsini opens his Antonian section citing Plutarch, Dio, and the Philippics. He reads this denarius as a joint issue between M. Antonius and a fellow triumvir and discusses Antony as Pontifex, noting the augural and pontifical legends.",,validated,https://numismatics.org/crro/id/rrc-517.5a,https://numismatics.org/collection/1944.100.4567,,"American Numismatic Society (ANS 1944.100.4567), CC BY-NC 4.0"
Antonia,2,Crawford 516/3,crawford,AR,,Marcus Antonius,32-31 BC,Bare head right with slight drapery; legend around partially visible,"Victory standing right on globe, holding wreath and palm; legend around",right,Orsini connects the Victory on globe to Antony's claim of universal dominion. He draws on Velleius's account of Antony as Liber Pater (Dionysus) and reads the reverse as a triumviral propaganda monument.,,validated,https://numismatics.org/crro/id/rrc-516.3,https://ikmk.smb.museum/object?id=18215841,,
Antonia,3,Crawford 516/5,crawford,AR,,M. Antonius,32-31 BC,Bare head right; M·ANTONIVS / III·VIR·R·P·C around,Pietas standing facing beside a lighted altar; PIETAS / COS in fields,right,Orsini reads IMP.TERT and PIETAS.COS as establishing Antony's third imperatorship and his claim to Pietas. He connects the trophy reverse to Antony's eastern campaigns and cites Plutarch and Appian on the triumvir's military career.,,validated,https://numismatics.org/crro/id/rrc-516.5,http://numismatics.org/collection/1944.100.4565,,
Antonia,4,Crawford 484/1,crawford,AR,,L. Antonius (for M. Antonius),41 BC,Head wearing petasus right; C·ANTONIVS·M·F·PRO·COS around,"Priestly implements: simpulum, aspergillum, axe, apex; legend: PONTIFEX",right,"Orsini's Dionysiac/Sol observations (pp. 18–19) are made collectively about the plate, not coin-by-coin. He cites Velleius on Antony presenting himself as Liber Pater ('cũ ante nouũ fe Liberũ patrem appellari iufisset... curru uelut Liber pater uectus esset Alexãdriae,' p. 19) and Dio lib. XLVIII on Antony as Osiris/Dionysus ('Aυτòς μἐν ὅσιρις & διονύσιος,' p. 19). These general remarks illuminate the plate as a whole. Individual comments attributing Sol iconography to coins 5 and 6 specifically, or Liber Pater to coin 7, are inferences, not Orsini's coin-by-coin statements. The comments for coins 4–7 should reflect that Orsini's Dionysiac/solar text applies to the plate generally ('Ad primũ uero & reliquos, spectãnt illa ex lib. l').",,validated,https://numismatics.org/crro/id/rrc-484.1,https://numismatics.org/collection/1967.153.26,,
Antonia,5,"Crawford 533/2 — Mark Antony, 40 BC",crawford,AR,,Mark Antony,40 BC,Laureate head facing right; legend around: III.VIR.R.P.C.COS.DESIG.ITER.ET.TERT,"Nude male figure (Sol) standing facing, right arm raised holding object; legend around: M.ANTONIVS.M.F.M.N.AVGVR.IMP.TER",right,"Orsini identifies the Sol figure on the reverse as part of Antony's Dionysiac-solar iconography. Drawing on Velleius, he discusses Antony's identification with Liber Pater and connects this type to the eastern solar cult in Antony's ideology.",,validated,https://numismatics.org/crro/id/rrc-533.2,https://numismatics.org/crro/id/rrc-533.2,,
Antonia,6,"Crawford 496/1 — Mark Antony, 42 BC",crawford,AR,,M. Antonius (as Triumvir),42 BC,Bare head right; legend: IMP,Temple facade with four columns; radiate head of Sol within temple; legend: III VIR R.P.C. arranged around temple,right,Orsini discusses this temple-reverse type with radiate Sol within the façade as evidence of Antony's eastern religious associations. He reads the IMP legend as establishing imperatorship and connects the Sol imagery to Antony's Hellenistic divine claims.,,validated,https://numismatics.org/crro/id/rrc-496.1,https://numismatics.org/crro/id/rrc-496.1,,
Antonia,7,"Crawford 496/3 — M. Antonius, 42 BC (Eastern mint)",crawford,AR,,M. Antonius (as triumvir),42 BC,Bare head right; no legend clearly visible,Radiate and draped bust right (Sol/Helios type); legend around: M·ANTONIVS·III·VIR·R·P·C,right,Orsini reads the radiate Sol bust on the reverse as part of Antony's sustained identification with eastern solar and Dionysiac deities. He connects this to Plutarch's account of Antony presenting himself as a new Dionysus in the east.,,validated,https://numismatics.org/crro/id/rrc-496.3,https://numismatics.org/crro/id/rrc-496.3,,
Antonia,8,RPC I 2201,rpc,AR,,M. Antonius,32-31 BC,Laureate head right; legend around partially legible,"Cista (cista mystica / altar) with a small bust above it, flanked by two coiled serpents; legend around: III VIR R P C",,Orsini notes this eastern issue of M. Antonius and records the double-head obverse as a joint issue. He draws on Appian and Dio for the context of Antony's eastern command and reads the laureate heads as establishing his triumviral authority.,,validated,https://rpc.ashmus.ox.ac.uk/coins/1/2201,https://rpc.ashmus.ox.ac.uk/coins/1/2201,,
Antonia,9,RPC I 5135,rpc,AR,,M. Antonius,41 BC,Bare head right; legend partially visible,Double cornucopia; ΑΥΤΟ / ΚΡΑ (Greek),,Orsini records this eastern issue with a double cornucopia and the Greek legend ΑΥΤΟ/ΚΡΑ (autokrator).,,validated,https://rpc.ashmus.ox.ac.uk/coins/1/5135,https://rpc.ashmus.ox.ac.uk/coins/1/5135,,
Antonia,10,RPC I 2202,rpc,AR,,M. Antonius,34 BC,Laureate head right; legend around M·ANTONIVS·IMP·COS·DESIG·ITER·ET·TERT,"Statue figure atop a cista, flanked by two coiled serpents; legend around III·VIR·R·P·C",,Orsini gives no individual comment on this cistophorus. His general discussion of Antony's eastern coins (pp. 19–21) concerns Dionysiac/Osiris imagery and the Armenia Devicta types; no coin-specific description of a cista mystica figure is offered anywhere in the Antonia section.,,validated,https://rpc.ashmus.ox.ac.uk/coins/1/2202,https://rpc.ashmus.ox.ac.uk/coins/1/2202,,
Antonia,11,Crawford 543/1,crawford,AR,,M. Antonius,34 BC,"Bare/laureate head of Mark Antony right, Armenian tiara behind; legend around: ANTONI.ARMENIA.DEVICTA",Draped bust right (possibly Cleopatra); legend around: REGINAE.REGVM.FILIORVM.REGVM (partially legible),right,Orsini records this as the Cleopatra joint issue and notes the full titulature CLEOPATRAE REGINAE REGVM FILIORVM REGVM on the reverse. He draws on Plutarch and Dio for the political significance of Antony's union with Cleopatra.,,validated,https://numismatics.org/crro/id/rrc-543.1,https://numismatics.org/collection/1941.131.350,,
Antonia,12,Crawford 488/1,crawford,AR,,Marcus Antonius,32-31 BC,Bare head right; legend: M.ANTO.IMP,Bare head right; legend: CAESAR.DIC (portrait of Caesar),right,"Orsini discusses this early joint issue of M. Antonius with a Caesar portrait, treating M.ANTO.IMP and CAESAR.DIC as establishing the triumviral relationship. He cites the Philippics for the period before Caesar's assassination.",,validated,https://numismatics.org/crro/id/rrc-488.1,http://numismatics.org/collection/1937.158.306,,
Antonia,13,Crawford 496/3,crawford,AR,,M. Antonius,32 BC,Single bare head right; legend around: M ANT IMP AVG III VIR R P C M BARBAT P,Bare head right; legend around: CAESAR.IMP.PONT.III.VIR.R.P.C.,right,Orsini reads the jugate busts as a joint triumviral issue and connects the CAESAR.IMP.PONT.III.VIR.R.P.C legend to the reconstitution of Roman authority after Philippi. He draws on Appian's Bella Civilia for the triumviral settlements.,,validated,https://numismatics.org/crro/id/rrc-496.3,https://numismatics.org/collection/1944.100.4535,,
Antonia,14,Crawford 517/8,crawford,AR,,Mark Antony and Octavian,41 BC,Single bare head right; legend around: M ANT IMP AVG III VIR R P C L GELLI Q P,Bare head right; legend around: CAESAR.IMP.PONT.III.VIR.R.P.C.,right,Orsini discusses the joint issue of Antony and Octavian (M.ANT.IMP and CAESAR.IMP) as a monument to the Second Triumvirate. He cites Appian and Dio on the Perusine war period and the uneasy alliance between the two triumvirs.,,validated,https://numismatics.org/crro/id/rrc-517.8,https://numismatics.org/collection/1941.131.336,,
Antonia,15,Crawford 517/2,crawford,AR,,M. Antonius,34 BC,Bare head of Mark Antony right; M·ANTON·IMP·III·VIR·R·P·C,Bare head of Octavian right; CAESAR·IMP·PONT·III·VIR·R·P·C,right,"Crawford 517/2 (M. Barbatius, 41 BC): two facing bare heads — M. Antonius (M·ANTON·IMP·III·VIR·R·P·C) and Octavian (CAESAR·IMP·PONT·III·VIR·R·P·C) — a monument to the short-lived triumviral concord between Antony and Octavian, NOT a jugate Antony/Cleopatra type. (Re-identified from the former 543/1.)",,validated,https://numismatics.org/crro/id/rrc-517.2,https://numismatics.org/collection/1944.100.4566,True,
Antonia,16,Crawford 519/2,crawford,AR,,Cn. Domitius Ahenobarbus,41 BC,Bare head right; legend around: ANT... IMP... III.VIR.R.P.C.,Prow of galley right; legend: AHENOBARVS.IMP; star above; legend below: CN.DOMITI (partially legible),right,Orsini discusses this Cn. Domitius Ahenobarbus prow issue as part of the Antonian series. He notes the AHENOBARVS.IMP galley reverse as marking fleet command and connects it to the build-up of Antony's naval forces before Actium.,,validated,https://numismatics.org/crro/id/rrc-519.2,https://numismatics.org/collection/1944.100.4801,True,
Antonia,17,"Crawford 542/1 — Mark Antony with M. Silanus as quaestor pro consule, 33 BC",crawford,AR,,M. Junius Silanus (quaestor pro consule under M. Antonius),33 BC,Bare head right; legend around: IMP.TER.ANTONIVS.AVG.VR.COS.DES...,Legend in two lines within plain field: M.SILANVS.AVG / Q.PRO.COS.,right,Orsini notes M. Silanus as quaestor pro consule under M. Antonius and reads the legend M.SILANVS.AVG / Q.PR as establishing his subordinate command. He discusses the IMP.TER legend as marking Antony's third imperatorship.,,validated,https://numismatics.org/crro/id/rrc-542.1,https://numismatics.org/crro/id/rrc-542.1,,
Antonia,18,Crawford 522/2,crawford,AR,,M. Antonius,32 BC,Jug (praefericulum) between lituus and other priestly implements; legend around: III.VIR.R.P.C. / M.ANTON (partially legible),"Augural/priestly implements: lituus (left), jug/praefericulum (center) and winged caduceus (right); legend around: M ANTON IMP ITER (AVGVR)",,"Orsini reads the priestly implements (jug, lituus) on the obverse and caduceus between cornucopiae on the reverse as emblems of Antony's pontifical office and claim to peace and plenty. He connects this to Antony's augurate.",,validated,https://numismatics.org/crro/id/rrc-522.2,http://numismatics.org/collection/1944.100.4811,,
Antonia,19,"Crawford 546/2b — M. Pinarius Scarpus for Mark Antony, Cyrenaica, 31-30 BC",crawford,AR,,M. Pinarius Scarpus,31-30 BC,Bearded head right; legend around: ANTO.COS.III.IMP.IIII,"Victory standing right, holding wreath and palm; legend around: SCARPVS.IMP / ANTONIO.AVG",right,Orsini identifies M. Pinarius Scarpus as a Caesarian/Antonian officer serving in Cyrenaica. He reads ANTO.COS.III.IMP.IIII and the Victory reverse as establishing Antony's authority in North Africa in the last phase before Actium.,,validated,https://numismatics.org/crro/id/rrc-546.2b,https://numismatics.org/crro/id/rrc-546.2b,,
Antonia,20,Crawford 545/1,crawford,AR,,M. Antonius (colonial/provincial),39 BC,Bare head right; legend around: M.ANTONIVS.AVG.IMP,"Victory standing right within laurel wreath, holding trophy; legend partially visible",right,Orsini discusses this colonial/provincial issue as part of Antony's provincial programme. He reads M.ANTONIVS.AVG.IMP on the obverse and connects the Victory with trophy reverse to Antony's military command in the eastern provinces.,,validated,https://numismatics.org/crro/id/rrc-545.1,http://numismatics.org/collection/1944.100.6339,,
Antonia,21,Crawford 542/2,crawford,AR,,M. Antonius,38 BC,Bare head right; ANTON·AVG·IMP·III·COS·DES·III·III·V·R·P·C (partially legible),Legend in field: ANTONIVS / AVG.IMP.III (text only within plain circle),right,Orsini notes the ANTONIVS / AVG.IMP.III legend and discusses this text-field reverse as an unusual Antonian issue. He connects it to the broader series of Antonian moneta struck in the east from 38 BC.,,validated,https://numismatics.org/crro/id/rrc-542.2,https://numismatics.org/collection/1944.100.6303,,
Antonia,22,RPC I 4092,rpc,AE,,L. Calpurnius Bibulus (fleet prefect),32-31 BC,Bare male head right (Antony); no legend clearly visible,Galley/ship right; legend above: L.BIBVLVS,,"Orsini makes no comment on this coin in the Antonia section. He explicitly defers all discussion of Bibulus to the Calpurnia gens entry: 'De Bibulo, Fonteio, & Atratino, qui & ipsi Antonianarum partium fuerunt, non est hic locus scribendi: sed in Calpurnia, Fonteia, & Sempronia gentibus...diligenter à nobis indicabuntur.'",,validated,https://rpc.ashmus.ox.ac.uk/coins/1/4092,https://rpc.ashmus.ox.ac.uk/coins/1/4092,True,
Antonia,23,RPC I 4091,rpc,AE,,L. Calpurnius Bibulus (fleet prefect),32-31 BC,Single bare male head in profile; no clearly legible legend,Galley/ship right; legend: L.BIBVLVS (partially visible),,Orsini makes no comment on this coin in the Antonia section. He explicitly defers all discussion of Bibulus to the Calpurnia gens entry: 'non est hic locus scribendi.',,validated,https://rpc.ashmus.ox.ac.uk/coins/1/4091,https://rpc.ashmus.ox.ac.uk/coins/1/4091,True,
Antonia,24,RPC I 1470,rpc,AE,,"M. Antonius and C. Asinius Gallus (Capito, propraetor)",38 BC,Two heads right (jugate busts); legend around: ...PIVS.CAPI.TO.PRO.PR (partially legible),Galley/ship right; legend around: M.ANT.IMP... COS.DESIG.ITER.ET.TER (partially legible),,"Orsini makes no individual comment on this coin. He defers discussion of Bibulus, Fonteius, and Atratinus to other gentes entries ('non est hic locus scribendi: sed in Calpurnia, Fonteia, & Sempronia gentibus...diligenter à nobis indicabuntur,' p. 22). No text on pp. 18–27 individually discusses Capito or attributes a 'jugate heads' reading to Orsini for this coin.",,validated,https://rpc.ashmus.ox.ac.uk/coins/1/1470,https://rpc.ashmus.ox.ac.uk/coins/1/1470,,
Antonia,25,"RPC I, 1459 — Mark Antony and Octavia, with L. Sempronius Atratinus, fleet coinage, Achaea, 36 BC; bare head of Antony right + Octavia / quadriga of hippocamps with L·ATRATINVS·AVGVR",rpc,AE,,C. Asiatius,46-45 BC,"Two jugate heads (same direction, overlapping); legend above: M.AT.IMP.TER.COS",Marine creature (hippocampus or dolphin) with small Victory figure; legend around: L·ATRATINVS,,"Orsini makes no comment on this coin in the Antonia section. He explicitly defers discussion of Atratinus to the Sempronia gens entry: 'De Bibulo, Fonteio, & Atratino...non est hic locus scribendi.'",,validated,https://rpc.ashmus.ox.ac.uk/coins/1/1459,https://rpc.ashmus.ox.ac.uk/coins/1/1459,,
Antonia,26,Crawford 488/2,crawford,AR,,M. Antonius and Octavian,41 BC,Bare head; capis (jug) in field before the face; CAESAR·DIC,Bare head right; legend around: M.ANTO.IMP... R.P.C. (partially legible),right,"Orsini reads this as a joint issue of M. Antonius and Octavian, noting CAESAR.DIC and M.ANTO.IMP as the paired legends. He connects the lituus on the obverse to Antony's augurate and discusses the early triumviral period before the break.",,validated,https://numismatics.org/crro/id/rrc-488.2,https://numismatics.org/collection/1944.100.4486,,
Antonia,27,"Crawford 489/3 — M. Aemilius Lepidus (as triumvir), 42 BC",crawford,AR,,M. Aemilius Lepidus and M. Antonius (joint triumviral issue),42 BC,"Bird (eagle) standing, jug before it; legend above: M.ATINI","Priestly implements (simpulum, aspergillum, securis, apex); LEP·IMP around",,"Orsini discusses the priestly implements (simpulum, aspergillum, securis, apex) on the reverse as emblems of M. Aemilius Lepidus's pontifical authority (Pontifex Maximus). He reads this joint Lepidus/Antonius issue within his extended treatment of triumviral coinage.",,validated,https://numismatics.org/crro/id/rrc-489.3,https://numismatics.org/crro/id/rrc-489.3,,
Antonia,28,Crawford 489/5,crawford,AR,,"L. Munatius Plancus (for M. Antonius, at Lugdunum)",43 BC,Bare head right; no legend clearly visible,Lion walking right; legend above: INAQ; legend below: LVGV; A and XL in field,right,"Orsini discusses the lion as the emblem of the Lugdunum colony and identifies L. Munatius Plancus as involved in the colony's foundation (citing Dio XLV). He reads the lion as 'coloniae uetus insigne, à quo fortasfse nomen id, quod nunc uocatur traxit' (p. 23). He does not read or interpret the legend INAQ visible in the engraving, and does not identify it as a place name.",,validated,https://numismatics.org/crro/id/rrc-489.5,http://numismatics.org/collection/1944.100.4490,,
Antonia,29,Crawford 489/6,crawford,AR,,Mark Antony,32-31 BC,Bare head right; legend partially visible,Lion walking right; legend above: ANTONI; legend below: IMP,right,"Orsini reads the lion walking right with ANTONI / IMP as Antony's Lugdunum-type issue, discussing the lion as the emblem of the colony. He draws on Appian and Dio for the Lugdunum foundation and Antony's role in the Gallic command.",,validated,https://numismatics.org/crro/id/rrc-489.6,https://numismatics.org/collection/1944.100.4491,,
Antonia,30,Crawford 489/4,crawford,AR,,Marcus Antonius,32-31 BC,Jug and bird (eagle or raven) standing right; legend: M.A.IMP (partially legible),"Victory, right, crowning trophy",,Orsini discusses the jug and raven/eagle obverse and the Victory crowning trophy reverse as emblems of Antony's augural and military authority. He reads the M.A.IMP legend and connects the bird to Antony's augurate office.,,validated,https://numismatics.org/crro/id/rrc-489.4,https://numismatics.org/collection/1896.7.111,,
Antonia,31,Crawford 536/1,crawford,AR,,Marcus Antonius,32-31 BC,Bare head right; legend around: M.ANT.AVGVR.III.VIR.R.P.C.,Trophy of arms with shield and spear; legend: IMP.TER (with additional symbols),right,Orsini reads M.ANT.AVGVR.III.VIR.R.P.C as establishing Antony as augur and triumvir. He connects the trophy of arms with shield and spear to IMP.TER (third imperatorship) and discusses this within his account of Antony's Armenia campaign.,,validated,https://numismatics.org/crro/id/rrc-536.1,https://ikmk.smb.museum/object?id=18214976,,
Antonia,32,Crawford 536/1,crawford,AR,,M. Antonius,34 BC,Laureate head right; legend around: IMP.TER.ANTONIVS.AVGVR.COS.DES (partially legible),Trophy with captive at base; legend around: ...IMP... III.VIR.R.P.C. / ...ITER.ET.TER (partially legible),right,Orsini notes IMP.TER.ANTONIVS.AVGVR on the obverse and reads the trophy with captive as commemorating the Armenia campaign of 34 BC. He cites Plutarch and Dio on the capture of Artavasdes and connects the Armenia Devicta imagery to Antony's claims.,,validated,https://numismatics.org/crro/id/rrc-536.1,https://gallica.bnf.fr/ark:/12148/btv1b10452979b,,
Antonia,33,"Crawford 529/4b — Mark Antony and Octavian; Head of Concordia right, veiled / Two hands clasped round caduceus; AR quinarius, 39 BC",crawford,AR,,M. Antonius,34 BC,Veiled head of Concordia right; legend partially visible around,Two hands clasped round a winged caduceus (dextrarum iunctio); legend partially visible,right,Orsini discusses this quinarius type as part of the concordia series with clasped hands (dextrarum iunctio). He connects the caduceus to peace negotiations and reads the Concordia imagery as commemorating the reconciliation between Antony and Octavian at Misenum (39 BC).,,validated,https://numismatics.org/crro/id/rrc-529.4b,https://numismatics.org/collection/1944.100.5956,,
Antonia,34,"Crawford 529/2a — M. Antonius and Octavian, 41 BC",crawford,AR,,M. Antonius (joint issue with Octavian),41 BC,Bare head right; legend CAESAR IMP,Caduceus with wings; legend ANTONIVS IMP,right,Orsini reads this joint Antony/Octavian quinarius as a monument to the triumviral concordia. He notes CAESAR IMP and ANTONIVS IMP as the paired legends and connects the caduceus reverse to the pact of Misenum (39 BC) discussed in Appian.,,validated,https://numismatics.org/crro/id/rrc-529.2a,https://numismatics.org/crro/id/rrc-529.2a,,
Antonia,35,Crawford 520/1,crawford,AR,,M. Antonius,40 BC,Head of M. Antonius right; lituus behind,Caduceus between two cornucopiae on globe; M·ANT·IMP III·VIR·R·P·C,right,Orsini reads the caduceus between cornucopiae on globe as symbolising Antony's claim to peace and plenty. He notes M·ANT·IMP III·VIR and discusses the head of Antony with lituus (augurate symbol) as the obverse type.,,validated,https://numismatics.org/crro/id/rrc-520.1,https://numismatics.org/collection/1944.100.4802,,
Antonia,36,Crawford 544/8,crawford,AR,,M. Antonius,32 BC,"Galley right with rowers; ANT.AVG above, III.VIR.R.P.C below",Three legionary standards (aquila between two signa); CHORTIVM PRAETORIARVM,right,"Orsini discusses the cohors praetoria as Antony's praetorian guard, noting its Scipionic precedent. He reads CHORTIS PRAETORIAE with the three standards as the emblem of Antony's personal escort, connecting it to Scipio Africanus's use of a praetorian cohort.",,validated,https://numismatics.org/crro/id/rrc-544.8,https://numismatics.org/collection/1944.100.6306,,
Antonia,37,Crawford 544/12,crawford,AR,,M. Antonius,32 BC,"Galley right with rowers; ANT.AVG above, III.VIR.R.P.C below",Three legionary standards; CHORTIS SPECULATORVM,right,Orsini reads CHORTIS SPECULATORVM as the reconnaissance and intelligence unit of Antony's army. He discusses the three legionary standards and the galley obverse as marking this special cohort's place within the legionary series.,,validated,https://numismatics.org/crro/id/rrc-544.12,https://numismatics.org/collection/1944.100.6311,,
Antonia,38,Crawford 544/14,crawford,AR,,M. Antonius,32 BC,"Galley right with rowers; ANT.AVG above, III.VIR.R.P.C below",Aquila between two signa; LEG II,right,Orsini notes LEG II as the second legion in Antony's order of battle. He reads the galley obverse (ANT.AVG / III.VIR.R.P.C) as marking the fleet context and the aquila between two signa as the legion's standards.,,validated,https://numismatics.org/crro/id/rrc-544.14,https://numismatics.org/collection/1944.100.6312,True,
Antonia,39,Crawford 544/15,crawford,AR,,M. Antonius,32 BC,"Galley right with rowers; ANT.AVG above, III.VIR.R.P.C below",Aquila between two signa; LEG III,right,Orsini records LEG III in the legionary series. He treats the three standards as emblematic of the legion's identity and notes the galley obverse linking all legionary denarii to Antony's fleet command before Actium.,,validated,https://numismatics.org/crro/id/rrc-544.15,https://numismatics.org/collection/1944.100.6314,,
Antonia,40,Crawford 544/17,crawford,AR,,M. Antonius,32 BC,"Galley right with rowers; ANT.AVG above, III.VIR.R.P.C below",Aquila between two signa; LEG IIII,right,Orsini lists LEG IIII in sequence. He notes the consistent reverse type (aquila between two signa) across the legionary series and the galley obverse as the unifying element of Antony's army pay-coinage.,,validated,https://numismatics.org/crro/id/rrc-544.17,https://numismatics.org/collection/1944.100.6316,,
Antonia,41,Crawford 544/18,crawford,AR,,M. Antonius,32 BC,"Galley right with rowers; ANT.AVG above, III.VIR.R.P.C below",Aquila between two signa; LEG V,right,"Orsini records LEG V in the legionary sequence. His extended treatment of the legionary series notes the consistent obverse/reverse formula and the special designations (Classicae, Lybicae) for selected legions.",,validated,https://numismatics.org/crro/id/rrc-544.18,https://numismatics.org/collection/1944.100.6319,,
Antonia,42,Crawford 544/19,crawford,AR,,M. Antonius,32 BC,"Galley right with rowers; ANT.AVG above, III.VIR.R.P.C below",Aquila between two signa; LEG VI,right,"Orsini lists LEG VI among Antony's legions. He discusses the legionary series collectively as a monument to Antony's army mobilised for the Actium campaign, drawing on Plutarch and Appian for the scale of the forces assembled.",,validated,https://numismatics.org/crro/id/rrc-544.19,https://numismatics.org/collection/1944.100.6320,,
Antonia,43,Crawford 544/14,crawford,AR,,Mark Antony,32-31 BC,"Galley right with rowers; ANT.AVG above, III.VIR.R.P.C below",Aquila between two signa; LEG VI (variant with ANTONIVS VETVRS AVGVR),right,"Orsini reads the fifth denarius of this plate as attesting Legio VI restored by Antoninus and Verus Augusti: 'VI. LEGIONEM ab Antonino & Vero Augustis restitutam fuifse, ex nullo Scriptorũ, praeterquàm ex quinti denarii infcriptione cognofcimus' (p. 25). He does not discuss a 'veteran-designation variant'; his remark concerns imperial restoration of the legion known only from this coin's inscription. The 'ab Antonino & Vero Augustis restitutam' refers to a later imperial restoration attested on the coin legend, not to Antony's own nomenclature for a veteran unit.",,validated,https://numismatics.org/crro/id/rrc-544.14,https://numismatics.org/collection/1944.100.6312,True,
Antonia,44,Crawford 544/20,crawford,AR,,M. Antonius,32 BC,"Galley right with rowers; ANT.AVG above, III.VIR.R.P.C below",Aquila between two signa; LEG VII,right,Orsini lists LEG VII in sequence. He reads the three standards and aquila as the consistent badge of each Antonian legion and connects the galley obverse to the combined fleet-and-army command structure before Actium.,,validated,https://numismatics.org/crro/id/rrc-544.20,https://numismatics.org/collection/1944.100.6321,,
Antonia,45,Crawford 544/21,crawford,AR,,M. Antonius,32 BC,"Galley right with rowers; ANT.AVG above, III.VIR.R.P.C below",Aquila between two signa; LEG VIII,right,"Orsini records LEG VIII in the legionary series. He treats these coins as a collective monument to Antony's army, noting the series as the most extensive Republican military coinage preserved in the numismatic record.",,validated,https://numismatics.org/crro/id/rrc-544.21,https://numismatics.org/collection/1944.100.6323,,
Antonia,46,Crawford 544/22,crawford,AR,,M. Antonius,32 BC,"Galley right with rowers; ANT.AVG above, III.VIR.R.P.C below",Aquila between two signa; LEG IX,right,"Orsini lists LEG IX in sequence. He connects each legion to the broader narrative of Antony's campaign preparations, citing Plutarch's Life of Antony on the size of the forces marshalled for the war against Octavian.",,validated,https://numismatics.org/crro/id/rrc-544.22,https://numismatics.org/collection/1978.71.1,,
Antonia,47,Crawford 544/24,crawford,AR,,M. Antonius,32 BC,"Galley right with rowers; ANT.AVG above, III.VIR.R.P.C below",Aquila between two signa; LEG X,right,Orsini records LEG X in the series. He notes this as one of the core Antonian legions and discusses the legionary denarii collectively as evidence of the scale of Antony's military financing in the final civil war.,,validated,https://numismatics.org/crro/id/rrc-544.24,https://numismatics.org/collection/1944.100.6325,,
Antonia,48,Crawford 544/25,crawford,AR,,M. Antonius,32 BC,"Galley right with rowers; ANT.AVG above, III.VIR.R.P.C below",Aquila between two signa; LEG XI,right,"Orsini lists LEG XI in sequence. He reads all legionary reverses as following the same formula (aquila between two signa, legion number in legend) and treats the series as a systematic record of Antony's order of battle.",,validated,https://numismatics.org/crro/id/rrc-544.25,https://numismatics.org/collection/1944.100.6326,,
Antonia,49,Crawford 544/26,crawford,AR,,M. Antonius,32 BC,"Galley right with rowers; ANT.AVG above, III.VIR.R.P.C below",Aquila between two signa; LEG XII,right,"Orsini records LEG XII in the legionary sequence. He discusses the series collectively as the most complete surviving record of a Republican army's composition, connecting it to Plutarch and Appian on the Actium campaign.",,validated,https://numismatics.org/crro/id/rrc-544.26,https://numismatics.org/collection/1944.100.6327,,
Antonia,50,Crawford 544/27,crawford,AR,,M. Antonius,32 BC,"Galley right with rowers; ANT.AVG above, III.VIR.R.P.C below",Aquila between two signa; LEG XII ANTIQVAE,right,"Orsini states that Legio XII Antiquae is known solely from this coin: 'Legionis. XII. Antiquae, quae in huius tabellae denario notata est, nullus, quod sciam, ueterum scriptorum facit mentionem.' He makes no claim about it having an established history; on the contrary, he notes the complete absence of any ancient literary attestation.",,validated,https://numismatics.org/crro/id/rrc-544.27,https://numismatics.org/collection/1956.163.42,,
Antonia,51,Crawford 544/28,crawford,AR,,M. Antonius,32 BC,"Galley right with rowers; ANT.AVG above, III.VIR.R.P.C below",Aquila between two signa; LEG XIII,right,Orsini records LEG XIII in the series. He reads the legion number and aquila type as consistent markers and connects the galley obverse to Antony's combined naval and land command at Actium.,,validated,https://numismatics.org/crro/id/rrc-544.28,https://gallica.bnf.fr/ark:/12148/btv1b10453089p,,
Antonia,52,Crawford 544/29,crawford,AR,,M. Antonius,32 BC,"Galley right with rowers; ANT.AVG above, III.VIR.R.P.C below",Aquila between two signa; LEG XIV,right,Orsini lists LEG XIV in sequence. He discusses these coins as army-pay coinage struck in quantity before Actium and connects them to Plutarch's account of the financial demands of Antony's eastern military establishment.,,validated,https://numismatics.org/crro/id/rrc-544.29,https://numismatics.org/collection/1944.100.6329,,
Antonia,53,Crawford 544/30,crawford,AR,,M. Antonius,32 BC,"Galley right with rowers; ANT.AVG above, III.VIR.R.P.C below",Aquila between two signa; LEG XV,right,"Orsini records LEG XV in the legionary series. He notes the aquila between two signa reverse and the galley obverse as the standard Antonian formula, reading the series as a comprehensive military pay record.",,validated,https://numismatics.org/crro/id/rrc-544.30,https://numismatics.org/collection/1944.100.6330,,
Antonia,54,Crawford 544/31,crawford,AR,,M. Antonius,32 BC,"Galley right with rowers; ANT.AVG above, III.VIR.R.P.C below",Aquila between two signa; LEG XVI,right,"Orsini lists LEG XVI in sequence. He treats all regular numbered legions as following the same formula and notes the special units (Classicae, Lybicae, Cohors Praetoria, Speculatorum) as the distinctive elements within the series.",,validated,https://numismatics.org/crro/id/rrc-544.31,https://numismatics.org/collection/1944.100.6331,,
Antonia,55,Crawford 544/32,crawford,AR,,M. Antonius,32 BC,"Galley right with rowers; ANT.AVG above, III.VIR.R.P.C below",Aquila between two signa; LEG XVII,right,"Orsini records LEG XVII in the series, before the Classicae variant. He reads these in order and connects the series to his extended discussion of Antony's army and fleet, drawing on Plutarch, Dio, and Appian.",,validated,https://numismatics.org/crro/id/rrc-544.32,https://numismatics.org/collection/1944.100.6332,,
Antonia,56,Crawford 544/10,crawford,AR,,M. Antonius,32 BC,"Galley right with rowers; ANT.AVG above, III.VIR.R.P.C below",Aquila between two signa; LEG XVII CLASSICAE,right,"Orsini notes that Legio XVII Classica would have been entirely unknown but for this coin: 'Legio XVII Classica: in sexto huius tabellae denario signata, nisi antiquus hic denarius extaret, fuisset nobis prorsus ignota.' He does not explain what Classicae designates or identify it as a naval unit.",,validated,https://numismatics.org/crro/id/rrc-544.10,https://numismatics.org/collection/1944.100.6308,,
Antonia,57,Crawford 544/34,crawford,AR,,M. Antonius,32 BC,"Galley right with rowers; ANT.AVG above, III.VIR.R.P.C below",Aquila between two signa; LEG XVIII,right,Orsini records LEG XVIII in the regular sequence. He notes the consistent three-standards reverse across all legionary denarii and discusses the series as an unparalleled record of a late Republican army's order of battle.,,validated,https://numismatics.org/crro/id/rrc-544.34,https://gallica.bnf.fr/ark:/12148/btv1b10453116t,,
Antonia,58,"Crawford 544/38 — Mark Antony legionary denarius, LEG XXIII (RSC 55)",crawford,AR,,M. Antonius,32 BC,Praetorian galley right; ANT·AVG / III·VIR·R·P·C,Aquila (legionary eagle) between two standards; LEG XXIII (the engraving erroneously shows LEG XXIIII),right,"Mark Antony legionary denarius (Crawford 544/38), praetorian galley / aquila between two standards, ANT·AVG·III·VIR·R·P·C. The reverse legion is LEG XXIII (the highest genuine legion in the series); the engraving erroneously adds a stroke, reading LEG XXIIII (not a real legion) — an engraver's error. (Re-identified from the former 544/11 / LEG XI.)",Engraver's error: reverse engraved LEG XXIIII (extra stroke). LEG XXIIII (24) is not a recognised legion in Antony's series — XXIII is the highest genuine number; higher numbers are dismissed as die-engraver's errors/forgeries. Read as LEG XXIII (Crawford 544/38).,validated,https://numismatics.org/crro/id/rrc-544.38,https://numismatics.org/collection/1944.100.6309,,
Antonia,59,"Crawford 364/1d — Q. Antonius Balbus, praetor, 83-82 BC",crawford,AR,,Q. Antonius Balbus,83-82 BC,Bare head right with slight beard; S·C in field,"Jupiter in quadriga right, holding thunderbolt; Q·A·BALB·PR around",right,"Orsini distinguishes Q. Antonius Balbus as a separate branch of the gens from the triumvir. He reads Q·A·BALB·PR as Quintus Antonius Balbus, Praetor, and connects the S·C in the field to senatorial authorisation of the issue in 83-82 BC.",,validated,https://numismatics.org/crro/id/rrc-364.1d,https://numismatics.org/crro/id/rrc-364.1d,,
Antonia,60,Crawford 544/35,crawford,AR,,M. Antonius,32 BC,"Galley right with rowers; ANT.AVG above, III.VIR.R.P.C below",Aquila between two signa; LEG XIIX,right,"Orsini records LEG XIX in the legionary series. He connects this to the Actium campaign and discusses the series collectively as a monument to Antony's army, noting the galley obverse as linking all legionary coins to the fleet context.",,validated,https://numismatics.org/crro/id/rrc-544.35,https://numismatics.org/collection/1944.100.6333,True,
Antonia,61,Crawford 544/11,crawford,AR,,M. Antonius,32 BC,"Galley right with rowers; ANT.AVG above, III.VIR.R.P.C below",Aquila between two signa; LEG XVIII LYBICAE,right,"Orsini states Legio XVIII Lybicae is attested only in this coin ('nisi in hoc tantum denario, nulla alibi extat mentio') and guesses it was named from the region, as were the Cyrenaica, Scythica, and Macedonia legions mentioned by Dio lib. LV. He does NOT say the legion was recruited from or stationed in North Africa.",,validated,https://numismatics.org/crro/id/rrc-544.11,https://gallica.bnf.fr/ark:/12148/btv1b10453113g,,
Antonia,62,Crawford 544/35,crawford,AR,,M. Antonius,32 BC,"Galley right with rowers; ANT.AVG above, III.VIR.R.P.C below",Aquila between two signa; LEG XIX,right,"Orsini records a second example of LEG XIX. He treats this as a duplicate issue of the same legion noted at coin 60, reading both as part of the same die series and noting the consistent aquila between two signa reverse.",,validated,https://numismatics.org/crro/id/rrc-544.35,https://numismatics.org/collection/1944.100.6333,True,
Antonia,63,Crawford 544/36,crawford,AR,,M. Antonius,32 BC,"Galley right with rowers; ANT.AVG above, III.VIR.R.P.C below",Aquila between two signa; LEG XX,right,"Orsini records LEG XX in the legionary series. He discusses the series collectively as evidence of the unprecedented scale of Antony's military coinage, citing Plutarch and Appian on the size of the forces at Actium.",,validated,https://numismatics.org/crro/id/rrc-544.36,https://numismatics.org/collection/1944.100.6334,,
Antonia,64,Crawford 544/37,crawford,AR,,M. Antonius,32 BC,"Galley right with rowers; ANT.AVG above, III.VIR.R.P.C below",Aquila between two signa; LEG XXI,right,Orsini lists LEG XXI in the sequence. He reads the three standards as the unit's emblem and connects the galley obverse to Antony's combined fleet command. He notes the cohors praetoria precedent from Scipio Africanus within his legionary commentary.,,validated,https://numismatics.org/crro/id/rrc-544.37,https://numismatics.org/collection/1944.100.6335,,
Antonia,65,Crawford 544/38,crawford,AR,,M. Antonius,32 BC,"Galley right with rowers; ANT.AVG above, III.VIR.R.P.C below",Aquila between two signa; LEG XXII,right,"Orsini records LEG XXII as the final legion in the series. He concludes his Antonian treatment by noting the series as the most extensive mint output of any Republican commander, connecting its scale to the demands of financing the Actium campaign.",,validated,https://numismatics.org/crro/id/rrc-544.38,https://numismatics.org/collection/1944.100.6336,,
Apronia,1,RIC I (2nd ed.) Augustus 446,ric,AE,,Apronius (IIIvir monetalis),13 BC,MESSALLA.APRONIVS / SISENNA.GALVS around; priestly implements,S.C large in centre; III.VIR / A.A.A.F.F around,,Orsini records the joint issue by Sisenna and Aproni / Galvs as IIIviri monetales under Augustus (A.A.A.F.F.). The third named moneyer is Galvs (not Messalla). Orsini has little to say about the Apronii beyond identifying Galvs as probably the consul of anno DCCLX in the Capitoline tables and noting his connection to the Sulpicia family.,,validated,https://numismatics.org/ocre/id/ric.1(2).aug.446,https://gallica.bnf.fr/ark:/12148/btv1b104432820,,
Aquillia,1,Crawford 401/1,crawford,AR,,Mn. Aquillius Mn.f. Mn.n.,71 BC,Helmeted bust right (Virtus); VIRTVS behind,Warrior raising up fallen figure (Sicilia); MN.AQVIL / SICIL around,right,"Orsini identifies the Virtus/Sicilia type as commemorating Mn. Aquillius who suppressed the Sicilian slave revolt, correctly reading the SICIL legend. He reads the warrior raising up the fallen Sicilia figure as a monument to the victory over the slaves.",,validated,https://numismatics.org/crro/id/rrc-401.1,https://numismatics.org/collection/1937.158.146,,
Aquillia,2,Crawford 303/1,crawford,AR,,Mn. Aquillius,109 BC,Head of Sol right,"Luna in biga right; stars above; MN.AQVIL below, ROMA in exergue",right,"Orsini discusses this Sol/Luna biga type as an earlier issue of the Aquillii, attributing it to Mn. Aquillius in the consular period. He connects the Sol head obverse and the Luna biga reverse to standard Republican astronomical imagery.",,validated,https://numismatics.org/crro/id/rrc-303.1,https://numismatics.org/collection/1944.100.633,,
Aquillia,3,RIC I (2nd ed.) Augustus 314,ric,AR,,L. Aquillius Florus,19 BC,Bare head right; L.AQVILLIVS.FLORVS around,Kneeling figure (Armenian/Parthian) presenting/handing standard; CAESAR / DIVVS.F / ARMEN.CAPTA / SIGN.RECE around,,"Orsini records L. Aquillius Florus as triumuir under Augustus and notes the flower on the coin reverse as referencing the cognomen Florus ('à flore quodam ea familia duxerat, florem ipsum cuiusmodi fuerit, in altera denarii parte indicauit'). He mentions that Dio lib. LI records the execution of Aquillii Flori, father and son, at Augustus's command. Orsini does not describe a kneeling figure with Parthian standards for this coin.",,validated,https://numismatics.org/ocre/id/ric.1(2).aug.314,https://ikmk.smb.museum/object?id=18207774,,
Aquillia,4,"RIC I (2nd ed.) Augustus 309 — L. Aquillius Florus; Head of Augustus bare right / Open flower with six petals; AR denarius, Rome, 19–4 BC",ric,AR,,L. Aquillius Florus,19 BC,Bare head right (Augustus); CAESAR behind/around,Open flower with petals (rosette/flower-star); L.AQVILLIVS.FLORVS / III.VIR around,,"Orsini connects the flower reverse to the cognomen Florus, stating that 'à flore quodam ea familia duxerat, florem ipfum cuiufmodi fuerit, in altera denarii parte indicauit' (p. 29) — 'from some flower the family took [the cognomen], and indicated on the other side of the denarius what kind of flower it was.' He does not name Flora as a goddess or invoke her cult; he speaks only of 'some flower' (flore quodam) as the origin of the cognomen.",,validated,http://numismatics.org/ocre/id/ric.1(2).aug.309,http://numismatics.org/collection/1944.100.38317,,
Aquillia,5,"RIC I (2nd ed.) Augustus 301 — L. Aquillius Florus, moneyer, 19 BC (Virtus / Augustus in elephant biga)",ric,AR,,L. Aquillius Florus,c. 19 BC,Helmeted head right; L.AQVILLIVS.FLORVS.III.VIR around,"Elephant walking left; AVGVSTVS above, CAESAR below",,Orsini does not provide a specific comment on this coin beyond the general discussion of L. Aquillius Florus as triumuir under Augustus and the Florus cognomen connected to the flower on the reverse. The specific claim about a helmeted head or Augustan military achievement is not attested in Orsini's text.,,validated,https://numismatics.org/ocre/id/ric.1(2).aug.301,https://numismatics.org/collection/1944.100.38317,,
Aquillia,6,"RIC I (2nd ed.) Augustus 303 — L. Aquillius Florus; Head of Sol radiate right / Slow quadriga right with grain stalks; AR denarius, Rome, 19–4 BC",ric,AR,,L. Aquillius Florus,19 BC,Radiate head of Sol right; L·AQVILLI / FLORVS·III·VIR around,"Sol in slow quadriga right, holding grain stalks (or whip); CAESAR·AVGVSTVS above; S·C in exergue",,"Orsini discusses L. Aquillius Florus's reverse type as depicting a flower referencing the cognomen Florus. He does not mention a bull or ox reverse for any Aquillian coin, nor does he call any of these issues a 'bronze' (the Florus denarii are silver). The specific 'bull or ox reverse' description is not grounded in Orsini's text.",,validated,http://numismatics.org/ocre/id/ric.1(2).aug.303,https://numismatics.org/ocre/id/ric.1(2).aug.303 (ANS 1944.100.38318),,
Arria,1,Crawford 513/2,crawford,AR,,M. Arrius Secundus,41 BC,Bare male head; M·ARRIVS / SECVNDVS around,Wreath at left; square frame enclosing sacrificial implements at right,right,"Orsini notes the military decorations on the reverse — clathros (lattice-work), hasta pura, and corona — arguing these were the dona with which Arrius was honoured for defending a camp gate, citing Horace (Ars Poetica) and Columella (VIII.3). He quotes Catullus Carmen 84 on Q. Arrius's aspirated pronunciation as prosopographic context. He leaves the identity of M. Arrius Secundus explicitly open ('incertum mihi'): he may be the person in Pedianus's argument to Verr. IV, or the Suriae praefectus.",,validated,https://numismatics.org/crro/id/rrc-513.2,https://numismatics.org/collection/1937.158.345,,
Asinia,1,"RIC I (2nd ed.) Augustus 373 — C. Asinius Gallus; Head of Augustus bare right / Legend surrounding S·C; AE as, Rome, 16 BC",ric,AE,,C. Asinius Gallus,8 BC,Bare head left; TRIBVNIC.POTEST.CAESAR.AVGVSTVS around,S·C within wreath; C.ASINIVS.GALLVS / III.VIR.A.A.A.F.F around,,"Orsini identifies C. Asinius Gallus as 'orator & poeta' and as the son of Asinius Pollio. He notes Pollio's consulship (anno DCCXIX with C. Marcius Censorinus) and his fame praised by Seneca, Pliny, and Suetonius. Orsini says Gallus 'signavit' these bronze coins but does not mention the title IIIvir monetalis.",,validated,http://numismatics.org/ocre/id/ric.1(2).aug.373,https://numismatics.org/collection/1944.100.38360,,
Asinia,2,"RIC I (2nd ed.) Augustus 370 — C. Asinius Gallus; Oak-wreath between laurel branches / S·C; AE sestertius, Rome, 16 BC",ric,AE,,C. Asinius Gallus,8 BC,OB / CIVIS / SERVATOS within an oak wreath,S.C; C.ASINIVS / GALLVS around,,"Orsini treats both Asinia bronzes as struck by C. Asinius Gallus ('signavit'). His text discusses Gallus and Pollio's biography; he does not describe the individual types of the two coins separately, and does not mention the oak-wreath, the OB CIVIS SERVATOS legend, or distinguish the two coins' reverses in his commentary.",,validated,http://numismatics.org/ocre/id/ric.1(2).aug.370,https://numismatics.org/collection/1995.11.1598,,
Atilia,1,Crawford 214/1a,crawford,AR,,M. Atilius Saranus,148 BC,Helmeted head of Roma right; SARAN behind,"The Dioscuri on horseback galloping right; M·ATIL below, ROMA in exergue",right,"Orsini discusses the Seranus/Saranus cognomen, citing Pliny (Lib. XVIII cap. III) for the serendo etymology but noting doubt about whether this applies to the Saranus form. He identifies two possible persons — M. Atilii Serani triumviri (anno DLXVIII) and C. Atilius consul (anno DCXLVII) — but explicitly states the identification is uncertain ('difficile est... affirmare'). He does not confidently assign the coins to M. Atilius Saranus.",,validated,https://numismatics.org/crro/id/rrc-214.1a,https://gallica.bnf.fr/ark:/12148/btv1b10425694w,,
Atilia,2,Crawford 214/1,crawford,AR,,M. Atilius Saranus,148 BC,Helmeted head of Roma right; X behind,Horseman in biga right; C.ATL / ROMA below,right,"Orsini groups the Roma/horseman-type Atilian denarii together but explicitly declines to identify which specific moneyer they belong to ('difficile est, qui praecipue his denariis designentur, affirmare'). He discusses the Seranorum family etymology (Pliny) and the alternative Saranus inscription evidence without resolving the question.",,validated,https://numismatics.org/crro/id/rrc-214.1,https://numismatics.org/collection/1010.1.5,,
Atilia,3,Crawford 214/1,crawford,AR,,M. Atilius Saranus,148 BC,Helmeted head of Roma right; control marks,Horseman in biga or quadriga right; ROMA in exergue,right,Orsini treats the Atilian denarii collectively and declines to specify which moneyer each belongs to. He does not invoke M. Atilius Regulus of the First Punic War in this context.,,validated,https://numismatics.org/crro/id/rrc-214.1,http://numismatics.org/collection/1944.100.330,,
Aurelia,1,Crawford 229/1a,crawford,AR,,M. Aurelius Cotta,139 BC,Helmeted head of Roma right; X behind; COTA behind,Horseman in biga right; M.AVRELI / ROMA below,right,Orsini reads the COTA cognomen and identifies M. Aurelius Cotta as issuing this biga denarius. He connects the moneyer to the consular Cottae and provides prosopographic notes on the family without extended historical commentary.,,validated,https://numismatics.org/crro/id/rrc-229.1a,https://numismatics.org/collection/1941.131.54,,
Aurelia,2,Crawford 314/1b,crawford,AR,,L. Aurelius Cotta,105 BC,Laureate head right within laurel wreath; star behind,Eagle with spread wings; L·COT in exergue,right,"Orsini identifies the bearded, pileus-wearing bust as Vulcan, citing Virgil on Vulcan's sooty beard and Arnobius (lib. VI: 'cum pileo Vulcanus & malleo' — pileus and hammer, not tongs). He attributes the coin to L. Aurelius Cotta. He does not discuss the eagle reverse or connect it to any augural tradition.",,validated,https://numismatics.org/crro/id/rrc-314.1b,https://numismatics.org/collection/1986.161.13,,
Aurelia,3,Crawford 282/1,crawford,AR,,"Cn. Domitius Ahenobarbus, M. Aurelius Scaurus, L. Licinius Crassus",118 BC,Helmeted head of Roma right; M·AVRELI around,Figure driving biga right; S·CARI / L·LIC·CN·DOM below,right,"Orsini identifies the third coin as possibly M. AVRELIVS SCAVRVS, consul suffectus in anno DCXLV with L. Hortensius, described as 'unicus in ea familia consularis.' He reads the legends visible in the plate (including the names of the collegiate moneyers) but does not name the college explicitly in his prose; his text focuses on Scaurus's identification.",,validated,https://numismatics.org/crro/id/rrc-282.1,https://numismatics.org/collection/1937.158.621,,
Axsia,1,Crawford 400/1a,crawford,AR,,L. Axsius L.f. Naso,71 BC,"Head of Mars right, wearing plumed helmet","Diana in biga of stags right, holding spear; L.AXSIVS.L.F below, NASO in exergue",right,"Orsini admits to great difficulty with this family, writing in tanta praesertim huius familiae ignoratione (given such ignorance about this family). He discusses the archaic spelling AXSIVS and its possible connection to MAXIMVS. For the Diana/stag reverse, he cites Apollonius Rhodius (book III) and Callimachus on the stag-drawn chariot.",,validated,https://numismatics.org/crro/id/rrc-400.1a,http://numismatics.org/collection/2002.46.414,,
Baebia,1,Crawford 236/1,crawford,AR,,M. Baebius Q.f. Tampilus,137 BC,Helmeted head of Roma left; TAMPIL behind,Apollo in quadriga right; M.BAEBQ.F / ROMA below,left,"Orsini identifies M. Baebius Tampilus as consul in 181 BC with P. Cornelius Cethegus, noting his triumph over the Ligurians. He observes the spelling TAMPIL on the coin versus Tamphilus in the Capitoline tablets, noting the absence of aspiration in the coin legend.",,validated,https://numismatics.org/crro/id/rrc-236.1,https://numismatics.org/collection/1944.100.382,,
Baebia,2,,,,,,,"Handwritten annotation (not a coin engraving): ""tête de Jupiter""","Handwritten annotation: ""TAN en monogramme / victoire couronnant un trophée / Jason / ROMA""",,"Later annotator's note (French): obv «tête de Jupiter»; rev «TAM en monogramme, Victoire couronnant un trophée, ROMA» — Crawford 133/1, an anonymous denarius (154 BC) formerly attributed to M. Baebius Tampilus.",,annotation,,,,
Caecilia,1,"Crawford 263/1 — M. Caecilius Q.f. Q.n. Metellus; Head of Roma right / Macedonian shield with elephant head within laurel wreath; AR denarius, 127 BC",crawford,AR,,M. Caecilius Q.f. Q.n. Metellus,127 BC,"Head of Apollo right, hair tied with band; behind small object",Macedonian shield decorated with elephant's head in center; laurel wreath border,right,"Orsini opens his extended treatment of the Metelli by attributing the Macedonian shield type to M. Caecilius Metellus, one of the four sons of Q. Caecilius Metellus Macedonicus. He connects the elephant in the shield's centre to the Metellian triumphal tradition.",,validated,https://numismatics.org/crro/id/rrc-369.1,http://numismatics.org/collection/1941.131.82,,
Caecilia,2,Crawford 263/1b,crawford,AR,,M. Caecilius Q.f. Q.n. Metellus,127 BC,"ROMA (upwards) / ROMA (downwards): Helmeted head of Roma right, with star on helmet flap. Border of dots.",M·METELLVS Q·F: Macedonian shield decorated with elephant's head at centre. Laurel-wreath border.,right,"Orsini treats this as a second monument of M. Caecilius Q.f. Q.n. Metellus. He discusses the four sons of Q. Caecilius Metellus Macedonicus — Marcus, Caius Caprarius, Quintus Balearicus, and Lucius Diadematus — as the framework for his Metellian commentary.",,validated,https://numismatics.org/crro/id/rrc-263.1b,https://numismatics.org/collection/1937.158.615,,
Caecilia,3,Crawford 269/1,crawford,AR,,C. Caecilius Metellus Caprarius,125 BC,"Head of Roma right, helmeted; X behind",Biga of elephants right driven by a charioteer; C.M.TELLVS in exergue,right,"Orsini attributes this Victory/biga type to C. Caecilius Metellus Caprarius, identifying him as the second of the four Metellian sons. He connects the cognomen Caprarius to goat-herding imagery, drawing on the prosopographic tradition.",,validated,https://numismatics.org/crro/id/rrc-269.1,https://numismatics.org/collection/1941.131.85,,
Caecilia,4,Crawford 256/1,crawford,AR,,Q. Caecilius Metellus,130 BC,"Head of Roma right, helmeted","Jupiter in quadriga right, holding thunderbolt and branch; Q·METE (Q. Caecilius Metellus); ROMA in exergue",right,"Orsini attributes the Dioscuri type to Q. Caecilius Metellus and connects it to the gens's long tradition of Dioscurian reverse types. He identifies this as the issue of Q. Caecilius Metellus Balearicus, the third son of Macedonicus.",,validated,https://numismatics.org/crro/id/rrc-256.1,https://numismatics.org/collection/1944.100.496,,
Caecilia,5,Crawford 284/1,crawford,AR,,Q. Caecilius Metellus / M. Calidius / Cn. Fulvius,117-116 BC,Helmeted head of Roma right with winged griffin crest; Q.MET behind,Victory in quadriga right; ROMA below,right,Orsini notes the joint issue of Q. Caecilius Metellus with M. Calidius and Cn. Fulvius. He reads Q.MET in the legend and connects the Roma/Victory quadriga type to the magistracy shared among three monetales in 117-116 BC.,,validated,https://numismatics.org/crro/id/rrc-284.1,https://numismatics.org/collection/1896.7.34,,
Caecilia,6,Crawford 256/2,crawford,AE,,Q. Caecilius Metellus,130 BC,"Bearded head of Jupiter right, laureate; Q.ME behind",Prow right; Q.MET / ROMA below,right,"Orsini attributes this bronze prow issue to Q. Caecilius Metellus, reading Q.MET / ROMA as the issuer's legend. He treats the Janiform Jupiter head and prow reverse as standard Republican bronze types of the Metellian magistracy.",,validated,https://numismatics.org/crro/id/rrc-256.2,https://numismatics.org/collection/1941.131.75,,
Caecilia,7,Crawford 284/1b,crawford,AR,,Q. Caecilius Metellus / M. Calidius / Cn. Fulvius,117-116 BC,Helmeted head of Roma right; ROMA; X behind,Victory in biga right; CN.FOV / M.CALO / Q.MET below,right,Orsini discusses the joint issue with M. Calidius and Cn. Fulvius (CN.FOV / M.CALOM legible). He reads Q.MET as Q. Caecilius Metellus and treats this variant as part of the same college issue as coin 5.,,validated,https://numismatics.org/crro/id/rrc-284.1b,https://numismatics.org/collection/1896.7.35,,
Caecilia,8,Crawford 335/1,crawford,AR,,L. Caecilius Metellus / C. Publicius Malleolus / A. Postumius Albinus,96 BC,Laureate head right; L.METEL / A.ALB.S.F around,"Roma seated holding spear, crowned from behind by Victory standing; C·MAL at left, ROMA in exergue",right,"The joint issue of L. Metellus, A. Postumius Albinus, and C. Publicius Malleolus (Crawford 335/1) is visible on the second Caecilia plate (p. 38, legend L.METEL / A.ALB.S.F / C.MA…). Orsini provides no prose discussion of this coin; his text on pp. 38–40 turns immediately to Q. Caecilius Metellus Pius Scipio and the African campaign coins. The coin appears on the plate without individual commentary from Orsini.",,validated,https://numismatics.org/crro/id/rrc-335.1,https://numismatics.org/collection/1937.158.62,,
Caecilia,9,Crawford 374/1,crawford,AR,,Q. Caecilius Metellus Pius,81 BC,Head right with elephant skin headdress (Africa personified),Elephant walking right; Q.C.M.P.I below,right,Orsini connects the elephant reverse of Q. Caecilius Metellus Pius to the Jugurthine triumph and identifies the elephant-skin headdress as the personification of Africa. He reads Q.C.M.P.I as Quintus Caecilius Metellus Pius Imperator.,,validated,https://numismatics.org/crro/id/rrc-374.1,https://numismatics.org/collection/1976.999.18,,
Caecilia,10,Crawford 459/1,crawford,AR,,Q. Caecilius Metellus Pius Scipio,47-46 BC,Laureate head right; Q.METEL / PIVS around,Elephant walking right; SCIPIO / IMP below,right,"Orsini identifies Q. Metellus Pius Scipio as imperator in Africa, demonstrating this from Caesar's own words in Bellum Civile III. He connects the elephant on the third and fourth denarii to Africa and the spica/aratrum on the sixth to Africa's fertility (via Claudianus). He does not say Orsini 'conflates' the moneyer and proconsul — Scipio was the commanding general who issued these coins in Africa.",Conflates the moneyer Q. Caecilius Metellus Pius Scipio with the proconsul of the same name,validated,https://numismatics.org/crro/id/rrc-459.1,https://numismatics.org/collection/1941.131.303,,
Caecilia,11,Crawford 374/2,crawford,AR,,Q. Caecilius Metellus Pius,81 BC,Bare head right,IMPER; lituus and praefericulum (priestly implements),right,"Orsini reads IMPER with lituus and praefericulum as a second issue of Q. Caecilius Metellus Pius, connecting the priestly implements to the gens's pontifical tradition. He discusses the lituus as an augural symbol appropriate to the Metellian command.",,validated,https://numismatics.org/crro/id/rrc-374.2,https://numismatics.org/collection/1978.64.366,,
Caecilia,12,Crawford 461/1,crawford,AR,,Q. Caecilius Metellus Pius Scipio / Eppius,47-46 BC,Single head right; SCIPIO·IM / Q·METEL around,Single standing male figure (Genius/Hercules); LEG·F·C / EPPIVS around,right,"Orsini discusses this joint issue of Metellus Scipio with Eppius (LEG.F.C / ENIVS), reading the two jugate heads and the standing figure on the reverse as a monument to the joint African command. He connects this to his treatment of Metellus Scipio at Thapsus.",,validated,https://numismatics.org/crro/id/rrc-461.1,https://numismatics.org/collection/1944.100.3309,True,
Caecilia,13,Crawford 460/4,crawford,AR,,Q. Caecilius Metellus Pius Scipio / P. Licinius Crassus Iunianus,47-46 BC,"Genius of the African land (Genius Terrae Africae) standing right, holding attributes; G·T·A above; Q·METELLVS·PIVS·SCIPIO·IMP around","Victory standing left, holding wreath and resting on a shield; LEG·PRO·PR / P·CRASSVS·IVN around",right,"Coin of Q. Caecilius Metellus Pius Scipio (imperator in Africa, 47-46 BC) with his proquaestor P. Licinius Crassus Junianus: standing Genius Terrae Africae / Victory with shield. Orsini files it under the Caecilian section.",,validated,https://numismatics.org/crro/id/rrc-460.4,https://numismatics.org/collection/search?q=1937.158.266,,
Caecilia,14,"Crawford 460/2 — Q. Caecilius Metellus Pius Scipio and P. Licinius Crassus Iunianus Damasippus; Bust of Jupiter right / Curule chair with scales on cornucopia; AR denarius, 47–46 BC",crawford,AR,,P. Crassus M.f.,55 BC,Bearded head of the African Genius (Jupiter-like) right; SCIP·IMP / METEL·PIVS around,Balance (scales) above a curule chair set on a cornucopia; LEG·PRO·PR / P·CRASSVS·IVN around,right,"Orsini discusses the bare head with METELLUS legend alongside the priestly implements (praefericulum, securis) and P.CRASSVS legend. He connects this to the African command series, grouping it with coins 12-13 as part of the Metellus Scipio/Crassus joint issues.",,validated,https://numismatics.org/crro/id/rrc-460.2,https://numismatics.org/collection/1944.100.3307,,
Caecilia,15,Crawford 460/3,crawford,AR,,Q. Caecilius Metellus Pius Scipio (imperator) with L. Licinius Crassus Iunianus (proquaestor pro praetore),47-46 BC,"Turreted head of Genius Terrae Africae (Africa) right, corn-ear before; CRASS·IVN / LEG·PRO·PR around.","Trophy of arms; on left, lituus; on right, jug (praefericulum); METEL·PIVS / SCIP·IMP around.",,"Orsini reads the turreted-head obverse with caduceus and the trophy reverse with SCIP IMP as a joint issue of Metellus Scipio (imperator) and L. Licinius Crassus Iunianus (proquaestor pro praetore, L.C.P.RO.PR). He connects the trophy to the African military command.",,validated,https://numismatics.org/crro/id/rrc-460.3,https://gallica.bnf.fr/ark:/12148/btv1b104262112,True,
Caecilia,16,"Crawford 263/5 — C. Caecilius Metellus Caprarius, AE as, 125 BC",crawford,AE,,C. Caecilius Metellus Caprarius,125 BC,Bare head right,Prow right; ROMA below,right,"Orsini includes this bronze of C. Caecilius Metellus Caprarius, placing it alongside coin 3. He reads the prow and ROMA reverse as standard Republican bronze types and treats this as the only bronze monument of the Caprarius branch on his plate.",,validated,https://numismatics.org/crro/id/rrc-263.5,https://www.britishmuseum.org/collection/object/C_1865-0811-1,,
Caecina,1,"Crawford 174/1 — A. Caecilius (gens Caecilia); laureate head of bearded Janus / prow of galley right, A·CAE above, ROMA below (Æ as).",crawford,AE,,A. Caecilius,c. 169-158 BC,Janiform head (two heads back-to-back),Prow right; A.CA / ROMA below,,"Orsini leaves it uncertain ('aeque mihi obscurum est') whether this bronze belongs to A. Caecina the Roman knight from Volaterrae (Cicero Fam. VI) or to his son, whom Orsini believes was consul suffectus in the XIII consulship of Augustus (anno DCCLI). He does not give '2 BC'; he says 'in XIII Consulatu' and calculates anno DCCLI with M. Plautius Silvanus as colleague.","Modern attribution Crawford 174/1 = A. Caecilius (gens Caecilia); Orsini placed the coin under gens Caecina (he himself flagged the attribution as obscure, 'aeque mihi obscurum est').",validated,https://numismatics.org/crro/id/rrc-174.1,http://numismatics.org/collection/1944.100.254,,
Caesia,1,Crawford 298/1,crawford,AR,,L. Caesius,112-111 BC,"Bust of Apollo seen from behind, head turned left, holding thunderbolt; control marks","Two Lares Praestites seated facing, dog between; bust of Vulcan above; L.CAESI around",,"Orsini identifies the obverse bust as Veiovis, citing Gellius (V.12), and is uncertain whether the Caesii were patrician or plebeian. He identifies L. Caesius from Cicero's letters to Quintus (ad Q. Fratrem) and discusses the Lares Praestites with dog on the reverse via Plutarch on guardian dogs as household protectors.",,validated,https://numismatics.org/crro/id/rrc-298.1,https://numismatics.org/collection/1937.158.17,,
Calidia,1,Crawford 284/1a,crawford,AR,,M. Calidius / Q. Caecilius Metellus / Cn. Fulvius,117-116 BC,Helmeted head of Roma right,"Victory driving galloping biga right; M·CALID above, Q·MET·CN·FL in exergue",right,"Orsini identifies M. Calidius as a patrician senator from Caesar's Bellum Civile (book I) and notes his praetorship in 696 AUC (57 BC). He cites Cicero's Brutus, where M. Calidius is praised as an outstanding orator of elegant and smooth style.",,validated,https://numismatics.org/crro/id/rrc-284.1a,https://numismatics.org/collection/1948.19.25,True,
Calpurnia,1,Crawford 340/1,crawford,AR,,L. Calpurnius Piso Frugi,90 BC,Laureate head of Apollo right; control mark behind,"Horseman galloping right, holding palm; L·PISO·L·F / FRVGI below",,"Orsini identifies L. Calpurnius Piso Frugi as consul in 620 AUC and interprets the horseman on the reverse as desultorius eques (vaulting rider), connecting it to the Ludi Apollinares established during Piso's consulship. He notes the Apollo head on the obverse as referencing the same games.",,validated,https://numismatics.org/crro/id/rrc-340.1,https://numismatics.org/collection/1010.1.92,True,
Calpurnia,2,"Crawford 340/2 — L. Calpurnius Piso Frugi; Laureate head of Apollo right / Victory standing right with wreath; AR quinarius, 90 BC",crawford,AR,,L. Calpurnius Piso Frugi,90 BC,"Head right, laureate or diademed","Winged Victory standing, holding wreath; L.PI / SO in field, FRVGI below",right,"Orsini treats this quinarius as a second type of L. Calpurnius Piso Frugi. He connects the Apollo head to the Ludi Apollinares and reads the Victory/standing figure reverse as part of the same magistracy series, noting the large number of die variants Piso's issues present.",,validated,https://numismatics.org/crro/id/rrc-340.2,https://numismatics.org/collection/1922.109.40,,
Calpurnia,3,Crawford 340/1,crawford,AR,,L. Calpurnius Piso Frugi,90 BC,Laureate head of Apollo right; control mark behind,"Horseman galloping right, holding spear",,Orsini notes this horseman type as one of L. Calpurnius Piso Frugi's die variants. He connects the large number of control marks to the scale of the issue but gives no explanation for the quantity and makes no reference to Social War financing.,,validated,https://numismatics.org/crro/id/rrc-340.1,https://numismatics.org/collection/1010.1.92,True,
Calpurnia,4,Crawford 408/1,crawford,AR,,C. Calpurnius Piso L.f. Frugi,67 BC,"Head right, laureate",Figure on horseback galloping right; F above,,Orsini attributes this denarius to C. Calpurnius Piso L.f. Frugi and notes the many die variants as a continuation of the Piso tradition. He connects the Apollo head and horseman reverse to the Ludi Apollinares of the earlier Pisonum issues.,,validated,https://numismatics.org/crro/id/rrc-408.1,https://numismatics.org/collection/1944.100.2109,,
Calpurnia,5,"Crawford 340/2 — L. Calpurnius Piso Frugi; Laureate head of Apollo right / Victory standing right with wreath; AR quinarius, 90 BC",crawford,AR,,C. Calpurnius Piso L.f. Frugi,67 BC,Laureate head right; PISO before,Victory standing right holding wreath; FRVGI below,right,Orsini discusses C. Calpurnius Piso L.f. Frugi's Apollo/horseman types as a continuation of the Pisonum series. He notes the many die variants but says nothing about a plough on the reverse or an agricultural cognomen tradition for this specific type.,,validated,https://numismatics.org/crro/id/rrc-340.2,https://numismatics.org/collection/1944.100.858,,
Calpurnia,6,Crawford 340/1,crawford,AR,,L. Calpurnius Piso Frugi,90 BC,"Head left, laureate; LPISO below",Horse galloping right; FRUGI below,,"Orsini notes this horseman variant for L. Calpurnius Piso Frugi. He discusses the Terminus head on the obverse as connected to Numa Pompilius's cult and explains the sacrificial instruments (simpulum, patera, culter) on associated types as also referencing Numa.",,validated,https://numismatics.org/crro/id/rrc-340.1,https://numismatics.org/collection/1010.1.92,True,
Calpurnia,7,"RPC I, 4092 — L. Bibulus M.f. (L. Calpurnius Bibulus), fleet prefect under M. Antony; Head of Antony right / Half ship with boar's head right; L·BIBVLVS·M·F·PR·DESIG; AE fleet coinage, Syria",rpc,AE,,L. Calpurnius Bibulus IIIvir,Augustan,"Head of male figure right, bare",Half-galley (prow) right with boar's-head protome; BIBVLVS above,,Orsini discusses L. Calpurnius Bibulus as fleet prefect (praefectus classis) under Antony and connects the galley reverse to Antony's naval build-up. He notes the BIBVLVS legend and treats the ship type as a monument to the fleet prefecture.,,validated,https://rpc.ashmus.ox.ac.uk/coins/1/4092,https://rpc.ashmus.ox.ac.uk/coins/1/4092,True,
Calpurnia,8,"RPC I, 4091 — L. Bibulus M.f. (L. Calpurnius Bibulus), fleet prefect under M. Antony; Jugate heads of Antony and Octavia right / Ship under sail right with Medusa head; L·BIBVLVS·M·F·PR·DESIG; AE fleet coinage, Syria",rpc,AE,,L. Calpurnius Bibulus IIIvir,Augustan,Jugate heads of Antony and Octavia right,Galley (ship) right; L·BIBVLVS above,,Orsini notes the jugate heads and prow reverse for this second Bibulus issue. He discusses L. Calpurnius Bibulus's role in Antony's fleet command and reads the ship reverse as consistent with the fleet prefect's authority over the Antonian naval forces.,,validated,https://rpc.ashmus.ox.ac.uk/coins/1/4091,https://rpc.ashmus.ox.ac.uk/coins/1/4091,True,
Calpurnia,9,Crawford 418/1,crawford,AR,,M. Pupius Piso M.f. Frugi,61 BC,Standing figure left holding wreath and small object; bird (goose or duck) to right,Legend M.PISO.M.F / FRVGI within a wreath,,"Orsini discusses M. Pupius Piso within the Calpurnian section by adoption. For the Piso coins he describes the Terminus figure and sacrificial instruments: 'in primo denario integrum Termini fimulacrum, in altero caput tantum exprefsum eft: in utroque autem, ab una fimulacri, feu capitis parte, fimpulum; ab altera, corona fignata eft' (p. 46). He also mentions the Numa Pompilius family connection and discusses the simpulum, patera, and culter as sacrorum instrumenta referencing Numa. No dove or goose is mentioned by Orsini for any Piso coin.",,validated,https://numismatics.org/crro/id/rrc-418.1,https://numismatics.org/crro/id/rrc-418.1 (ANS 1944.100.2508),,
Calpurnia,10,Crawford 418/2,crawford,AR,,M. Pupius Piso M.f. Frugi,61 BC,Laureate head (Apollo) right; star and control mark in field,Legend within wreath,,Orsini records this second Pupius Piso issue with Roma head and wreath reverse. He treats M. Pupius Piso as connected to the Calpurnii by the shared Frugi cognomen and discusses the Roma/wreath type as a standard late Republican form.,,validated,https://numismatics.org/crro/id/rrc-418.2,https://numismatics.org/crro/id/rrc-418.2 (ANS 1937.158.189),,
Calpurnia,11,Crawford 153/1,crawford,AR,,Cn. Calpurnius,189 BC,"Head of Roma right, helmeted; X behind","The Dioscuri galloping right; CN·CAE above, ROMA in exergue",right,"Orsini identifies Cn. Calpurnius as the earliest Calpurnian moneyer on the plate. He reads CN CA / ROMA and the Dioscuri galloping right as a standard Republican type of the mid-second century, noting the gens's consular connections.",,validated,https://numismatics.org/crro/id/rrc-153.1,https://numismatics.org/collection/1944.100.238,,"American Numismatic Society (ANS 1944.100.238), CC BY-NC 4.0"
Calpurnia,12,Crawford 446/1,crawford,AR,,Cn. Calpurnius Piso / Pompey,49 BC,"Head of bearded figure right, laureate","Galley prow right; MAGN above, PRO.COS below",right,"Orsini reads this MAGN PRO·COS type and says 'CN. PISONEM PROQ. opinor designari eum, qui Cn. Pompeii legatus in bello Piratico fuit.' He attributes the coin to Cn. Piso as Pompey's legate in the Piratic War but says nothing about the lion as a Pompeiian emblem.",,validated,https://numismatics.org/crro/id/rrc-446.1,https://numismatics.org/collection/1937.158.245,True,
Calpurnia,13,"RIC I (2nd ed.) Augustus 394 — Cn. Calpurnius Piso; Head of Augustus bare right / Head of Numa Pompilius bearded diademed right (Piso claimed descent from Numa); AE as, Rome, 16–15 BC",ric,AE,,Cn. Calpurnius Piso IIIvir,Augustan,Head of bearded figure left; legend around border,"Head of figure right, laureate; legend around border",,Orsini discusses Cn. Calpurnius Piso's claim of descent from Numa Pompilius: he reads the Numa head on the reverse (with Cn. Piso's head on the obverse) as the moneyer honouring his legendary ancestor. He connects the Terminus cult and Numa reference to the Pisonum tradition.,,validated,http://numismatics.org/ocre/id/ric.1(2).aug.394,https://www.ancientcoins.ca/RIC/RIC1/RIC1_Augustus_201-400.htm,,
Calpurnia,14,RIC I (2nd ed.) Augustus 432,ric,AE,,Cn. Calpurnius Piso IIIvir,Augustan,Youthful bare/laureate head (Augustus) with legend around border,Large letters SC in center; legend around border,,Orsini notes Cn. Calpurnius Piso as IIIvir monetalis with the large SC reverse. He discusses the A.A.A.F.F. inscription on related types as Aere Argento Auro Flando Feriundo and connects the Augustan moneyer to the Pisonum family.,,validated,https://numismatics.org/ocre/id/ric.1(2).aug.432,https://numismatics.org/ocre/id/ric.1(2).aug.432 (ANS 1953.171.374),,
Calpurnia,15,RIC I (2nd ed.) Augustus 380,ric,AE,,Cn. Calpurnius Piso IIIvir,Augustan,Large letters SC within circular border with legend around,"Wreath enclosing unclear text or monogram, with legend around border",,Orsini records Cn. Calpurnius Piso IIIvir on this Augustan issue with the SC within wreath reverse. He connects the moneyer to the wider Pisonum family discussion and notes the IIIvir title on the coin as establishing magistracy.,,validated,https://numismatics.org/ocre/id/ric.1(2).aug.380,https://www.britishmuseum.org/collection/object/C_R-5076,,
Calpurnia,16,Crawford 330/1,crawford,AR,,L. Calpurnius Piso Caesoninus / Q. Servilius Caepio,100 BC,"Bare head right; PISO above, CAEPIO below",Two seated figures; AD-FAV EMV EX SC around,right,"Orsini discusses the seated figures on the reverse as Cereales Aediles in the context of the grain commission, and names 'Pifo Caepionis collega, familia ortus eft plebeia' (p. 48) to explain why Piso — being of plebeian origin — held this magistracy rather than the patrician aedileship. He does not give the full names 'L. Calpurnius Piso Caesoninus' or 'Q. Servilius Caepio' nor state the date '100 BC' in his commentary on this coin.",Conflates L. Calpurnius Bibulus with Cn. Calpurnius Piso in the Augustan bronze attributions,validated,https://numismatics.org/crro/id/rrc-330.1,https://numismatics.org/collection/1937.158.55,,
Caninia,1,"RIC I (2nd ed.) Augustus 416 — L. Caninius Gallus, 12 BC",ric,AR,,L. Caninius Gallus,12 BC,Bare head right (Augustus); AVGVSTVS around,Kneeling figure holding trophy; L.CANINIVS.GALLVS.III.VIR around,,"Orsini enumerates four Caninian families (Rebili, Reguli, Galli, Labones) and identifies L. Caninius Gallus as IIIvir A.A.A.F.F. He reads the kneeling figure holding trophy on the reverse as commemorating the recovery of Parthian standards under Augustus.",,validated,https://numismatics.org/ocre/id/ric.1(2).aug.416,https://numismatics.org/ocre/id/ric.1(2).aug.416,,
Caninia,2,"RIC I (2nd ed.) Augustus 417 — L. Caninius Gallus, IIIvir monetalis, 12 BC",ric,AR,,L. Caninius Gallus,12 BC,Bare head right (Augustus); AVGVSTVS behind,Altar or cista within wreath; AVGVSTVS / TR.POT; CANINIVS.GALLVS around,,"Orsini reads the reverse of this second Caninius Gallus coin as a tabernaculum (military tent), designating the assault or siege of a town under Augustus: 'tabernaculù, quod est in secundo denario signatu, oppidi alicuius oppugnatione sub eodem Augusto designat.' He does not describe it as a tribunal or altar.",,validated,https://numismatics.org/ocre/id/ric.1(2).aug.417,https://www.britishmuseum.org/collection/object/C_1913-0410-3,,
Carisia,1,Crawford 464/4,crawford,AR,,T. Carisius,46 BC,Draped female bust right (Victory or Diana),Horseman in biga right; T.CARISI below,right,Orsini notes that no ancient writers mention the Carisia gens except Dio on T. Carisius. He reads the draped female bust as Victory or Diana and treats this biga type as the first of T. Carisius's diverse series of 46 BC.,,validated,https://numismatics.org/crro/id/rrc-464.4,https://numismatics.org/collection/1948.19.240,,
Carisia,2,Crawford 464/2,crawford,AR,,T. Carisius,46 BC,Draped female head right; MONETA behind,Round domed temple (rotunda/shrine); T·CARISIVS around,right,"Orsini discusses the MONETA bust as Juno Moneta (guardian of the mint) and reads the anvil, hammer, and tongs on the reverse as the implements of the mint itself. He connects the T.CARISIVS legend to the moneyer's role as monetary official.",,validated,https://numismatics.org/crro/id/rrc-464.2,https://numismatics.org/collection/1941.131.309,,
Carisia,3,Crawford 464/1,crawford,AR,,T. Carisius,46 BC,Draped female head right,Sphinx seated right; T.CARISI below,right,"Orsini connects the sphinx on this T. Carisius denarius to Augustus's personal signet seal, explaining that Carisius struck the sphinx 'in Augusti gratiam.' He cites Suetonius (lib. II cap. V) for the fact that Augustus used a sphinx as his seal before switching to the image of Alexander and then his own portrait. Orsini's reading correctly attributes the sphinx to Augustus, not to Alexander.",,validated,https://numismatics.org/crro/id/rrc-464.1,https://numismatics.org/collection/1941.131.308,,
Carisia,4,Crawford 464/3,crawford,AR,,T. Carisius,46 BC,Helmeted head of Roma right; ROMA behind,"Cornucopia on globe, sceptre and rudder within wreath; T.CARIS",right,Orsini reads the helmeted ROMA bust and the sceptre/trophy within wreath as T. Carisius's martial type. He connects the reverse wreath to Victoria imagery and notes this as the fourth distinct reverse type Carisius produced in 46 BC.,,validated,https://numismatics.org/crro/id/rrc-464.3,https://numismatics.org/collection/1896.7.103,,
Carisia,5,Crawford 350A/1,crawford,AR,,"C. Gargonius, Ogulnius, M. Vergilius",86 BC,"Head of Apollo right, oak-wreathed; thunderbolt below",Jupiter in quadriga right; GAR·OGVL·VER (order varies by subtype),right,,,validated,https://numismatics.org/crro/id/rrc-350A.1,http://numismatics.org/collection/1944.100.967,,
Carisia,6,Crawford 464/8a,crawford,AR,,T. Carisius,46 BC,Draped female bust right (Diana); bow and quiver behind,Running dog right; T.CA behind,right,Orsini discusses the Diana/hound type of T. Carisius as struck for the Ludi Saeculares. He reads the bow and quiver on the obverse and the running hound on the reverse as Diana attributes appropriate to the secular games imagery.,,validated,https://numismatics.org/crro/id/rrc-464.8a,http://numismatics.org/collection/1944.100.3327,,
Carisia,7,"RIC I (2nd ed.) Augustus 4A — P. Carisius legatus pro praetore; Head of Augustus bare right / Trophy on mound of shields; AR denarius, Emerita, 25–23 BC",ric,AR,,P. Carisius,25-23 BC,Head of Augustus bare right; IMP CAESAR AVGVST around,Trophy erected on mound of shields; P CARISIVS LEG PRO PR around,,"Orsini discusses P. Carisius in Lusitania and notes his magistrate titles (legatus, pro praetore) on the provincial coinage. He connects the trophy on mound of shields reverse to the Cantabrian victory and reads the Emerita Augusta mint as evidence of the colonial foundation.",,validated,http://numismatics.org/ocre/id/ric.1(2).aug.4A,https://numismatics.org/collection/1948.19.1028,,
Carisia,8,"RIC I (2nd ed.) Augustus 9A — P. Carisius legatus pro praetore, AR denarius, 25–23 BC, Emerita",ric,AR,,P. Carisius (legatus of Augustus),25-23 BC,Bare head of Augustus right; IMP·CAESAR·AVGVST around,"City wall with arched gateway and two towers; EMERITA above, P·CARISIVS·LEG·PRO·PR around",,Orsini reads P. Carisius's magistrate title (LEG AVG PRO PR) and discusses the city gateway on the reverse as evidence of the colonial foundation of Emerita Augusta. He connects the crossed weapons type to the Cantabrian wars.,,validated,http://numismatics.org/ocre/id/ric.1(2).aug.9A,http://numismatics.org/collection/1944.100.39023,,
Carisia,9,RIC I (2nd ed.) Augustus 3a,ric,AR,,P. Carisius LEG PRO PR,25-23 BC,Bare head of Augustus; IMP CAESAR AVGVST around,Shield with spear behind; legend around border,,Orsini notes P. Carisius as legatus pro praetore of Augustus in Lusitania and reads the arms/trophy reverse as a monument to the Cantabrian conquest. He treats the Emerita mint issues as evidence of Augustus's colonial programme in Spain.,,validated,https://numismatics.org/ocre/id/ric.1(2).aug.3,https://ikmk.smb.museum/object?id=18207654,,
Carisia,10,"RIC I (2nd ed.) Augustus 1A — P. Carisius legatus pro praetore; Bare head of Augustus left / Victory standing right placing wreath on trophy; AR quinarius, Emerita, 25–23 BC",ric,AR,,"P. Carisius, legatus pro praetore",c. 25-23 BC,Bare head of Augustus right; AVGVSTVS.IMP.CAESAR around,Victory standing right placing wreath on trophy; P.CARISIVS.LEG.PRO.PR around,,Orsini discusses this quinarius of P. Carisius with Victory crowning a trophy. He reads it as a monument to the Cantabrian victory and connects the Victory type to the Augustan settlement of the western provinces under Carisius's propraetorian command.,,validated,http://numismatics.org/ocre/id/ric.1(2).aug.1A,https://numismatics.org/collection/1969.222.1275,,
Carisia,11,"RIC I (2nd ed.) Augustus 23 — P. Carisius, legatus pro praetore, Emerita mint, c. 25-23 BC",ric,AE,,P. Carisius,c. 25-23 BC,Bare head right; TRIB.POTEST.CAESAR.AVG around,P.CARISIVS / LEG / AVGVSTI (inscription only),,Orsini notes P. Carisius LEG PRO PR on this bronze and discusses the Emerita mint as the colonial capital of Lusitania. He connects the civic imagery to the foundation of the colony and reads the coin as establishing the moneyer's provincial authority.,,validated,https://numismatics.org/ocre/id/ric.1(2).aug.23,https://numismatics.org/ocre/id/ric.1(2).aug.23,,
Carisia,12,"RIC I (2nd ed.) Augustus 2B — P. Carisius legatus pro praetore; Bare head of Augustus left / Round shield, spear-head and curved sword; AR denarius, Emerita, 25–23 BC",ric,AR,,P. Carisius LEG PRO PR,25-23 BC,Bare head right (Augustus); IMP / CAESAR / AVGVSTVS around,Crossed weapons (pugio and caetra); P.CARISIVS / LEG.PRO.PR around,,"Orsini reads the round shield, spear-head, and curved sword on the reverse as captured Cantabrian arms. He connects the IMP CAESAR AVGVST obverse to the Augustan triumph and treats the weapons type as the most explicitly military of the P. Carisius series.",,validated,http://numismatics.org/ocre/id/ric.1(2).aug.2B,https://ikmk.smb.museum/object?id=18202547,,
Cassia,1,Crawford 428/1,crawford,AR,,Q. Cassius Longinus,55 BC,Veiled female head right (Vesta); VEST behind,Round temple (aedicula of Vesta); AC within,right,"Orsini says this first coin 'potest ad Q. CASSIVM referri,' noting Q. Cassius as Tribunus Plebis (anno DCCIX). He observes that the vessels and lituus on the coin indicate Q. Cassius's auguratus and pontificatus, but adds 'nihil (quod sciam) apud scriptores reperitur' about those offices — he can find nothing in the sources about them.",,validated,https://numismatics.org/crro/id/rrc-428.1,https://numismatics.org/collection/1944.100.2631,True,
Cassia,2,Crawford 428/2,crawford,AR,,Q. Cassius Longinus,55 BC,"Head of Libertas right; LIBERT before, Q·CASSIVS around",Round temple (aedicula of Vesta); A C flanking at base,right,Orsini reads this second Q. Cassius Longinus type as part of the same magistracy series. He notes the Vesta and temple types as chosen to reference the tribunician sacred inviolability that Q. Cassius was accused of violating.,,validated,https://numismatics.org/crro/id/rrc-428.2,https://numismatics.org/collection/1941.131.258,,
Cassia,3,Crawford 413/1,crawford,AR,,Q. Cassius Longinus,55 BC,Veiled female head left (Vesta),Standing togate figure; LONGINVS around,left,"Orsini connects this urn/voting type of Q. Cassius Longinus (Crawford 413) to the ballot laws of the Cassii. He reads the voting urn on the reverse as referencing L. Cassius Longinus's lex tabellaria on judicial voting, connecting the two branches of the family.",,validated,https://numismatics.org/crro/id/rrc-413.1,http://numismatics.org/collection/1995.11.16,,
Cassia,4,Crawford 266/1,crawford,AR,,C. Cassius Longinus,126 BC,Helmeted head of Roma right; X behind,Libertas in quadriga right; C.CASSI / ROMA below,right,"Orsini says this coin 'pertinet, in quo ponè Romae caput urna quaedam adiecta est, in quam tabellae à iudicibus coniicebantur, uel Absolutionis, uel Condemnationis' — a voting urn placed beside the head of Roma, into which judges cast their ballots of absolution or condemnation.",,validated,https://numismatics.org/crro/id/rrc-266.1,https://numismatics.org/collection/1944.100.532,,
Cassia,5,Crawford 428/1,crawford,AR,,Q. Cassius Longinus,55 BC,Veiled head right (Vesta); CASSIVS around,Round temple; IMP.CAES.TRIAN / AVG / AC around,right,"Orsini records this as a variant or duplicate of Q. Cassius Longinus's Vesta/temple type (Crawford 428/1). He treats it alongside coins 1-2 as part of the same Q. Cassius magistracy series, noting the consistent reverse iconography.",,validated,https://numismatics.org/crro/id/rrc-428.1,https://numismatics.org/collection/1944.100.2631,True,
Cassia,6,Crawford 505/3,crawford,AR,,C. Cassius Longinus (imp.) / M. Servilius (leg.),43–42 BC,Laureate head of Libertas right; C·CASSEI·IMP,Crab holding aplustre in claws; rose and untied diadem on left; M·SERVILIVS LEG,right,"Orsini identifies C. Cassius Longinus as the tyrannicide on this joint issue with M. Servilius as legate. He connects C. Cassius to the fleet command against Dolabella and the joint command before Philippi, drawing on Appian's Bella Civilia.",,validated,https://numismatics.org/crro/id/rrc-505.3,https://ikmk.smb.museum/object?id=18207101,,
Cassia,7,Crawford 505/1,crawford,AV,,C. Cassius Longinus,43-42 BC,"Head of Libertas right, wreathed; C·CASSI·IMP around",Aplustre (curved naval stern-ornament); M·SERVILIVS LEG around,right,"Orsini says five coins on this plate were struck by C. Cassius ('quinà C. CASSIO Caesaris percussore signati fint, dubitari nõ potest') and discusses C. Cassius's deeds after Caesar's assassination at length, citing Livy, Velleius, Dio, Appian, Plutarch, and Suetonius. He does not single out this coin as gold, nor does he remark on exceptional metal or connect the gold coinage specifically to the gravity of the Philippi command.",,validated,https://numismatics.org/crro/id/rrc-505.1,http://numismatics.org/collection/1967.153.32,True,
Cassia,8,"Crawford 507/2 — P. Servilius Casca Longus under Brutus, 42 BC",crawford,AR,,P. Servilius Casca Longus (as military moneyer for Brutus),42 BC,"Head of bearded figure right, laureate; CASCA LONGVS around; trident symbol","Victory advancing right, holding wreath and palm branch; BRVTVS IMP around",right,Orsini reads this issue of P. Servilius Casca Longus under Brutus as part of the libertarian/tyrannicide series. He connects P. Casca to the assassination of Caesar (citing Appian) and reads the coin as a monument to the Liberatores' cause.,,validated,https://numismatics.org/crro/id/rrc-507.2,http://numismatics.org/collection/1905.57.30,,
Cassia,9,Crawford 500/3,crawford,AR,,C. Cassius Longinus / Lentulus Spinther,43-42 BC,"Head of Libertas right, wearing diadem",Capis (jug) and lituus; LENTVLVS / SPINT in field,right,"Orsini discusses the joint issue of C. Cassius Longinus with Lentulus Spinther (Crawford 500). He connects both men to the command against Dolabella and the preparations for Philippi, drawing on Appian's Bella Civilia for the civil war context.",,validated,https://numismatics.org/crro/id/rrc-500.3,https://numismatics.org/collection/1937.158.331,,
Cassia,10,Crawford 500/5,crawford,AR,,C. Cassius Longinus / Lentulus Spinther,43-42 BC,Head of Libertas right; C·CASSI·IMP and LEIBERTAS around,Capis (jug) and lituus; LENTVLVS / SPINT in field,right,"Orsini records this as a second type in the Cassius/Lentulus Spinther joint series (Crawford 500). He connects both men to Cassius's fleet command against Dolabella and the preparations before Philippi, drawing on Appian's Bella Civilia. He does not use the framing 'senatorial resistance to the triumvirs'; the Republican cause is characterised through Cassius's personal military role and the tyrannicide tradition.",,validated,https://numismatics.org/crro/id/rrc-500.5,https://numismatics.org/collection/1944.100.4541,True,
Cassia,11,"Crawford 355/1f — C. Cassius and L. Salinius, AE as, 84 BC",crawford,AE,,C. Cassius and L. Salinius,84 BC,Janiform (two-faced) bearded head,Prow of galley right; C·CASSI / L·SALIN above,,Orsini includes this bronze as (Crawford 355/1f) for C. Cassius with L. Salinius within the Cassia section. He reads it as an early Republican bronze issue and connects it to the plebeian Cassian tradition.,,validated,https://numismatics.org/crro/id/rrc-355.1f,https://gallica.bnf.fr/ark:/12148/btv1b10438534c,,
Cassia,12,Crawford 428/3,crawford,AR,,Q. Cassius Longinus,55 BC,"Head right, bare or lightly helmeted (helmet unclear in engraving)","Eagle with spread wings on thunderbolt; to left, lituus; to right, capis (jug); Q·CASSIVS around.",right,Orsini reads this third Q. Cassius Longinus type (Crawford 428/3). He notes the eagle-on-thunderbolt or forum scene on the reverse as part of Q. Cassius's tribunician programme and connects the types to the lex Cassia tabellaria tradition.,,validated,https://numismatics.org/crro/id/rrc-428.3,https://numismatics.org/collection/1937.158.215,,
Cassia,13,Crawford 386/1,crawford,AR,,L. Cassius Longinus,78 BC,"Head of Liber right, ivy-wreathed; thyrsus over shoulder; no legend","Head of Libera left, vine-wreathed; L·CASSI·Q·F",right,"Denarius of L. Cassius Q.f. Longinus (Crawford 386/1). Obverse: ivy-wreathed head of Liber (Bacchus) right with thyrsus over the shoulder. Reverse: vine-wreathed head of Libera left, L·CASSI·Q·F. A Bacchic Liber/Libera pairing, not a Libertas/voting-urn ballot type.",,validated,https://numismatics.org/crro/id/rrc-386.1,https://numismatics.org/collection/1941.131.194,,
Cassia,14,Crawford 321/1,crawford,AR,,L. Cassius Longinus,uncertain,"Head of Ceres right, wreathed with grain; CAECIN(A) around.",Yoke of oxen left driven by ploughman; L·CASSI in exergue,left,"Orsini says this coin 'potest ad legem Cassiam frumentariam pertinere, latam in ipso consulatu à C. Cassio Varo Cos. cum M. Terentio Varrone Lucullo anno DCLXXX' — a grain law (lex Cassia frumentaria), citing Asconius in Verrina. He connects it to Cereris imago (Ceres's image) as appropriate to grain-law commemoration.",,validated,https://numismatics.org/crro/id/rrc-321.1,http://numismatics.org/collection/1937.158.45,,
Cassia,15,RIC I (2nd ed.) Augustus 374,ric,AE,,"C. Cassius Celer, IIIvir monetalis",16 BC,OB CIVIS SERVATOS — oak wreath between two laurel branches,SC in centre; C·CASSIVS·C·F·CELER·IIIVIR·A·A·A·F·F around,,"Orsini records C. Cassius Celer as IIIvir monetalis under Augustus and notes the Augustan portrait on the obverse. He treats this bronze as the Augustan bookend to his Cassian treatment, contrasting it with the Republican ballot-law types.",,validated,http://numismatics.org/ocre/id/ric.1(2).aug.374,https://numismatics.org/collection/1953.171.978,,
Cassia,16,RIC I (2nd ed.) Augustus 375,ric,AE,,"C. Cassius Celer, IIIvir monetalis",16 BC,AVGVSTVS TRIBVNIC POTEST in three lines within oak wreath,SC in centre; C·CASSIVS·C·F·CELER·IIIVIR·A·A·A·F·F around,,"Orsini records this second C. Cassius Celer bronze, noting the IIIvir monetalis title. He discusses the S.C and Augustan reverse as standard Augustan bronze formula and connects the moneyer to the Augustan collegiate system of the mint.",,validated,http://numismatics.org/ocre/id/ric.1(2).aug.375,https://numismatics.org/collection/1977.999.27,,
Cassia,17,Crawford 500/1,crawford,AR,,C. Cassius Longinus (imp.) / Cornelius Lentulus Spinther (quaest.),43–42 BC,Tripod with cauldron and two laurel branches; C·CASSI IMP,Capis and lituus; LENTVLVS / SPINT,,"Orsini identifies the tyrannicide C. Cassius Longinus on this first issue in the Cassius/Lentulus Spinther series (Crawford 500/1). He connects the issue to Cassius's fleet command and discusses the Republican cause, citing Appian and Cicero's Philippics.",,validated,https://numismatics.org/crro/id/rrc-500.1,https://numismatics.org/collection/2012.34.24,,
Cestia,1,Crawford 491/1a,crawford,AV,,L. Cestius / C. Norbanus,43 BC,"Bust of Africa, right, draped and wearing elephant's skin","Curule chair, of which front legs are decorated with sculpted eagles and on which lies Corinthian helmet. L·CESTIVS C·NORBA PR S·C",right,"Orsini identifies L. Cestius from Cicero (pro L. Flacco and Philippicae III) and Appian (Bella Civilia IV). He reads the inscription C. Cestius L.F. POB. EPVLO PR. TR. PL. and discusses the curule chair on the reverse as indicating praetorship, citing Varro on the sella curulis. He connects the elephant-skin headdress to Africa and Metellus Scipio.",,validated,https://numismatics.org/crro/id/rrc-491.1a,https://numismatics.org/collection/1944.100.4493,True,
Cestia,2,,,,,,,Handwritten annotation (not a coin engraving): text notes on Norbanus/Cestius coins,No engraving — manuscript annotation only,,"Later annotator's note (French) copying Mionnet (p. 28, ‘Raretés en or’) for the Cestia gold aureus — Cybele in a chariot drawn by two lions (Crawford 491/2): «Cybèle dans un char traîné par deux lions», AV, «200 fr» — Mionnet's 1847 valuation for that aureus.",,annotation,,,,
Cestia,3,,,,,,,Handwritten annotation (not a coin engraving): bibliographic/numismatic notes,No engraving — manuscript annotation only,,"Later annotator's note (French) citing «Mionnet, Tome 1er, p. 28» for the gens Cestia — the Nero-era provincial bronzes (moyen and petit bronze) struck at Antioche, «de 2 à 24 fr», transcribed almost verbatim.",,annotation,,,,
Cipia,1,Crawford 289/1,crawford,AR,,M. Cipius M.f.,115-114 BC,"Head of Roma right, helmeted; X behind","Victory in galloping biga right, holding reins; ROMA in exergue",right,"Orsini notes that no ancient writers mention the gens Cipia and argues it is the same family as Cispia without the S. He cites Cicero's oratione post reditum in senatu and oratione pro P. Sextio, and notes that the manuscript reading Mospius was corrected to M. Cispius by Manutio (""emendatur a Manutio M. Cifpius""), not by Orsini himself.",,validated,https://numismatics.org/crro/id/rrc-289.1,https://numismatics.org/collection/1944.100.582,,
Cipia,2,,,,,,,Handwritten note: 'N° 7 c. une / autre variété',No engraving — blank circles,,Later annotator's note (French): «il y a une autre variété»; the right circle was left blank.,,annotation,,,,
Claudia,1,Crawford 439/1,crawford,AR,,P. Cornelius Lentulus Marcellinus,50 BC,Bare male head right (Marcellinus); MARCELLINVS around,Figure standing within temple or shrine structure with columns; legend around,right,"Orsini attributes this coin to Cn. Lentulus Marcellinus (""sine dubio a Cn. Lentvlo Marcellino cusus est""), not P. Cornelius Lentulus Marcellinus. He discusses the Marcellorum family tradition and reads the reverse type as a monument to M. Claudius Marcellus's Sicilian triumphs, noting the ""tria crura"" (Sicilian symbol) as expressing Marcellus's connection to Sicily.",,validated,https://numismatics.org/crro/id/rrc-439.1,https://numismatics.org/collection/1937.158.235,True,
Claudia,2,Crawford 441/1,crawford,AR,,P. Cornelius Lentulus Marcellinus,50 BC,Bearded head of Saturn right; harpa behind; NERI·Q·VRB around,Legionary eagle (aquila) between two standards; L·LENT·C·MARC / COS,right,"Denarius of Cn. Nerius, quaestor urbanus, 49 BC (legionary eagle between two standards, naming the consuls L. Cornelius Lentulus and C. Claudius Marcellus). Orsini files it in the Claudian section via the Marcellus name.",,validated,https://numismatics.org/crro/id/rrc-441.1,http://numismatics.org/collection/1944.100.3258,True,
Claudia,3,Crawford 445/2,crawford,AR,,L. Cornelius Lentulus Crus and C. Claudius Marcellus (cos.),49 BC,Head right; L·LENT·C·MARC·COS around,"Standing figure facing, holding objects in both hands; rectangular object (altar or cippus) to right; star in field",right,Orsini notes the joint issue of L. Cornelius Lentulus Crus and C. Claudius Marcellus (consuls of 49 BC). He discusses the two men's opposition to Caesar and reads the coin as a monument to the last Republican consuls before the civil war.,,validated,https://numismatics.org/crro/id/rrc-445.2,https://numismatics.org/collection/1937.158.244,True,
Claudia,4,Crawford 245/1,crawford,AR,,C. Claudius Pulcher,110-109 BC,Helmeted head of Roma right; modius (control) behind; ✱ below chin; X (value),Victory in biga right; two corn-ears below; M·MARC; ROMA in exergue,right,"This denarius is in fact M. Marcius Mn.f. (Crawford 245/1): helmeted Roma with modius behind / Victory in biga, two corn-ears below, M·MARC, ROMA — the corn-ears alluding to a grain distribution by the moneyer's family. It is a gens MARCIA coin that Orsini filed under Claudia in error. (Re-identified from the former Pulcher 300/1.)","Orsini files this denarius of M. Marcius Mn.f. (Crawford 245/1, gens Marcia; legend M·MARC) under Claudia — a gens misattribution.",validated,https://numismatics.org/crro/id/rrc-245.1,https://numismatics.org/collection/0000.999.26827,,
Claudia,5,Crawford 299/1a,crawford,AR,,"Ap. Claudius Pulcher, T. Manlius Mancinus, Q. Urbinius",111 BC,Helmeted head of Roma right with feathered crest,Victory in triga right; AP·CL·T·MAL·Q·VR in exergue,right,"Orsini places this Victory-in-triga denarius under Claudia on the strength of the legend AP·CL — Ap. Claudius Pulcher, lead moneyer of the joint issue AP·CL·T·MAL·Q·VR (Crawford 299/1a, 111 BC, with T. Manlius Mancinus and Q. Urbinius). The attribution is correct.",,validated,https://numismatics.org/crro/id/rrc-299.1a,https://numismatics.org/collection/1944.100.621,,"American Numismatic Society (ANS 1944.100.621), CC BY-NC 4.0"
Claudia,6,Crawford 383/1,crawford,AR,,Ti. Claudius Ti.f. Ap.n. Nero,79 BC,Bust of Diana right; S.C behind,"Victory in biga right, galloping; LXXIIII above; TI.CLAVD.TI.F / A.N below",right,Orsini discusses Ti. Claudius Ti.f. Ap.n. Nero's denarius (Crawford 383/1) as a monument of the Neronian branch of the Claudii. He reads the reverse type and connects the moneyer to the later Julio-Claudian house through the Tiberian lineage.,,validated,https://numismatics.org/crro/id/rrc-383.1,https://numismatics.org/collection/1944.100.1931,,
Claudia,7,Crawford 494/21,crawford,AR,,P. Clodius M.f.,42 BC,Laureate head right (Apollo?),Crescent and five stars; P.CLODIVS / M.F below,right,"Orsini explicitly states he CANNOT determine what the Sol, Luna, and Mars imagery on P. Clodius M.F.'s coins means (""nec Solis mihi, nec Lunae, Martisq. simulacra in eius denariis expressa, quo pertineant, in tanta huius uiri ignoratione diuinare licet""). He does not identify an Apollo head as expressing Apolline devotion.",,validated,https://numismatics.org/crro/id/rrc-494.21,https://numismatics.org/collection/1937.158.308,,
Claudia,8,Crawford 494/23,crawford,AR,,P. Clodius M.f.,42 BC,Laureate head right (Apollo?),"Single standing figure (Diana Lucifera) facing, holding long torch in each hand; M.F left, P.CLODIVS around",right,"Orsini explains Diana's image on this P. Clodius M.F. coin by citing Callimachus's hymn to Diana and Sophocles (Trachiniae) on her bearing twin torches (""geminas faces manibus gestantem""). He does NOT frame this as part of a ""triumviral programme of 42 BC.""",,validated,https://numismatics.org/crro/id/rrc-494.23,https://numismatics.org/collection/1941.131.323,,
Claudia,9,Crawford 494/19,crawford,AR,,P. Clodius M.f.,42 BC,CAESAR III·VIR·R·P·C: Bare head of Octavian right. Border of dots.,"P·CLODIVS M·F: Pietas standing left, holding branch in right hand over a lit altar (stork at feet) and long sceptre in left. Border of dots.",right,"Orsini notes P. Clodius M.F. appears on coins ""primo, secundo, tertio, & sexto"" of the second plate but is otherwise unattested in ancient writers (""a nullo ueterum scriptorum, quos ego legerim, nominatur""). He does not use the language of a ""triumviral monetary college.""",,validated,https://numismatics.org/crro/id/rrc-494.19,https://gallica.bnf.fr/ark:/12148/btv1b10431051j,,
Claudia,10,Crawford 512/2,crawford,AR,,C. Clodius Vestalis,41 BC,Head of Flora right; flower symbol behind; C·CLODIVS C·F around,"Claudia Pulchra seated left, holding culullus; VESTALIS legend",right,"Orsini discusses C. Clodius Vestalis within the Claudian plebeian section. He reads Crawford 512/2 and connects the moneyer to the Vestal connection implied by the cognomen, discussing the priestly family associations of the Clodii.",,validated,https://numismatics.org/crro/id/rrc-512.2,https://numismatics.org/collection/1944.100.4561,,
Claudia,11,Crawford 300/1,crawford,AR,,C. Claudius Pulcher,110-109 BC,Helmeted head of Roma right; quiver behind,Victory in biga right; C.PVLCHER below,right,"Orsini records this as a second specimen of C. Claudius Pulcher's Roma/biga type (Crawford 300/1), treating it alongside coin 4. He discusses the gens's patrician Pulchri tradition and notes the moneyer's place in the consular genealogy of the Claudii.",,validated,https://numismatics.org/crro/id/rrc-300.1,https://numismatics.org/collection/1896.7.42,,
Claudia,12,RIC I (2nd ed.) Augustus 423,ric,AE,,T. Statilius Taurus IIIvir,Augustan,Clasped right hands holding caduceus; PVLCHER TAVRVS REGVLVS around,Large S·C; IIIVIR·A·A·A·F·F around,,"Augustan bronze of the moneyers Pulcher, Taurus and Regulus (IIIvir A.A.A.F.F): clasped hands holding a caduceus (concord) / large S C. Orsini files the moneyer in the Claudian section by name association.",,validated,https://numismatics.org/ocre/id/ric.1(2).aug.423,https://numismatics.org/collection/search?q=1976.34.1,,
Clovia,1,Crawford 476/1,crawford,AE,,"C. Clovius, praefectus",22-30 AD,Laureate head of Caesar right; CAESAR DICT·TER around,Standing Victory left; C·LOVIVS PRAEF around,right,"Orsini identifies C. Cluvius as praefectus urbis under Caesar, citing Dio lib. XLIII (no chapter specified). He notes the gens's origins in Puteoli from Cicero's epistle to Thermum and in oratione pro Q. Roscio calls a Cluvius equitem Romanum ornatissimum.",,validated,https://numismatics.org/crro/id/rrc-476.1,https://numismatics.org/collection/1918.999.77,,
Clovlia,1,Crawford 260/1,crawford,AR,,T. Cloelius,128 BC,Helmeted head of Roma right,Victory in biga right; T.CLOVL / ROMA below,right,"Orsini equates the Clovlia gens with the patrician Cloelia and cites Livy on the lex Canuleia and Dionysius lib. III on the family's Alban origin. He discusses T. Cloelius's connection to a Siculi cognomen and connects the spica symbol on the coin to possible Sicilian or frumentarian associations (""spica eius insulae peculiari symbolo T. Cloelium; qui denarium cudit, indicare uoluisse, credi potest""). He does NOT reference Dio or C. Cluvius as consul in 723 AUC — those belong to the Clovia section.",,validated,https://numismatics.org/crro/id/rrc-260.1,https://numismatics.org/collection/1944.100.510,,
Clovlia,2,Crawford 332/1a,crawford,AR,,T. Cloelius (Cluvius),98 BC,Laureate head right; F behind,Standing figure (Victory) crowning trophy; T.CLOVLI around,right,"Orsini discusses only a single moneyer, T. Cloelius, in the Clovlia section and does not distinguish multiple coin types. He focusses on the question of which Cloelius struck the coin (the Tribunus militum consulari potestate of anno CCCIX who led the Ardea colony, or another Cloelius), and on the spica symbol as a possible indicator of Sicilian or frumentarian associations ('spica eius insulae peculiari symbolo T. Cloelium; qui denarium cudit, indicare uoluisse, credi potest'). He provides no description that would allow identification of a second distinct type. The Crawford number for this coin cannot be confirmed from Orsini's text.",,validated,https://numismatics.org/crro/id/rrc-332.1a,https://numismatics.org/collection/1896.7.53,,
Cocceia,1,"Crawford 517/5a — M. Cocceius Nerva (proquaestor pro praetore under Mark Antony), AR denarius, 41 BC",crawford,AR,,M. Cocceius Nerva,41 BC,Bare head right (Mark Antony); M.ANT.IMP.III.VIR.R.P.C.M.NERVA.PROQ.P around,Bare head right (Antony); ANTONIVS.COS around,right,"Orsini identifies the coin's portrait as M. Cocceius Nerva, consul with L. Gellius Poplicola in 717 AUC (37 BC by his reckoning), and cites Appian (Bella Civilia V) on his mediation between Antony and Octavian at Brundisium, and Horace (Satires I.5). Separately, Orsini speculates the coin was actually struck by L. Cocceius (M. Nerva's brother) as Antony's legatus pro praetore (""Antonii Legatus Pro Praetore... denarium cufit""). He does not conflate the Republican figure with the Emperor Nerva.",,validated,https://numismatics.org/crro/id/rrc-517.5a,https://numismatics.org/crro/id/rrc-517.5a,,
Coelia,1,Crawford 437/2,crawford,AR,,C. Coelius Caldus,51 BC,Bare head right; C·COEL·CALDVS / COS around,Trophies flanking a central standard; CALDVS·IIIVIR legend,right,"Orsini reads this denarius (Crawford 437/2) as struck by the grandson as IIIvir monetalis to honour his ancestor C. Coelius Caldus (consul 94 BC). He identifies the two bare heads as the consul and a family member and discusses the L.D. inscription as libero/damno (absolvo/condemno), relating it to the lex Cassia tabellaria.",,validated,https://numismatics.org/crro/id/rrc-437.2,http://numismatics.org/collection/1937.158.233,,
Coelia,2,Crawford 437/1,crawford,AR,,C. Coelius Caldus (cos.) / Caldus IIIvir,104 BC,Portrait head of C. Coelius Caldus (cos.) right; C·COEL·CALDVS COS around; L·D behind,Radiate head of Sol (Caldus IIIvir) right; CALDVS·IIIVIR around,right,Orsini discusses C. Coelius Caldus (cos.) and the Caldus IIIvir as the two generations commemorated. He connects the joint naming to the Republican practice of honouring consular ancestors on moneyers' coins and reads the reverse in connection with the family's voting-law associations.,,validated,https://numismatics.org/crro/id/rrc-437.1,https://numismatics.org/collection/1937.158.231,,
Coelia,3,Crawford 318/1,crawford,AR,,C. Coelius Caldus,104 BC,Helmeted head of Roma left; VII star behind,Victory in biga right; H above; C.COIL / CALD below,left,Orsini discusses the early C. Coil. Cald. type (Crawford 318) as struck by the IIIvir in memory of his father and grandfather. He does NOT connect this early type to the Epulonum imagery — that interpretation (Jupiter on a couch) applies specifically to the fifth coin (IMP.A.X type) in relation to L. Coelius Caldus's Septemuirum Epulonum membership.,,validated,https://numismatics.org/crro/id/rrc-318.1,https://numismatics.org/collection/1944.100.674,,
Coelia,4,Crawford 318/1b,crawford,AR,,C. Coelius Caldus,104 BC,Helmeted head of Roma right; control mark at right,Victory in biga right; CALD above; M in exergue,right,Orsini records this variant of Crawford 318 within the Caldus series. He treats it as a second example of the same type and discusses the Epulonum connection via L. Coelius Caldus's membership of the sacred college of seven.,,validated,https://numismatics.org/crro/id/rrc-318.1b,http://numismatics.org/collection/1950.103.14,,
Coelia,5,Crawford 154/1,crawford,AR,,L. Coelius,189–180 BC,Helmeted head of Roma right; X (denominational mark) behind; border of dots.,Dioscuri galloping right; L·COIL ROMA legend; line border.,right,Orsini identifies L. Coelius as the earliest Coelian moneyer on the plate. He treats Crawford 154/1 as the founding monument of the Coelii in his numismatic record and connects the early issue to the gens's plebeian status and Roman citizenship.,,validated,https://numismatics.org/crro/id/rrc-154.1,https://numismatics.org/collection/1950.103.2,,
Considia,1,Crawford 465/1a,crawford,AR,,C. Considius Paetus,46 BC,Laureate head of Apollo right; A behind,"Curule chair (sella curulis); C·CONSIDI above, PAETI below",right,"Orsini classifies the Considii as plebeian, citing Liuius lib. II and Dionyfius lib. IX. He does NOT definitively identify C. Considius Paetus as quaestor — he says the coins suggest he was ""Praetorem uel Aedilem"" (praetor or aedile), and identifies the curule chair with quaestors for capital cases without assigning that role to Paetus himself.",,validated,https://numismatics.org/crro/id/rrc-465.1a,http://numismatics.org/collection/1944.100.3328,,
Considia,2,Crawford 465/5,crawford,AR,,C. Considius Paetus,46 BC,Helmeted head of Roma right,"Victory in galloping quadriga right, holding the reins; C·CONSIDI in exergue",right,"Orsini identifies this Venus Erycina type as struck by C. Considius Nonianus and documents the temple from Liuius lib. XXX and XL, Ovid Fasti III, and Strabo lib. VI. He connects Nonianus to Gallia citerior (from Cicero ep. XI ad Tironem: ""citeriorem Confidio Noniano""), NOT to an African command. The Africa passage in Orsini refers to C. Considius the proconsul (the Ligarius oration), not to Nonianus.",,validated,https://numismatics.org/crro/id/rrc-465.5,https://numismatics.org/crro/id/rrc-465.5 (ANS 1906.236.681),,
Considia,3,Crawford 465/4,crawford,AR,,C. Considius Paetus,46 BC,Laureate head left; PAETI behind,"Victory in fast quadriga left, holding palm-branch and reins; C·CONSIDI in exergue",left,"Orsini reads this as a third type of C. Considius Paetus. He carefully distinguishes Paetus's multiple curule-chair types from the Nonianus Venus Erycina issue, treating the five denarii systematically as evidence of two separate moneyers within the same magistracy year.",,validated,https://numismatics.org/crro/id/rrc-465.4,https://numismatics.org/collection/1992.4.2,,
Considia,4,Crawford 465/7a,crawford,AR,,C. Considius Paetus,46 BC,Laureate head right; PAETI around,Victory walking right holding wreath; C·CONSIDI around,right,Orsini records this as a fourth Considius Paetus type. He notes the consistent curule chair reverse across the Paetus series and reads the quaestorial chair as establishing the moneyer's magistracy. He connects the multiple types to the large issue of 46 BC.,,validated,https://numismatics.org/crro/id/rrc-465.7a,https://www.britishmuseum.org/collection/object/C_1901-0407-242,,
Considia,5,Crawford 424/1,crawford,AR,,C. Considius Nonianus,57 BC,"Laureate male head right; C·CONSIDI·NONIANI around, S·C below",Gateway of city (Emerita or temple portico); ERVCI above; fortified walls below,right,"Orsini discusses C. Considius Nonianus's temple of Venus Erycina reverse (Crawford 424). He identifies the famous Sicilian sanctuary as the subject and connects Nonianus to a legate command in Africa under Proconsul Considius, reading the Venus type as a monument to the family's Sicilian connections.",,validated,https://numismatics.org/crro/id/rrc-424.1,https://numismatics.org/collection/1937.158.198,,
Coponia,1,Crawford 444/1,crawford,AR,,Q. Sicinius / C. Coponius,49 BC,Draped female head right (Concordia or Apollo?); IIIIVIR / Q.SICINIVS around; star before,"Club (of Hercules) set upright and draped with a lion's skin; PR·S·C at left, Q·COPONIVS at right",,"Orsini identifies T. Coponius as the first of the gens to become a Roman citizen (""primus ex ea gente ciuis Romanus factus est""), NOT as the first to hold a Roman magistracy. He identifies C. Coponius as praetor commanding the Rhodian fleet (citing Caesar, Cicero, Velleius, Appian) and reads PR.S.C as Praetor Senatus Consulto. The club and lion skin reverse are identified as Herculean from Tibur's temple of Hercules.",,validated,https://numismatics.org/crro/id/rrc-444.1,https://numismatics.org/collection/1896.7.96,,
Cordia,1,Crawford 463/1a,crawford,AR,,Mn. Cordius Rufus,46 BC,"Conjoined (jugate) heads of the Dioscuri right, a star above each; RVFVS and III·VIR around","Venus standing left, holding scales (balance) and a long sceptre, a cornucopia at her side; MN·CORDIVS at right",right,"Orsini notes that the gens is known only from Cicero (book IV in Verrem) on L. Cordius. He reads this Venus Verticordia with Cupid obverse as struck in Caesaris gratiam, connecting the imagery to Caesar's claim of Julian descent from Venus.",,validated,https://numismatics.org/crro/id/rrc-463.1a,https://numismatics.org/collection/1941.131.305,,
Cordia,2,Crawford 463/3,crawford,AR,,Mn. Cordius Rufus,46 BC,"Head of Venus right, wearing diadem",Cupid (Amor) riding on a dolphin right; M·CORDIVS below,right,"Orsini admits difficulty explaining the Cupid on dolphin reverse type and notes the maritime connection of Venus (born from the sea). He reads the Amor on dolphin motif as relating to Venus's origins, candidly acknowledging that some types remain unexplained by historical sources.",,validated,https://numismatics.org/crro/id/rrc-463.3,https://numismatics.org/collection/1941.131.307,,
Cordia,3,Crawford 463/2,crawford,AR,,Mn. Cordius Rufus,46 BC,Helmet (Corinthian) with crest; owl perched on top; RVFVS behind,Rosette or shield with radiating pattern; MN.CORDIVS around; RVFVS visible,,Orsini identifies the Corinthian helmet and owl as Minerva's aegis and noctua (owl). He reads the third Cordian type as a monument to Minerva's wisdom and candidly acknowledges that the historical connection between the Cordia gens and this imagery is not explained by the surviving sources.,,validated,https://numismatics.org/crro/id/rrc-463.2,https://numismatics.org/collection/1948.19.236,,
Cornelia,1,Crawford 296/1,crawford,AR,,Cn. Cornelius Blasio Cn.f.,112-111 BC,"Head of Mars right, wearing Corinthian helmet; CN.BLASIO.CN.F around","Three standing figures (Jupiter, Juno, Minerva?); ROMA below",right,"Orsini identifies Cn. Cornelius Blasio as consul in anno CDXCVI AUC (with C. Atilio Regulo) and notes this coin commemorates Blasio's victory over the Samnites/Umbrians, whose triumph is expressed on the reverse.",,validated,https://numismatics.org/crro/id/rrc-296.1,https://numismatics.org/collection/1948.19.37,,
Cornelia,2,Crawford 393/1a,crawford,AR,,Cn. Cornelius Lentulus Clodianus,88 BC,Draped bust right with sceptre over shoulder; G·P·R text at top,"Sceptre with wreath, globe, and rudder; CN·LEN·Q text in exergue",right,"Orsini discusses Cn. Cornelius Lentulus Clodianus within his treatment of the Lentuli. He reads the reverse type and connects the moneyer to the Clodiana branch, noting the magistracy of 88 BC in the Social War period.",,validated,https://numismatics.org/crro/id/rrc-393.1a,https://numismatics.org/collection/1947.2.117,,
Cornelia,3,Crawford 393/1b,crawford,AR,,Cn. Cornelius Lentulus Marcellinus,76-75 BC,"Bearded head of Jupiter right, laureate",Globe between a sceptre surmounted by a wreath (left) and a rudder (right); EX-S·C across field; LEN·CVR·X·FL in exergue,right,Orsini identifies Cn. Cornelius Lentulus Marcellinus and discusses the Marcellinus branch within the Lentulorum family. He reads this Crawford 393/1b type and connects the moneyer to the extended Lentulorum prosopography in Cicero and Livy.,,validated,https://numismatics.org/crro/id/rrc-393.1b,https://numismatics.org/collection/0000.999.2291,,
Cornelia,4,Crawford 345/1,crawford,AR,,Cn. Cornelius Lentulus Marcellinus,76-75 BC,Draped bust right with sceptre over shoulder,Horse and chariot (biga) moving right; CN·LENTV text below,,"Orsini discusses Cn. Cornelius Lentulus Marcellinus's Crawford 345/1 issue. He reads the reverse type and connects the moneyer to the Spanish campaigns of 76-75 BC, citing Livy and Sallust for the military context.",,validated,https://numismatics.org/crro/id/rrc-345.1,https://numismatics.org/crro/id/rrc-345.1 (ANS 1944.100.935),,
Cornelia,5,Crawford 345/2,crawford,AR,,Cn. Cornelius Lentulus Marcellinus,76-75 BC,Laureate head of Jupiter right,"Genius of the Roman People standing facing/left, holding sceptre, crowned by Victory standing behind him; globe and rudder at his feet; CN·LENT in exergue",right,Orsini notes this second Lentulus Marcellinus type (Crawford 345/2). He treats coins 4 and 5 as a pair and discusses the moneyer's role in the broader Cornelian plate's account of the Lentuli.,,validated,https://numismatics.org/crro/id/rrc-345.2,https://numismatics.org/collection/1944.100.937,,
Cornelia,6,Crawford 311/1,crawford,AR,,L. Cornelius Scipio Asiagenes,106 BC,Laureate head of Jupiter left; M behind,Jupiter in quadriga right; L·SCIP·ASIAG in exergue,left,"Orsini discusses L. Cornelius Scipio Asiagenes and his role in the Asiatic campaigns. He reads Crawford 311/1 and connects the moneyer to the Scipio branch, distinguishing him from Africanus and discussing the Scipionic tradition of eastern conquest.",,validated,https://numismatics.org/crro/id/rrc-311.1,https://numismatics.org/collection/1944.100.653,,
Cornelia,7,Crawford 359/2,crawford,AR,,L. Manlius Torquatus / L. Cornelius Sulla,82 BC,Laureate or diademed head facing right; L·SVLLA visible on left side,Sacrificial implements: capis (jug) and lituus flanked by additional vessels/standards; IMPER ITERVM around,right,"Orsini identifies this coin as belonging to P. Sulla, son of Sulla Felix's brother (not a Torquatus/Sulla joint issue): 'PRIMVS huius tabellae denarius pertinet (ut opinor, ad P.SVLLAM, Sullae Felicis Dictatoris fratris filium, qui cum L. Autronio Paeto Consul designatus anno DCLXXX a L. Torquato ambitus accusatus damnatusque, defensus est a Cicerone.' He notes the coin shows P.SVLLA and ROMA.",,validated,https://numismatics.org/crro/id/rrc-359.2,https://numismatics.org/collection/1937.158.97,,
Cornelia,8,Crawford 426/3,crawford,AR,,L. Manlius Torquatus (pro quaestore) and L. Sulla (imperator),82 BC,"Draped, diademed female head right (Venus type)",Three trophies side by side (engraved as armed figures); capis (jug) to left; VES below,right,"Orsini reads this coin as designating Sulla Dictator's triumph de rege Mithridate: 'Secundus denarius sine dubio Sullae Dictatoris triumphum designat de rege Mithridate, cuius meminerunt cum alii multi, tum Cicero in oratione pro lege Manilia.' He notes Sulla was called Imperator, as attested by the denarius legend and by Plutarch.",,validated,https://numismatics.org/crro/id/rrc-426.3,https://numismatics.org/collection/1937.158.205,True,
Cornelia,9,Crawford 426/4a,crawford,AR,,L. Manlius Torquatus (pro quaestore) and L. Sulla (imperator),82 BC,Head facing right with crest; S·C visible around edge,Circular arrangement of round objects (wreaths around central globe),right,"Orsini connects the third coin to the Sullae cognomen derived from the Sibylla: 'Tertius denarius spectat, ut opinor, ad Sullae cognomen, quod eius familia a Sibylla traxisse dicitur, cuius libris interpretandis unus maiorum xuir sacris faciundis praefuerit: ab eo enim munere Sibylla primum, postea Sulla dictus est: itaq. in altera denarii parte Sibylla ipsa impressa est.'",,validated,https://numismatics.org/crro/id/rrc-426.4a,https://numismatics.org/collection/1937.158.206,,
Cornelia,10,Crawford 426/3,crawford,AR,,Lentulus,76-75 BC,Draped bust right (Venus) with sceptre behind; D·S visible on left,Three trophies standing upright with arms/armour; VES visible below,right,Coin 10 (concordance): Orsini discusses the third Cornelia plate (p. 74) as devoted entirely to Sulla and Faustus types. No coin in this plate is attributed by Orsini to Q. Curtius or M. Sergius Silus. Crawford 426/4a (Q.CVRT / M.SILA) is a type belonging to the Curtia gens; its appearance in the Cornelia concordance at position 11 is unsupported by Orsini's text. Coin 11 (Crawford 426/4a attributed to Q. Curtius / M. Sergius Silus) should be removed from or flagged in the Cornelia concordance — this coin type does not belong here per Orsini.,,validated,https://numismatics.org/crro/id/rrc-426.3,https://numismatics.org/collection/1937.158.205,True,
Cornelia,11,Crawford 426/4a,crawford,AR,,Q. Curtius and M. Sergius Silus,116–115 BC,Crowned or wreathed head facing right; S·C visible; V·R·S visible,Four circular wreaths arranged symmetrically around central globe in cross pattern,right,Orsini notes this issue of Q. Curtius and M. Sergius Silus (Crawford 426/4a) within the Cornelia section. He connects the two moneyers to the joint magistracy and reads the coin type within his extended treatment of the Cornelian plate.,,validated,https://numismatics.org/crro/id/rrc-426.4a,https://numismatics.org/collection/1944.100.2617,,
Cornelia,12,Babelon Cornelia 31 (not in Crawford),specialist,AR,,L. Cornelius Sulla (imperator),83 BC,"Helmeted head of Roma right; behind, standing Victory crowning her","Two standing figures clasping hands over a base/platform, the right figure holding a spear; ROM above; SVLLA·IMP in exergue below",right,Orsini discusses L. Cornelius Sulla imperator on this Babelon Cornelia 31 issue. He reads the Sullan legends and connects the coin to Plutarch's account of Sulla's return from the east and his assumption of the dictatorship.,,validated,https://numismatics.org/crro/id/rrc-367.3,,,"after Babelon, Description historique (1885–86), public domain"
Cornelia,13,Crawford 434/1,crawford,AR,,Q. Pompeius Rufus,54 BC,Bare head right (Sulla?); SVLLA.CO behind,Bare head right (Rufus?); Q.POM.RV / RVFVS.COS behind,right,"Orsini discusses Faustus Cornelius Sulla's denarius noting that Faustus's own image appears with the lituus of the Auguratus. The coin was struck by Faustus himself; Q. Pompeius Rufus was Sulla's co-consul (not the moneyer of this coin). Orsini reads the Auguratus insignia and connects the name Faustus to Sulla's celebrated fortune: 'nisi quod in eo, Fausti Sullae filii imago expressa est cum lituo Auguratus insigni.'",,validated,https://numismatics.org/crro/id/rrc-434.1,https://numismatics.org/collection/1893.005.1,True,
Cornelia,14,Crawford 434/2,crawford,AR,,Q. Pompeius Rufus,54 BC,Curule chair with crossed legs; grain ears flanking; legend around,Curule chair with crossed legs; legend around,,Orsini discusses this second Faustus Cornelius Sulla type (Crawford 434/2). He notes the Faustus name as commemorating Sulla's celebrated fortuna and reads the Sullan imagery within his extended discussion of Sulla's divine favour and the Sibylline prophecy.,,validated,https://numismatics.org/crro/id/rrc-434.2,https://numismatics.org/collection/1896.7.94,True,
Cornelia,15,Crawford 426/2,crawford,AR,,Faustus Cornelius Sulla,56 BC,Tousled-hair head facing right (Hercules type); FELIX legend clearly visible,Figure on horseback or in biga facing right; FAVSTVS legend clearly visible below,right,Orsini discusses Faustus Cornelius Sulla's own issue (Crawford 426/2). He connects the reverse type to the Sullan triumphal tradition and reads the coin as a monument to Sulla's three eastern victories noted in his extended Cornelian commentary.,,validated,https://numismatics.org/crro/id/rrc-426.2,https://numismatics.org/collection/1937.158.204,,
Cornelia,16,Crawford 426/1,crawford,AR,,Faustus Cornelius Sulla,56 BC,"Draped, diademed female head (Diana) with hair gathered behind; FAVSTVS behind",Sulla seated on raised platform; kneeling figure presenting olive branch (Bocchus) at left and bound kneeling captive (Jugurtha) at right; FELIX behind/above,right,"Orsini reads this first Faustus Sulla type (Crawford 426/1) as the primary monument of Faustus in the Cornelian series. He discusses Sulla's four triumphs and the globe with crowns iconography, connecting it to the Sibylline prophecy on Sulla's fortune.",,validated,https://numismatics.org/crro/id/rrc-426.1,https://gallica.bnf.fr/ark:/12148/btv1b10432465m,,
Cornelia,17,"Crawford 345/3 — Cn. Cornelius Lentulus, 88 BC (bronze as)",crawford,AE,,Cn. Cornelius Lentulus,76-75 BC,"Head of Janus bifrons, bearded",Prow right; CN.LENTV above,,Orsini discusses this bronze as (Crawford 345/3) within the Lentulorum section. He identifies Cn. Cornelius Lentulus as issuer and reads the Roman as type as a standard bronze issue of the Lentulorum branch of 76-75 BC.,,validated,https://numismatics.org/crro/id/rrc-345.3,https://numismatics.org/crro/id/rrc-345.3,,
Cornelia,18,Crawford 439/1,crawford,AR,,P. Cornelius Lentulus Marcellinus,50 BC,Bare head right; MARCELLINVS around,Tetrastyle temple; MARCELLVS inside; MARCELLVS below,right,Orsini reads this P. Cornelius Lentulus Marcellinus issue (Crawford 439/1) as a later Republican type. He places it within the Marcellinus branch and discusses the moneyer's connection to the broader Lentulorum genealogy.,,validated,https://numismatics.org/crro/id/rrc-439.1,https://numismatics.org/collection/1937.158.235,True,
Cornelia,19,"Crawford 329/1a — Cn. Cornelius Lentulus Clodianus, 88 BC",crawford,AR,,Cn. Cornelius Lentulus Clodianus,88 BC,Bearded head right; ROMA below,Standing nude male figure (Genius?) and Victory within wreath; LEN.MAR below; G control mark,,"Orsini discusses Cn. Cornelius Lentulus Clodianus's issue (Crawford 329/1a) of 88 BC. He reads the reverse type and connects the Social War period magistracy to the Clodiana branch, drawing on Cicero's Verrine orations for the family's prominence.",,validated,https://numismatics.org/crro/id/rrc-329.1a,https://numismatics.org/crro/id/rrc-329.1a,,
Cornelia,20,Crawford 445/3a,crawford,AR,,P. Cornelius Lentulus Marcellinus,50 BC,Bearded male head right (Jupiter); no clear legend on obverse,Standing frontal figure (Artemis of Ephesus); L·LENTVLVS C·MARC·COS text,right,Orsini notes P. Cornelius Lentulus Marcellinus's Crawford 445/3a issue. He connects the moneyer to the 50 BC magistracy and discusses the Lentulorum Marcellini as the most prominent branch of the Lentuli in the late Republican period.,,validated,https://numismatics.org/crro/id/rrc-445.3a,https://gallica.bnf.fr/ark:/12148/btv1b104325042,,
Cornelia,21,"Crawford 310/1 — Cn. Cornelius Sisenna, 118-115 BC",crawford,AR,,Cn. Cornelius Sisenna,118-115 BC,"Helmeted head of Roma right; SISENA before, ROMA behind","Jupiter in quadriga galloping right, hurling thunderbolt and holding sceptre/reins; C.N.CORNEL below",right,"Orsini discusses Cn. Cornelius Sisenna within his Cornelian treatment. He reads Crawford 310/1 and connects the Sisennae branch to the annalistic tradition, noting L. Cornelius Sisenna the historian as the most distinguished member of this branch.",,validated,https://numismatics.org/crro/id/rrc-310.1,https://numismatics.org/crro/id/rrc-310.1,,
Cornelia,22,Crawford 445/1a,crawford,AR,,Faustus Cornelius Sulla,56 BC,Schematic head or figure; worn woodcut,Triskeles (three legs) with figure/head in center,,"Orsini reads this Faustus Cornelius Sulla type (Crawford 445/1a) as part of the Sullan series. He discusses the reverse imagery and connects it to Sulla's fortuna tradition, treating it within the broader Sullan commemoration on the plate.",,validated,https://numismatics.org/crro/id/rrc-445.1a,https://numismatics.org/collection/1941.131.291,,
Cornelia,23,"Crawford 178/3 — L. Cornelius Cinna, 169-158 BC (bronze triens)",crawford,AE,,L. Cornelius Cinna,169-158 BC,Helmeted head of Minerva right,"Ship's hull (carina) right; CINA above, ROMA below",right,Orsini discusses L. Cornelius Cinna's bronze triens (Crawford 178/3). He reads the early issue as evidence of the Cornelian gens's antiquity in the Roman monetary tradition and notes Cinna within his overview of the patrician Cornelii.,,validated,https://numismatics.org/crro/id/rrc-178.3,https://www.britishmuseum.org/collection/object/C_1978-0642-2,,
Cornelia,24,Crawford 500/5,crawford,AR,,C. Cassius Longinus / P. Cornelius Lentulus Spinther,43-42 BC,Veiled head of Libertas; C·CASSI·IMP / LEIBERTAS around,Capis (jug) and lituus; LENTVLVS / SPINT below,right,"Orsini attributes the first four coins of this plate to P. Cornelius Lentulus Spinther, to whom Cicero addressed his first book of letters, or to Spinther's son who was both Augur and himself Spinther. He notes the coins bear Libertas imagery and the names of Cassius and Brutus, though Lentulus was not actually one of Caesar's killers (Appian, Bellum civile II). The cognomen Spinther derived from an actor to whom Lentulus bore resemblance (Valerius Max. and Pliny). No mention of Cornelia or adoption into the Manlii Torquati.",,validated,https://numismatics.org/crro/id/rrc-500.5,https://numismatics.org/collection/1944.100.4541,True,
Cornelia,25,Crawford 500/5,crawford,AR,,C. Cassius Longinus / P. Cornelius Lentulus Spinther,43-42 BC,Head right; CASSI.IMP / LEIBERTAS around,Capis (jug) and lituus; LENTVLVS / SPINT below,right,Orsini records this as a second example of the Cassius/Lentulus Spinther joint issue (Crawford 500/5). He treats it alongside coin 24 as a duplicate specimen of the same type and connects both to Cassius's command against Dolabella before Philippi.,,validated,https://numismatics.org/crro/id/rrc-500.5,https://gallica.bnf.fr/ark:/12148/btv1b104307222,,
Cornelia,26,Crawford 500/7,crawford,AR,,M. Iunius Brutus / P. Cornelius Lentulus Spinther,43-42 BC,"Sacrificial/pontifical implements: a sacrificial axe (securis), a jug (capis/simpulum) and a knife; BRVTVS in exergue below",Capis (jug) and lituus; LENTVLVS / SPINT below,,"Orsini discusses this Brutus/Lentulus Spinther joint issue (Crawford 500/7). He connects P. Cornelius Lentulus Spinther to both Cassius and Brutus in the Republican command structure before Philippi, drawing on Appian for the joint Liberatores' operations.",,validated,https://numismatics.org/crro/id/rrc-500.7,https://gallica.bnf.fr/ark:/12148/btv1b104356857,,
Cornelia,27,Crawford 397/1,crawford,AR,,P. Cornelius Lentulus,74 BC,Bare bearded head right; Q.C.S behind,"Male figure (Genius/Hercules) seated on a curule chair holding a long scepter and a branch/cornucopia, crowned by a small flying Victory at upper right; P.LENT.P.F before, L.N behind",right,"Orsini attributes coins 5 and 6 of the Spinther plate to L. Cornelius P.F. Flamen Martialis, 'qui ultimo anno libertatis reip. & urbis conditae DCCIII, consul fuit cum C.Marcello.' He derives this identification from the denarius inscription itself. These coins are not connected to the Sertorian war or 74 BC.",,validated,https://numismatics.org/crro/id/rrc-397.1,http://numismatics.org/collection/2002.46.408,,
Cornelia,28,Crawford 441/1,crawford,AR,,Cn. Cornelius Lentulus,76-75 BC,Male head right with flowing hair; text at top and left edge,"Legionary eagle (aquila) between two military standards (signa); LENT to left, C.MARC to right, COS below; control letters H and R",right,"Orsini attributes this coin also to L. Cornelius P.F. Flamen Martialis, consul anno DCCIII with C. Marcellus, and notes that the Consulship itself is indicated by the denarius inscription ('qui quidem Consulatus ipsa denariorum inscriptione indicatur'). No connection to a Sertorian war context.",,validated,https://numismatics.org/crro/id/rrc-441.1,http://numismatics.org/collection/1944.100.3258,True,
Cornelia,29,Crawford 445/2,crawford,AR,,Cn. Cornelius Lentulus Marcellinus,76-75 BC,Laureate head right; V·LENT·C·MARC·COS legend around,Standing nude male figure (Jupiter?) facing front-right,right,Orsini notes Cn. Cornelius Lentulus Marcellinus's Crawford 445/2 issue of 76-75 BC. He treats this as a third Marcellinus type and discusses the moneyer's connection to the extended Lentulorum genealogy within his six-page Cornelia treatment.,,validated,https://numismatics.org/crro/id/rrc-445.2,https://numismatics.org/collection/1937.158.244,True,
Cornelia,30,RIC I 414,ric,AR,,Cossus Cornelius Lentulus,12 BC,"Head of Augustus right, wearing oak wreath; AVGVSTVS COS XI around","Head of Agrippa right, wearing mural and rostral crown; M·AGRIPPA·COS·TER·COSSVS·LENTVLVS around",,"Orsini identifies Cossus Cornelius Cn.f. Lentulus (described in both first coins of this plate) as consul cum L. Calpurnio Pisone anno DCCII, and legatus Augusti anno DCCLIX, who received triumphal honours from the Isaurians in Cilicia. The equestrian statue on the coin's reverse pertains to Augustus, under whose auspices Cossus gained his victory. Orsini does not describe this coin as an Augustan imperial issue with Augustus's portrait as obverse.",,validated,https://numismatics.org/ocre/id/ric.1(2).aug.414,https://numismatics.org/collection/1948.79.11,True,
Cornelia,31,"RIC I (2nd ed.) Augustus 412 — Cossus Cornelius Lentulus, 12 BC",ric,AR,,Cossus Cornelius Lentulus,12 BC,Bare head right; AVGVSTVS DIVI F around,Horseman galloping right on pedestal; COSSVS.CN.F.LENTVLVS around,,Orsini discusses the second coin of Cossus Cornelius Lentulus (second coin of this plate) and notes the naval crown of M. Agrippa depicted ('De corona autem nauali M. Agrippae dicetur in familia Vipsania'). He does not describe this as a separate Augustan imperial issue; both coins belong to Cossus Cornelius Lentulus as treated on this page.,,validated,https://numismatics.org/ocre/id/ric.1(2).aug.412,https://numismatics.org/ocre/id/ric.1(2).aug.412,,
Cornelia,32,Crawford 518/1,crawford,AR,,Brutus,43-42 BC,"Head of Octavian right, possibly bearded; C·CAESAR·III·VIR·R·P·C legend visible",Club pointing left; BALBVS·PRO·PR legend visible,right,"Orsini identifies L. Cornelius Balbus as suffect consul cum P. Canidio Crasso anno DCCXIII, a Gaditanus mentioned in the life of Atticus by Cornelius Nepos, and given Roman citizenship by Cn. Pompeius (Strabo III). Balbus came from Gades where there was a temple of Hercules, whence Orsini explains the club (Hercules's deity symbol) on the coin reverse. Orsini does not describe this coin as struck 'pro praetore' or as showing Octavian's portrait on the obverse.",,validated,https://numismatics.org/crro/id/rrc-518.1,https://numismatics.org/collection/1937.158.349,,
Cornelia,33,Crawford 345/3,crawford,AE,,Cn. Cornelius Lentulus,76-75 BC,Janus bifrons (two profile heads back-to-back); C·N·LENT visible,Ship's prow (rostrum) facing right; C·N·LENT·CVR·FL or similar text,,"Orsini attributes this sixth bronze coin to P. Cornelius Blasio, praetor anno DLIX (not to Cn. Cornelius Lentulus): 'Sextus aereus nummus ad P. Cornelium Blasionem pertinet, ut opinor, qui Praetor fuit anno DLIX, P. Scipione Africano II & Ti. Sempronio Longo cos.' He notes that in Livy manuscripts P. is correctly the praenomen, while the printed editions wrongly read Caius.",,validated,https://numismatics.org/crro/id/rrc-345.3,https://numismatics.org/collection/1944.100.940,,
Cornuficia,1,Crawford 509/5,crawford,AR,,Q. Cornuficius,42 BC,"Head of Tanit left (read by Orsini as Jupiter Ammon, for Africa). Border of dots.","Q·CORNVFICI·AVGVR·IMP: Q. Cornuficius standing left, veiled, holding lituus; on right, Juno Sospita (in goatskin, crow on shoulder, holding spear and shield) crowning him. Border of dots.",left,"Orsini identifies Q. Cornuficius as augur and Cicero's competitor in Consulatu and colleague in Auguratu. He reads the Jupiter Ammon head as representing Africa (the province where Cornuficius served as Imperator). The Augurem-crowning imagery is noted on this denarius and connected tentatively, not conclusively, to the Lanuvian cult of Juno Sospita. Orsini says the Juno Sospita explanation will be discussed under the Procilia gens.",,validated,https://numismatics.org/crro/id/rrc-509.5,https://ikmk.smb.museum/object?lang=en&id=18251161,,
Cornuficia,2,Crawford 509/2,crawford,AR,,Q. Cornuficius,42 BC,Bare bearded head left (Jupiter or Mars?),"Two standing figures: Q. Cornuficius (left, veiled, holding lituus) being crowned by Juno Sospita/Victory (right); Q.CORNVFICI around, AVGVR IMP to right, VICI in exergue",left,Orsini reads the Ceres on the reverse as representing Africa's fertility (ob provinciae fertilitatem). He connects this second Cornuficium type to Q. Cornuficius's African command and notes the gens's biographical connection to Cicero's consular competition. The plate legend reads VFICI (= Cornufici).,,validated,https://numismatics.org/crro/id/rrc-509.2,https://gallica.bnf.fr/ark:/12148/btv1b10432523f,,
Cosconia,1,Crawford 282/2,crawford,AR,,L. Cosconius M.f. / L. Licinius Crassus / Cn. Domitius Ahenobarbus,118 BC,Helmeted head of Mars right; X behind,"Naked Gallic warrior driving a galloping biga right, holding shield, spear and carnyx; L.LIC.CN.DOM (with control mark) in exergue",right,"Orsini is uncertain whether the Cosconii were patrician or plebeian ('incertum est, patricia ne, an plebeia fuerit'). He identifies L. Cosconius M.F. from the coin legend and cites Livius (book XXX) for M. Cosconius as tribune of soldiers, making L. Cosconius his son. He references Cicero pro Sulla for C. Cosconius as praetor. He does not mention Narbo or a serrated fabric; these are modern numismatic attributions not found in Orsini's text.",,validated,https://numismatics.org/crro/id/rrc-282.2,https://numismatics.org/collection/1944.100.563,,
Cossutia,1,Crawford 480/16,crawford,AR,,L. Aemilius Buca,44 BC,Wreathed head of Caesar left; DIC·PERPETVO ... CAESAR,"Venus standing left, holding Victory and sceptre; C·MARIDIANV (C. Cossutius Maridianus)",left,"Orsini places this coin in the gens Cossutia because its moneyer is C. Cossutius Maridianus (reverse C·MARIDIANV), one of Caesar's quattuorviri monetales of 44 BC (Crawford 480/16): wreathed head of Caesar, DIC·PERPETVO / Venus standing with Victory and sceptre. He connects the Cossutii to Caesar's first wife Cossutia (Suetonius, Caesar 1). (Re-identified from the former Buca 480/5.)",,validated,https://numismatics.org/crro/id/rrc-480.16,https://numismatics.org/collection/1965.100.4,,
Cossutia,2,Crawford 480/19,crawford,AR,,C. Cossutius Maridianus,44 BC,Veiled head right (Vesta?); IOVRTAE / CAESARI behind,COSSVTIANVS / MARIDII inscription; III.VIR / A.A.A.F.F around,right,"Orsini identifies C. Cossutius Maridianus as moneyer after Caesar gained power and reads the A.A.F.F. inscription as Aere Argento Flando Feriundo, explaining the IIIvir monetalis role. He connects the Cossutii to the equestrian class and to Caesar's family connections.",,validated,https://numismatics.org/crro/id/rrc-480.19,https://gallica.bnf.fr/ark:/12148/btv1b10432594s,,
Cossutia,3,Crawford 395/1,crawford,AR,,L. Cossutius C.f. Sabula,74 BC,"Head left (female, diademed); SABVLA behind","Bellerophon riding the winged horse Pegasus right, brandishing spear; L.COSSVTI.C.F below",left,"Orsini interprets the Medusa and Bellerophon on Pegasus for L. Cossutius Sabula as referencing the Corinth colony, comparing them to types of the Petronia gens. He reads the turreted crown on the Cybele bust as a distinctive obverse type of the Cossutian series.",,validated,https://numismatics.org/crro/id/rrc-395.1,https://numismatics.org/collection/1944.100.2043,,
Creperia,1,Crawford 399/1,crawford,AR,,Q. Crepereius M.f. Rocus,72 BC,"Bust of Amphitrite seen from behind, head turned right, draped; control-mark behind. Serrate edge; border of dots.","Neptune in biga of sea-horses (hippocamps) right, holding reins in left hand and brandishing trident with right hand; control-mark above; in exergue, Q·CREPEREI / ROCVS. Border of dots.",right,"Orsini cites Cicero (book I in Verrem) for M. Crepereius from an equestrian family, identifying him as the likely father of Q. Crepereius M.F. He does not name a Neptune figure; he infers from unspecified coin imagery that some Crepereius performed a maritime enterprise ('re mari prospere … gessisse').",,validated,https://numismatics.org/crro/id/rrc-399.1,https://numismatics.org/collection/1944.100.2049,,
Creperia,2,Crawford 399/1,crawford,AR,,Q. Crepereius M.f. Rocus,72 BC,"Bust of Amphitrite seen from behind, head turned right, draped; control-mark behind. Serrate edge; border of dots.","Neptune in biga of sea-horses (hippocamps) right, holding reins in left hand and brandishing trident with right hand; control-mark above; in exergue, Q·CREPEREI / ROCVS. Border of dots.",right,Orsini notes Crepereius Gallus under Nero citing Tacitus book XIII (not book XIV as recorded in the concordance).,,validated,https://numismatics.org/crro/id/rrc-399.1,https://numismatics.org/collection/1976.999.21,,
Crepusia,1,Crawford 361/1a,crawford,AR,,P. Crepusius / C. Mamilius Limetanus / L. Marcius Censorinus,82 BC,Laureate head right (Apollo); CENSORIN / III behind,Horseman galloping right; C.LIMET / P.CREPVS below,right,"Orsini notes no ancient writers mention the gens Crepusia. He reads P. Crepusius as IIIvir monetae cudendae with C. Mamilius Limetanus and L. Marcius Censorinus, anno DCCXIV (not DCXIV). An equestrian statue was granted to some Crepusius, which Crepusius commemorated on the coin.",,validated,https://numismatics.org/crro/id/rrc-361.1a,https://numismatics.org/collection/1986.161.67,,
Crepusia,2,Crawford 351/1,crawford,AR,,P. Crepusius / C. Mamilius Limetanus / L. Marcius Censorinus,82 BC,Laureate head right; AED·PL text on left side,Two seated figures on chairs/stools facing each other; M·FAN·C·R·T text in exergue; PA above,right,"Orsini notes the control mark on this coin is CRT (not CRV as in the concordance). If CRT stands for Crepusius, it proves the gens was plebeian since L. Crepusius served as Aedilis plebis.",,validated,https://numismatics.org/crro/id/rrc-351.1,https://numismatics.org/collection/1944.100.982,True,
Crepusia,3,Crawford 361/1c,crawford,AR,,P. Crepusius,82 BC,Laureate head of Apollo right; sceptre over shoulder; control-symbol behind,Horseman galloping right; P.CREPVS below,right,Orsini records P. Crepusius's sole issue (Crawford 361/1c) alongside the joint types. He reads the horseman reverse as a monument to the equestrian honour and connects the single-moneyer issue to the joint college magistracy of 82 BC.,,validated,https://numismatics.org/crro/id/rrc-361.1c,https://numismatics.org/collection/2002.46.267,,
Cupiennia,1,Crawford 218/1,crawford,AR,,L. Cupiennius,147 BC,Helmeted head of Roma right; X behind; cornucopia,"The Dioscuri (two horsemen) galloping right, each with couched spear; ROMA in exergue",right,"Orsini notes that L. Cupiennius on this denarius is not mentioned by any ancient writer ('à nullo veterum scriptorum, quod sciam, nominatur'). He identifies C. Cupiennius (to whom Cicero addressed a letter) as the ancestor, and his son possibly as C. Cupiennius Libo Cumanus, described as a pursuer of married women and friend of Augustus — per Pomponius Porphyrio's commentary on Horace Satires I.2 (not directly from Horace). Orsini does not cite Horace as a prose source; the information comes from Porphyrio.",,validated,https://numismatics.org/crro/id/rrc-218.1,https://numismatics.org/collection/1937.158.140,,
Curiatia,1,Crawford 240/1,crawford,AR,,C. Curiatius f. Trigeminus,135 BC,Helmeted head of Roma right; ROMA behind; X,"Juno (deity) in quadriga right, crowned by flying Victory; C.CVR / ROMA below",right,"Orsini classifies the Curiatii as a plebeian gens from Alba adscribed to Rome by King Tullus (Dionysius lib. III). He identifies the Trigeminorum family and C. Curiatius as the moneyer (Livy I, Livy epitome LV, Valerius Maximus III.7). He does NOT mention a trident symbol or connect it to the cognomen Trigeminus; he does NOT name the reverse biga as 'Juno Caprotina.' Those details are unattested in Orsini's text.",,validated,https://numismatics.org/crro/id/rrc-240.1,https://numismatics.org/collection/1944.100.420,,
Curiatia,2,Crawford 63/5,crawford,AE,,C. Curiatius f. Trigeminus,135 BC,"Head of Hercules right; three pellets behind (mark of value, quadrans)",Prow right; C·CVR·F above; ROMA below; three pellets,right,"Orsini reads the C.CVR.F legend on this bronze quadrans and identifies a later C. Curiatius as flamen Divi Augusti, primipilus, and praefectus castrorum from epigraphic evidence. He treats this as the bronze companion to the Trigeminus denarius.",,validated,https://numismatics.org/crro/id/rrc-63.5,http://numismatics.org/collection/1969.83.258,,
Curtia,1,Crawford 285/2,crawford,AR,,Q. Curtius / M. Silanus / Cn. Domitius Ahenobarbus,116-115 BC,Helmeted head of Roma right; Q.CVRTI behind,"Jupiter (or Roma) driving a galloping quadriga right, Victory flying above; M·SILA below, ROMA in exergue",,"Orsini notes that Q. Curtius struck jointly with M. Iunius Silanus and Cn. Domitius as IIIviri monetales ('cum M. Iunio Silano & C N. Domitio III uir nummos aereum & argenteum cufit'), but explicitly states he could find nothing about Q. Curtius in ancient writers ('nihil potui apud scriptores reperire'). He does not identify or interpret coin 1 specifically beyond the legend attribution.",,validated,https://numismatics.org/crro/id/rrc-285.2,https://numismatics.org/collection/1899.999.9,True,
Curtia,2,Crawford 285/5,crawford,AE,,"Cn. Domitius Ahenobarbus, Q. Curtius, M. Silanus (tresviri monetales)",116–115 BC,Head of Hercules right; CN·DOMI legend; three pellets behind,"Bow, club and arrow; M·SILA Q·CVRTI legend",right,"Orsini's text makes no coin-specific statement about coin 2 beyond the same general statement that Q. Curtius struck bronze and silver with Silanus and Domitius. The description of a 'bow, club and arrow' reverse is not attested in Orsini's text on p. 84.",,validated,https://numismatics.org/crro/id/rrc-285.5,https://www.britishmuseum.org/collection/object/C_R-7767,,
Didia,1,Crawford 294/1,crawford,AR,,T. Didius,113-112 BC,Helmeted head of Roma right; shield behind,Two gladiators fighting; T.DEIDI in exergue,right,"Orsini identifies this as T. Didius, citing Sallust via Aulus Gellius (lib. II, cap. XXVII) for the IMP title and the triumphus. The extended passage interprets the vitis (vine rod) impressed on the soldier figure on the coin as a reference to military discipline — centurions beating soldiers out of order — citing Livy (epitoma lib. LVII), Pliny (lib. XIII), Tacitus (lib. I), and Plutarch in Galba. This is Orsini's interpretation of the combat/beating scene, not of gladiatorial venationes or military victories.",,validated,https://numismatics.org/crro/id/rrc-294.1,https://numismatics.org/collection/1896.7.38,,
Didia,2,Crawford 429/2a,crawford,AR,,P. Fonteius P.f. Capito,55 BC,Veiled head right (Concordia); PONTIF·CAPITO·III·VIR·CONCORDIA legend around,Two-storey arcaded/columned building (the Villa Publica); T·DIDI and VIL·PVB at sides; IMP in exergue,right,"Orsini discusses the Villa Publica ('De Villa Publica, quae à Didio fortasse restituta, uel ornata, in altera parte secundi denarii signata est'), citing Cicero (ad Att. li. III), Livy (Macedones deducti extra urbem in Villam Publicam), and Varro (de re rustica li. I, cap. II). The second coin shows the Villa Publica and Orsini attributes it to T. Didius's restoration or ornamentation of the building. He also notes (p. 86 bottom) that Livy (li. CXXVII) mentions a Didius Saxa as legate of M. Antonius in Syria, 'à quo fortasse in T. Didii memoriam argenteus denarius cusus fuit.' Orsini does NOT describe the obverse legend of coin 2 as PONTIF·CAPITO·III·VIR·CONCORDIA; that legend belongs to a Fonteian coin (C. Fonteius Capito, Crawford 429/1) which is visible in the same plate but receives no Didian text. The PONTIF·CAPITO·CONCORDIA coin is a Fonteian interloper in the Didia plate; Orsini's coin 2 discussion concerns only the Villa Publica reverse.",,validated,https://numismatics.org/crro/id/rrc-429.2a,https://numismatics.org/collection/1944.100.3236,True,
Domitia,1,Crawford 261/1,crawford,AR,,Cn. Domitius Ahenobarbus,128 BC,Helmeted head of Roma right; star behind; ROMA before,Victory in biga right; CN.DOM below; ROMA in exergue,right,"Orsini identifies this as Cn. Domitius Ahenobarbus, curule aedile, citing Pliny on the venationes (beast hunts with lions and elephants) he staged. The man fighting a lion in the exergue directly references these spectacles, which Orsini connects to the family's later prominence through Suetonius's account of Nero's ancestry.",,validated,https://numismatics.org/crro/id/rrc-261.1,https://numismatics.org/collection/1937.158.612,,"American Numismatic Society (ANS 1937.158.612), CC BY-NC 4.0"
Domitia,2,Crawford 261/1,crawford,AR,,Cn. Domitius Ahenobarbus,128 BC,Helmeted head of Roma right; ROMA behind,Victory (or Roma) driving a galloping biga; CN·DOMI in exergue,right,"Orsini presents this as a second specimen of the Cn. Domitius Ahenobarbus battle-scene denarius, showing a horseman spearing a fallen warrior. He treats it as confirming the family's association with public spectacles (venationes), citing Suetonius on the legendary origin of the Ahenobarbus name.",,validated,https://numismatics.org/crro/id/rrc-261.1,https://numismatics.org/collection/1937.158.613,,
Domitia,3,Crawford 282/4,crawford,AR,,Cn. Domitius Ahenobarbus / L. Licinius Crassus,118 BC,Helmeted head of Roma right; ear of corn behind; CN.CO behind,"Warrior (Bituitus) in biga galloping right, hurling spear; L·LIC·CN·DOM below",right,"Orsini attributes coin 3 to Cn. Domitius Ahenobarbus who was Censor with L. Licinius Crassus (anno DCLXI) and had been Consul with C. Cassius Longinus (anno DLVII), citing the consulship inscription from Interamna ('cuius Confulatus memoria extat Interamnae in uetere infcriptione'). He does not connect this coin to the foundation of Narbo Martius or to 118 BC; nor does he discuss a lion reverse for coin 3.",,validated,https://numismatics.org/crro/id/rrc-282.4,https://numismatics.org/collection/2002.46.86,True,
Domitia,4,Crawford 519/2,crawford,AR,,Cn. Domitius Ahenobarbus,41 BC,Laureate head right (Ahenobarbus); AHENOBAR behind,Trophy set on the prow/deck of a galley; CN.DOMITIVS IMP around,right,"Orsini discusses the trophy on the reverse as commemorating military victories of Cn. Domitius Ahenobarbus and notes his IMP title. He connects the laureate portrait to the imperatorial propaganda of the late Republican period, citing the family's association with Antony's faction.",,validated,https://numismatics.org/crro/id/rrc-519.2,https://numismatics.org/collection/1944.100.4801,True,
Domitia,5,Crawford 521/2,crawford,AR,,Cn. Domitius Ahenobarbus,41 BC,Bare head right; ANT·IMP·III·VIR·R·P·C around,"Prow right, star above; AHENOBARB·IMP·CN above, DOMIT below",right,"Orsini attributes coins 4 and 5 together to Cn. Domitius Ahenobarbus, proavus of Nero (Suetonius, Nerone cap. III). He explicitly assigns the prow and trophy to coin 4 ('quia uero classi praefuit, nauis prora, & trophaeum in altera quarti denarii parte impressum est'). For coin 5 (quintus), Orsini says it was signed with Antony's effigy because its owner sided with Antony ('quintum denarium cum Antonii effigie signauit'), citing Dio (lib. XLVIII) and Appianus (lib. V).",,validated,https://numismatics.org/crro/id/rrc-521.2,https://numismatics.org/collection/1944.100.4807,,
Domitia,6,Crawford 285/5b,crawford,AE,,Cn. Domitius Ahenobarbus,116-115 BC,Head of Hercules right; CN·DOMI text,"Bow, club, and arrow; Q·CVRTI on right; M·SILI on left",right,"Orsini says coin 6 (sextus aereus nummus) possibly pertains to Cn. Domitius because M. Silanus and Q. Curtius, who were perhaps IIIviri with Domitius, are inscribed on it ('Ad eundem Cn. Domitium pertinere potest sextus aereus tabellaе nummus, in quo M. Silanvs, & Q. Cvrtivs, qui cum Domitio III uiri fortasse fuerunt monetae cudendae, notati sunt'). He does not claim to read CN.DOM on the obverse; the attribution is based on the Silanus/Curtius names as possible colleagues.",,validated,https://numismatics.org/crro/id/rrc-285.5b,https://gallica.bnf.fr/ark:/12148/btv1b104331685,,
Domitia,7,Crawford 532/1,crawford,AR,,Cn. Domitius Calvinus,39 BC,Bare head right bearded (Ahenobarbus); OSCA behind,Trophy flanked by weapons; anchor; dolphin; DOM.COS.ITER.IMP around,right,"Orsini correctly reads OSCA as the mint name for Cn. Domitius Calvinus's Spanish issue and interprets cos. iter. imp. as indicating his second consulship and imperatorship, noting Calvinus held his second consulship in 40 BC and struck this denarius at Osca (modern Huesca) after his Spanish victories.",,validated,https://numismatics.org/crro/id/rrc-532.1,https://numismatics.org/crro/id/rrc-532.1 (ANS 1969.222.72),,
Durmia,1,RIC I Augustus 313,ric,AR,,M. Durmius,19-4 BC,Bare male head right; III·VIR·HONORI / M·DVRMIVS around,"Chariot/quadriga team right; CAESAR·AVGVSTVS above, S·C in exergue",,Orsini defers all discussion of the HONORI legend (simulacrum Honoris) to the Lollius Palicanus entry ('De Honoris simulacro in Lollii Palicani denario dicetur'). He makes no interpretive statement about coin 1 specifically beyond noting that the reverse pertains to Augustus and perhaps to his ludi saeculares.,,validated,https://numismatics.org/ocre/id/ric.1(2).aug.313,https://numismatics.org/collection/1944.100.38323,,
Durmia,2,RIC I (2nd ed.) Augustus 317,ric,AR,,"M. Durmius, IIIvir monetalis",19–4 BC,Head of Augustus bare right; CAESAR AVGVSTVS around,"Boar standing right, pierced by spear; M·DVRMIVS IIIVIR around",,"Orsini describes the animal imagery on the reverse as boar and stag ('apri & cerui fignis propter Dianam'), connected to Diana's ludi saeculares. He does not describe a lion-and-boar combat scene; the animals are boar and stag.",,validated,https://numismatics.org/ocre/id/ric.1(2).aug.317,https://numismatics.org/collection/1944.100.38325,,
Durmia,3,RIC I (2nd ed.) Augustus 318,ric,AR,,M. Durmius,19-4 BC,Bare head of Augustus right; CAESAR.AVGVSTVS around,"Single lion crouching/running right; M·DVRMIVS above, III·VIR in exergue",,Orsini attributes the stag to Diana and the ludi saeculares theme ('apri & cerui fignis propter Dianam'). He cites no Horace or Carmen Saeculare anywhere in his Durmia text.,,validated,https://numismatics.org/ocre/id/ric.1(2).aug.318,http://numismatics.org/collection/1905.52.1,,
Egnatia,1,Crawford 391/2,crawford,AR,,C. Egnatius Cn.f. Cn.n. Maxsumus,75 BC,"Draped, diademed female bust right (Libertas/Venus type); MAXSVMVS legend","Two standing figures, architectural structure with columns between them; unclear figures in classical dress",right,"Orsini identifies C. Egnatius Cn.f. Cn.n. Maxsumus from the full filiation on the coin. He interprets Roma seated on shields as an allusion to military victory, connecting it to the family's prominence in the Social War period.",,validated,https://numismatics.org/crro/id/rrc-391.2,https://numismatics.org/collection/2002.46.385,,
Egnatia,2,Crawford 391/1a,crawford,AR,,C. Egnatuleius C.f.,97 BC,"Bust of Venus right, draped, wearing diadem, with Cupid on shoulder","Libertas in biga left, crowned by Victory; pileus behind; C·EGNATIVS text",right,Orsini makes no statement about a legend variant reading 'EGNATMS' for coin 2. He groups the coins as belonging to C. Egnatius Maxsumus without discussing individual reverse descriptions or legend variants.,,validated,https://numismatics.org/crro/id/rrc-391.1a,https://www.britishmuseum.org/collection/object/C_2002-0102-3700,,
Egnatia,3,Crawford 391/3,crawford,AR,,C. Egnatius Cn.f. Cn.n. Maxsumus,75 BC,"Bust of Libertas right, draped, wearing diadem","Roma and Venus standing, each holding staff; Roma holds spear, Venus holds sceptre",right,"Orsini makes no reference to Roma and Venus standing figures for coin 3. His text simply groups coins 1–3 under C. Egnatius Maxsumus citing Cicero, and does not describe the reverses individually.",,validated,https://numismatics.org/crro/id/rrc-391.3,http://numismatics.org/collection/2002.46.387,,
Egnatia,4,RPC I 606,rpc,AE,,C. Egnatius Cn.f. Cn.n. Maxsumus,75 BC,Laureate head of Augustus right; lituus before,Wreath enclosing text in multiple lines: PAE S S C / M EGNATIVS Q OCTAVIVS IIVIR,,"Orsini identifies the fourth coin (aes) as M. Egnatius, possibly the son of L. Egnatius Rufus ('cuius fortasse filius fuit M. Egnatvs is, qui est in quarto aereo nummo notatus'), who conspired against Augustus, citing Suetonius (cap. XIX) and Velleius (lib. II) for the conspiracy. Orsini does not claim conflation, and mentions nothing about Venus imagery for this coin.",,validated,https://rpc.ashmus.ox.ac.uk/coins/1/606,https://rpc.ashmus.ox.ac.uk/coins/1/606,,
Egnatuleia,1,Crawford 333/1,crawford,AR,,C. Egnatuleius C.f.,97 BC,Laureate head of Apollo right,"Victory standing left at a trophy, holding a wreath; carnyx at base; Q in field, ROMA in exergue",right,"Orsini calls this coin a Victoriatus ('Victoriatum nummum percuffit'), not a quinarius. The Q mark indicates Victoriatus denomination in Orsini's reading. He does not describe the reverse trophy or Gallic arms; his discussion is entirely devoted to the Ciceronian prosopography of L. Egnatuleius.",,validated,https://numismatics.org/crro/id/rrc-333.1,https://numismatics.org/collection/1978.64.346,,
Eppia,1,Crawford 461/1,crawford,AR,,M. Eppius,46 BC,"Draped head of Africa/Genius Terrae Africae right, wearing elephant-skin headdress, grain-ear behind; legend Q·METEL·SCIPIO IMP around","Hercules standing facing, nude, holding club and lion-skin; LEG·F·C and EPPIVS around",right,"Orsini identifies M. Eppius as legate of Scipio in Africa from the coin inscription ('ut ex ipfa denarii infcriptione apparet'), citing Hirtius (lib. V de bello Africo). The Africa head on the obverse he grounds in comparison with the Scipio denarius ('qualem ab antiquis fictam fuisse fupra in Scipionis denario… demoftrauimus'). The Hercules reverse he connects to the Hercules cult worshipped in Africa, citing Herodotus (lib. II) — not military valor. The inscription he mentions is P.EPPIVS.P.F.FAB.RVFVS (tribe Fabia, cognomen Rufus), not 'Fabruvus.'",,validated,https://numismatics.org/crro/id/rrc-461.1,https://numismatics.org/collection/1944.100.3309,True,
Fabia,1,Crawford 273/1,crawford,AR,,Q. Fabius Labeo,124 BC,Helmeted head of Roma right; LABEO behind,Jupiter in quadriga right; Q.FABI below; ROMA in exergue,right,"Orsini connects Q. Fabius Labeo to his praetorship ex Creta (anno DLXIII) and consulship (anno DLXX) and pontificate (anno DLXXIII), citing Cicero (lib. I off. & ad Q. fratrem) for his role as Senate-appointed arbitrator between Nolani and Neapolitani. The navis prora reverse is noted as indicating his naval command from Crete. Orsini does not cite Livy for Labeo.",,validated,https://numismatics.org/crro/id/rrc-273.1,https://numismatics.org/collection/1978.64.324,,
Fabia,2,Crawford 265/1,crawford,AR,,Q. Fabius Maximus,127 BC,Helmeted head of Roma right; X behind; ROMA before,"Cornucopiae set over crossed thunderbolt, all within a laurel wreath; ROMA above, Q·MAX below",right,"Orsini states the attribution is uncertain ('diuinare non licet') and tentatively proposes Q. Fabius Maximus consul anno DCCCVIII with C. Trebonius, who died three months minus a day or two into his consulship (Caninius Rebilus suffected). Orsini does not cite Polybius or Livy for this coin, and does not discuss the Cunctator's strategy against Hannibal.",,validated,https://numismatics.org/crro/id/rrc-265.1,https://numismatics.org/collection/1944.100.527,,
Fabia,3,Crawford 268/1a,crawford,AR,,N. Fabius Pictor,126 BC,Helmeted head of Roma right; N behind,"Seated figure (Quirinus/Roma) holding spear; PICTOR left, QVIRIN / N·FABI right, ROMA in exergue",right,"Orsini makes the notable observation that the helmeted bust on this N. Fabius Pictor denarius may represent Quirinus rather than Roma, based on his reading of the legend PICTOR QVI RIN, suggesting a connection to the Quirinal hill or the god Quirinus. He draws on Cicero and Livy for the Pictor branch of the gens.",,validated,https://numismatics.org/crro/id/rrc-268.1a,https://ikmk.smb.museum/object?id=18200197,,
Fabia,4,Crawford 322/1a,crawford,AR,,C. Fabius C.f. Hadrianus,102 BC,Veiled female bust right (Cybele?); EX.A.PV behind,Victory in biga right; B below; C.FABI.C.F around,right,"Orsini identifies coin 4 as C. Fabius C.f. Pictor, consul with Q. Ogulnius Gallus anno CCLXXXIIII, the first year the Roman people used silver coinage by senatorial decree. He interprets EX.A.P. as 'ex argento publico' ('ob quam rem in altera denarii parte inscriptionem adiectam esse opinor EX. A. P. hoc eft, ex argento publico'). He says nothing about Cybele or a veiled female head; the Cybele identification is not in Orsini.",,validated,https://numismatics.org/crro/id/rrc-322.1a,https://numismatics.org/collection/1978.64.340,,
Fabia,5,Crawford 283/1a,crawford,AR,,C. Fabius C.f. Hadrianus,127 BC,Helmeted head of Roma right; X (value mark) behind,Victory in quadriga right; ROMA above; Q·M·C·F·L·R in exergue (three-moneyer joint issue),right,"This is the joint three-moneyer denarius Q·M·C·F·L·R (Crawford 283/1): helmeted Roma / Victory in biga, ROMA. The three monetales are Q. Marcius, C. Fabius and L. Roscius, each named by initials; it cross-lists under Fabia for C·F = C. Fabius (and under Marcia for Q·M). The L·R abbreviation is itself ambiguous (L. Roscius / L. Rubrius). (Re-identified from the former 322/1a.)",,validated,https://numismatics.org/crro/id/rrc-283.1a,https://numismatics.org/collection/1944.100.569,True,
Fabia,6,Crawford 366/1a,crawford,AR,,C. Annius T.f. T.n. / L. Fabius L.f. Hispaniensis,82-81 BC,Draped female head (Anna Perenna) right; control-letter behind; legend C·ANNIVS·T·F·T·N·PRO·COS·EX·S·C around.,Quadriga (horses + chariot) right; L·FABI·HISP legend in exergue; border of dots. (Engraving shows chariot scene; CRRO type shows Q. Fabius Pictor seated — Orsini simplification.),right,"Orsini identifies coin 6 as L. Fabius Hispaniensis, a Sertorian ('Sertorianarum partium'), citing a Sallust fragment preserved in Servius (on Aeneid I) for L. Fabius Hispaniensis Senator, and noting that another coin is plainly inscribed 'L. FABI. L. F. HIS P. Q.' indicating he was a quaestor when he crossed to Sertorius in Hispania. Coin 6 is not attributed to the Labeo branch.",,validated,https://numismatics.org/crro/id/rrc-366.1a,http://numismatics.org/collection/1986.161.70,,
Fabrinia,1,Crawford 251/3,crawford,AE,,M. Fabrinius,132 BC,Laureate head of Apollo right,Ship prow right; M·FABRI/NI above; ROMA below,right,"Orsini creates this entry explicitly noting the possibility that the gens name arises from a die-cutter's error ('nisi fit erratum ab eo, qui nummum aereum cufit'). He reads the full nomen as Fabrinius from the coin legend M·FABRI NI, and acknowledges he cannot find when M. Fabrinius lived or who he was. The possibility of a mint error is central to his brief discussion and is absent from the current comment.",,validated,https://numismatics.org/crro/id/rrc-251.3,http://numismatics.org/collection/1944.100.486,,
Fannia,1,Crawford 275/1,crawford,AR,,M. Fannius C.f.,123 BC,Helmeted head of Roma right; X behind; ROMA before,"Victory in quadriga right, holding reins and palm/wreath; M.FAN.C.F below",right,"Orsini identifies M. Fannius C.F. as the moneyer, connecting him to the praetor before whom Cicero defended Sex. Roscius parricidii reus anno DLXXIII, citing Cicero in Catone for the oratorical family context. The Cicero source for the family here is ep. XIII lib. XVI ad Att. (for C. Fannius as Tribunus Plebis) and Cicero in Catone (for the orators); not De Oratore or Brutus.",,validated,https://numismatics.org/crro/id/rrc-275.1,https://numismatics.org/collection/1973.251.2,,
Fannia,2,Crawford 351/1,crawford,AR,,M. Fannius / L. Critonius / M. Plaetorius,86 BC,Draped bust right (Apollo per Orsini) (Ceres?); A.P.CL behind,Two seated figure (Pan per Orsini)s on bench (tribunal scene); BA above; M.FAN.L.CRI around,right,"Orsini says the second coin may also pertain to M. Fannius ('Ad eundem fortaffe fecundus quoque denarius fpectat'), who appears from the coin inscription to have been an Aedilis Plebis. He cites Dio for the institution of Aediles Cereales (Caesar V and Antony cos., anno DCCIX), with extended quotation from Dio in Greek and Latin. He does not describe the reverse figures as iudices, does not discuss a PAN/FAN abbreviation confusion, and does not mention Apollo as the obverse figure. The legend visible in the plate is M·FAN·L·CRT (Fannius and Critonius); Orsini does not name Plaetorius as a third moneyer for this coin.",,validated,https://numismatics.org/crro/id/rrc-351.1,https://numismatics.org/collection/1944.100.982,True,
Farsuleia,1,Crawford 392/1b,crawford,AR,,L. Farsuleius Mensor,75 BC,Draped bust right (Libertas); MENSOR behind; control-mark and S·C before.,Warrior in biga right extending hand to a togate figure; L·FARSVLEI in exergue.,right,Orsini states he could find no mention of L. Farsuleius Mensor in any ancient source: 'nullam in ueteribus nec scriptorum nec lapidum monumentis reperire mentionem potui.' He makes no iconographic comment on the obverse or reverse types.,,validated,https://numismatics.org/crro/id/rrc-392.1b,https://numismatics.org/collection/1947.2.115,,
Flaminia,1,Crawford 302/1,crawford,AR,,L. Flaminius Chilo,109-108 BC,Helmeted head of Roma right; X behind,Victory in biga right; FLAMINI / CILO below,right,"Orsini identifies L. Flaminius Chilo (siue Cilo) as a IIIIvir (quattuorvir) auro, argento, aere feriundo under Caesar as Dictator. He notes both spellings appear on the coins. He cites Cicero (ad Att.) and Livy (li. XXI) for the family in general.",,validated,https://numismatics.org/crro/id/rrc-302.1,https://numismatics.org/collection/1944.100.631,,
Flaminia,2,Crawford 485/2,crawford,AR,,L. Flaminius Chilo,109-108 BC,"Helmeted head of Roma right (485/2 obverse; the SAM crop had mis-stitched a foreign imperial S·C obverse, now rebuilt)",Victory in chariot right; L.FLAMIN / CHILO below,right,"Orsini notes that Chilo put the Venus head on the second coin's reverse because Venus was the divine ancestress of the Julian gens ('cum Veneris caput, a qua Iulia gens originem duxit, in altera secundi denarii parte signauit'). He does not call the office 'III VIR' — consistently 'IIII uir.'",,validated,https://numismatics.org/crro/id/rrc-485.2,https://numismatics.org/collection/1944.100.3645,,
Flaminia,3,Crawford 485/1,crawford,AR,,L. Flaminius?,uncertain,Bare head right (Caesar?); curly hair,Standing togate figure holding spear; L.FLAMINVS / III.VIR around,right,Orsini's text on the third coin (lower-row portrait + standing figure) is not explicitly detailed beyond the general discussion of Chilo as IIIIvir and the Flamen Iulii. No separate coin-specific claim by Orsini is verifiable for coin 3 beyond the same attribution.,,validated,https://numismatics.org/crro/id/rrc-485.1,https://numismatics.org/collection/1944.100.3644,True,
Flavia,1,Crawford 207/1,crawford,AR,,Dec. Flavus (Decimius Flavus),150 BC,Helmeted head of Roma right; X behind,Victory in biga right; [.]LAVI below; ROMA in exergue,right,"Orsini discusses only the reading of FLAVS as a cognomen FLAVVS, citing parallels in other families (Dionysius, Livy, Suetonius, inscriptions). He makes no iconographic statement about the coin's obverse or reverse type (no Diana, no biga, no Luna).",,validated,https://numismatics.org/crro/id/rrc-207.1,https://numismatics.org/crro/id/rrc-207.1,,
Flavia,2,"Crawford 504/1 — C. Flavius Hemicillus (legatus pro praetore under Brutus), 43-42 BC",crawford,AR,,C. Flavius Hemicillus (under authority of Brutus and Q. Caepio),43-42 BC,Bare head right; C.FLAV.HEMIS.LEG.PRO.PR around,Figures standing facing trophy or standard; Q.CAEP.BRVT.IMP around,right,"Orsini identifies the person as C. FLAVIVS HEMIS (not 'Hemicillus'), Bruti Legatus Propraetore, citing Cornelius Nepos (Vita Attici), Appian (lib. V), and Plutarch (who calls him Praefectum Fabrûm Bruti). He defers the rest of the coin's iconography to the Iunia gens. He does not describe a trophy reverse.",,validated,https://numismatics.org/crro/id/rrc-504.1,https://numismatics.org/crro/id/rrc-504.1,True,
Fonteia,1,Crawford 290/1,crawford,AR,,C. Fonteius,114-113 BC,Laureate double-faced head (Janus); star below,Galley right; C.FONT above; ROMA below,,"Orsini assigns this denarius to C. FONTEIVS CAPITO, consul suffect from Kal. Jul. in year DCCXX, using the coin as his main evidence for the consulship. He cites Suetonius on the Tiberius adoption passage and Cicero (pro Domo sua, ad Att.) for the Fonteian family.",,validated,https://numismatics.org/crro/id/rrc-290.1,https://numismatics.org/collection/1941.131.94,,
Fonteia,2,Crawford 307/1b,crawford,AR,,Mn. Fonteius,108-107 BC,Laureate double-faced head (Janus); star above,Galley right; MN.FONTEI above,right,"Orsini assigns coins 2–3 to M'. FONTEIVS (son of the consul), the defendant in Cicero's Pro Fonteio. He notes the galley with Castor and Pollux, citing Horace (li. I, Carm.) for the Dioscuri as protectors of sailors.",,validated,https://numismatics.org/crro/id/rrc-307.1b,https://numismatics.org/collection/1941.131.108,,
Fonteia,3,Crawford 353/1a,crawford,AR,,Mn. Fonteius C.f.,85 BC,Laureate head right; MN.FONTEIVS behind,Winged Cupid riding a goat right within a laurel wreath; two pilei (caps) above; thyrsus and filleted vase below.,right,"Orsini notes this coin of M'. Fonteius has Cupid riding a goat ('Cupidinem hirco insidentem, quòd id animal maxime fit procliue ad libidinem'). He does NOT describe the imagery as Venus/Bacchic. The Veiouis simulacrum and Castors' caps on this coin he explicitly says he cannot explain ('mihi quidem obscurum est').",,validated,https://numismatics.org/crro/id/rrc-353.1a,https://numismatics.org/collection/1941.131.158,,
Fonteia,4,Crawford 429/1,crawford,AR,,P. Fonteius P.f. Capito,55 BC,Helmeted bust of Mars right; P.FONTEIVS.P.F / CAPITO.III.VIR around,Horseman spearing fallen enemy; two combatants below,right,"Orsini assigns coins 4–5 to P. FONTEIVS P.F. CAPITO as triumuir, possibly the grandson of the consul and perhaps the same man who commanded Antony's fleet as propraetor (inferred from a damaged coin inscription). He cites Horace (li. I, Ser. Sat. V) for this Fonteius Capito. He does not describe the obverse as Mars.",,validated,https://numismatics.org/crro/id/rrc-429.1,https://numismatics.org/collection/1944.100.3234,,
Fonteia,5,Crawford 429/2a,crawford,AR,,P. Fonteius P.f. Capito,55 BC,Concordia head right; P·FONTEIVS·CAPITO·III·VIR·CONCORDIA around,"Two-story Villa Publica building (colonnade above, arched columns below); T·DIDI left, VIL·PVB right, IMP in exergue",right,Orsini assigns this coin also to P. FONTEIVS P.F. CAPITO and notes the Antonianae classi propraetorial command can be inferred from a damaged bronze coin's inscription. He does NOT mention T. Didius IMP; there is no T. Didius reference in Orsini's Fonteia text.,,validated,https://numismatics.org/crro/id/rrc-429.2a,https://numismatics.org/collection/1944.100.3236,True,
Fonteia,6,RPC I 1465,rpc,AE,,"M. Oppius Capito, propraetor and praefectus classis",38-37 BC,Jugate heads right; ...EIVS·CAPITO·PRO·PR around,"Galley (ship) under sail right, bird on prow; M·ANT·IMP·COS·DESIG·ITER·ET·TER·IIIVIR·R·P·C around",,"Orsini placed under Fonteia reading CAPITO as Fonteius Capito. Actually M. Oppius Capito, Antony's fleet prefect. Mark Antony's fleet coinage, heavy series (RPC I 1465; alt. 1470 light series). Ref: RSN 1987, 104–5 D.",,validated,https://rpc.ashmus.ox.ac.uk/type/1465,https://rpc.ashmus.ox.ac.uk/coins/1/1465,,
Fufia,1,Crawford 403/1,crawford,AR,,Q. Fufius Calenus / Mucius Cordus,70 BC,Helmeted head of Honos right; HO / VIR on sides; KALENI below,"Two standing figures clasping hands, the left holding a cornucopia; IT / RO on sides; CORDI below",right,"Orsini identifies Q. Fufius Kalenus as moneyer and tribune of the plebs in year DCXCI, later consul with P. Vatinius (DCCVI). He cites Dio (lib. XLII) for Calenus's Caesarian allegiance and Cicero's Philippica VIII for Cicero's attack on him. He makes no iconographic comment on the obverse heads or the reverse handshake scene.",,validated,https://numismatics.org/crro/id/rrc-403.1,https://numismatics.org/collection/1937.158.148,True,
Fufia,2,,,,,,136 BC,"Very lightly engraved head of Roma, right (generic type)",Very lightly engraved quadriga (generic type),,"Printing anomaly (the 'ghost coin'): a faint, generic Roma-head / quadriga composition on the Fufia cancel plate, too lightly and incompletely engraved to identify; Orsini's text treats only the Q. Fufius Calenus coin.",,printing_anomaly,,,,
Fulvia,1,Crawford 284/1b,crawford,AR,,"Cn. Fulvius, M. Calidius, Q. Caecilius Metellus",117–116 BC,Helmeted head of Roma right; star below chin,Victory in biga right holding wreath; CN·FOL·M·CAL·Q·MET text below; ROMA in field,right,"Orsini identifies CN. FVLVIVS as striking jointly with Q. Metellus and M. Calidius, and explicitly says he cannot determine who this Fulvius was ('nihil certi afferre possum'). He makes no mention of Livy XXV.17, the temple of Honos et Virtus at Clastidium, M. Fulvius Nobilior, or Hercules Musarum. Those references belong to the Fufia section.",,validated,https://numismatics.org/crro/id/rrc-284.1b,https://numismatics.org/collection/1948.19.25,True,
Fundania,1,Crawford 326/2,crawford,AR,,C. Fundanius,101 BC,Bearded male head right (Jupiter?),Two standing figures (man and woman) clasping hands or performing ritual,right,"Orsini attributes this coin to C. Fundanius (= Varro's father-in-law), the Tribune of the Plebs named in the Farnese bronze tablet, stating 'ad eum autem referendos esse opinor.' He makes no statement about being unable to identify the moneyer.",,validated,https://numismatics.org/crro/id/rrc-326.2,http://numismatics.org/collection/1896.7.49,,
Fundania,2,Crawford 326/1,crawford,AR,,C. Fundanius,101 BC,Helmeted head of Roma right,Figure in chariot right; C.FVNDVS below,right,"Orsini attributes the coins on the plate to C. Fundanius, Varro's father-in-law (the Tribune who 'primus plebi scivit'), preferring this over the attribution to the consul of year DX. The claim that the attribution rests on a 'FVNDAN legend reading' is not stated by Orsini — he bases it on the chronological fit with the Farnese inscription.",,validated,https://numismatics.org/crro/id/rrc-326.1,http://numismatics.org/collection/2002.46.163,,
Furia,1,Crawford 187/1,crawford,AR,,L. Furius Purpureo,169-158 BC,"Head of Roma right, helmeted; X behind","Goddess in biga right, holding reins; two galloping horses drawing chariot; PVR below, ROMA in exergue",right,Orsini identifies the moneyer as L. FVRIVS PVRPREONVM and notes he triumphed over the Gauls as PRAETOR (not consul) in years DLIIII and DLVII. He makes no iconographic statement about a Diana biga with two stags.,,validated,https://numismatics.org/crro/id/rrc-187.1,https://numismatics.org/collection/1944.100.283,,
Furia,2,Crawford 356/1a,crawford,AR,,P. Furius Crassipes,84 BC,Turreted female head right (Cybele); AED.CVR around,Curule chair; P.FOVRIVS / CRASSIPES below,right,"Orsini says the coin's foot image indicates the cognomen's origin from the GREEK name Oedipus ('ἀπὸ τοῦ οἰδήματος τῶν ποδῶν' = from the swelling of the feet), NOT from Latin 'crassus pes.' The curule chair indicates the curule aedileship. He notes Livy names M. Furius Crassipes as triumvir coloniae deducendae and Praetor, and perhaps the coin was struck by Cicero's son-in-law.",,validated,https://numismatics.org/crro/id/rrc-356.1a,https://numismatics.org/collection/1941.131.160,,
Furia,3,Crawford 281/1,crawford,AR,,M. Furius L.f. Philus,119 BC,Laureate double-faced head (Janus); I above; M.F behind,Roma standing right crowning a trophy; ROMA in right field; PHLI in exergue,,"Orsini states this coin was struck by M. IVRIVS L.F. PHILO 'in memoriam sine dubio eius triumphi, quem egit P. Furius Philus anno DXXX. de Galleis Liguribus.' He identifies M. Furius as probably the son of L. Furius Philus the Praetor (anno DLXXXII, citing Livy lib. XLII). He does not describe a Janus head or military trophies on this coin.",,validated,https://numismatics.org/crro/id/rrc-281.1,https://numismatics.org/collection/1987.26.22,,
Furia,4,Crawford 414/1,crawford,AR,,L. Furius Cn.f. Brocchus,63 BC,Female head right (Ceres per Orsini); III / VIR around; BROCCHI below; corn-ear behind,Curule chair flanked by fasces; L.FVRI / CN.F above,,"Orsini identifies CN. FVRIVS BROCCHVS (praenomen Cn., not L.) as curule aedile, inferred from the curule chair and Ceres image on the coin. He does not provide an etymology of 'brocchi' as protruding teeth. He cites only Valerius Maximus (li. VI, cap. I) and Cicero (pro Q. Ligario; in Verrem lib. III for Anneius Brocchus).",,validated,https://numismatics.org/crro/id/rrc-414.1,https://numismatics.org/collection/1944.100.2396,,
Gallia,1,RIC I (2nd ed.) Augustus 378,ric,AE,,C. Gallius Lupercus,16 BC,S C in centre; C·GALLIVS·C·F·LVPERCVS·IIIVIR·A·A·A·F·F around,AVGVSTVS TRIBVNIC POTEST in three lines within oak-wreath (no portrait),,"Orsini attributes this bronze to C. Gallius, who struck it as triumvir under Augustus; suggests C. Gallius the Senatorial eques (mentioned in Cicero, in Verrem lib. V) was perhaps his father. Q. Gallius is a separate person — the Praetor accused of ambitus. Orsini does not identify C. Gallius himself as Praetor.",,validated,https://numismatics.org/ocre/id/ric.1(2).aug.378,https://numismatics.org/collection/1944.100.38366,,
Gellia,1,Crawford 232/1,crawford,AR,,Cn. Gellius,138 BC,"Head of Roma right, helmeted","Mars (or warrior deity) in quadriga right, hurling spear; CN·GEL below; ROMA in exergue",right,"Orsini attributes this denarius 'fortasse' (perhaps) to a legate of Cn. Pompeius in the maritime war against the pirates, citing Florus lib. III. The 'perhaps' must be retained.",,validated,https://numismatics.org/crro/id/rrc-232.1,https://numismatics.org/crro/id/rrc-232.1,,
Gellia,2,Crawford 517/8,crawford,AR,,L. Gellius Poplicola,138 BC,"Head of male figure right, laureate; legend around border","Head of male figure right, laureate; legend around border",right,"Orsini identifies this coin with certainty ('sine dubio') as belonging to L. GELLIVS POPLICOLA, Antony's Quaestor Propraetore, later consul with M. Cocceius Nerva in year DCCXVII. He cites Dio (lib. XLVII) at length. He expresses no difficulty in the attribution.",,validated,https://numismatics.org/crro/id/rrc-517.8,http://numismatics.org/collection/1941.131.336,,
Herennia,1,Crawford 308/1,crawford,AR,,M. Herennius,108-107 BC,Diademed head of Pietas right; PIETAS behind,Running figure (Amphinomus or Anapias) carrying parent on shoulders; M.HERENNI below,right,"Orsini attributes the denarius to M. Herennius, consul in year DCCXX (possibly the son of the consul with C. Valerius Flaccus in DCLX). He notes the coin bears a signum Pietatis and compares the reverse to the Aeneas/Anchises motif as a traditional symbol of pietas on ancient monuments. He does NOT name the Catanaean brothers. The consul with C. Valerius Flaccus is the FATHER (anno DCLX), not the moneyer himself.",,validated,https://numismatics.org/crro/id/rrc-308.1,https://numismatics.org/crro/id/rrc-308.1,,
Hirtia,1,Crawford 466/1,crawford,AV,,A. Hirtius,46 BC,Veiled head right (Caesar as Pontifex Maximus); CAESAR COS.TER around,Sacrificial implements: lituus and capis (jug); A.HIRTIVS.PR around,right,Orsini infers from this aureus that A. Hirtius was Praetor in year DCCVII (not DCCVI) when Caesar held his third consulship. Hirtius later died fighting M. Antonius at Mutina alongside C. Vibius Pansa. Orsini cites Livy (epitoma lib. CXIX) for this. He makes no iconographic comment on the reverse implements.,,validated,https://numismatics.org/crro/id/rrc-466.1,https://numismatics.org/crro/id/rrc-466.1,,
Horatia,1,RIC II Trajan 768,ric,AR,,Trajan restitution (restoration of archaic Horatia type),AD 107,Head of Roma right with winged helmet; X (value mark) behind; COCLES before,Castor and Pollux (Dioscuri) riding right; IMP·CAES·TRAIAN·AVG·GER·DAC·P·P·REST·ROMA around,,"Orsini notes this is a Trajanic restitution coin recalling Horatius Cocles's defense of the Pons Sublicius, citing Livy (lib. II) at length and also Dionysius (lib. IV), Valerius Maximus (lib. III, cap. I), and Plutarch (in Poplicola) for the bronze statue decreed in the Forum. He makes no mention of the Horatii and Curiatii, nor of M. Horatius Pulvillus or the Capitoline temple.",,validated,https://numismatics.org/ocre/id/ric.2.tr.767,https://numismatics.org/ocre/id/ric.2.tr.768,,
Hosidia,1,Crawford 407/2,crawford,AR,,C. Hosidius C.f. Geta,68 BC,"III·VIR GETA: Bust of Diana right, draped, with bow and quiver over shoulder.","C·HOSIDI·C·F: the Calydonian boar right, wounded by a spear and attacked by a hound.",right,"Orsini identifies the moneyer as the son of Hosidius Geta the proscript (saved by his son), citing Appian and Dio (lib. XLVII). Notes the marble inscription C. HOSIDIVS MARCIANVS CVM SVIS PANTHEO SACRVM. He does NOT call the moneyer 'IIIvir monetalis' — that office is the AI's interpolation; Orsini simply says he struck the silver denarii ('qui argenteos denarios cusit'). Orsini makes no comment on the Diana/boar type.",,validated,https://numismatics.org/crro/id/rrc-407.2,https://numismatics.org/crro/id/rrc-407.2,,
Hosidia,2,Crawford 407/1,crawford,AR,,C. Hosidius C.f. Geta,68 BC,"Bust of Diana right, draped, with bow and quiver over shoulder","Wild boar (the Calydonian boar) attacked, walking/charging right; C.HOSIDI.C.F in exergue",right,"Orsini includes this die variant as one of the two denarii he has seen ('duos tantum denarios... nobis uidere licuit'). He makes no separate iconographic comment on this coin beyond attributing it to the same moneyer, and does NOT discuss Diana devotion or a Calydonian boar myth. C. Hosidius Geta (Dio lib. LX) is the Claudian general who received triumphal honours — he is the moneyer's probable brother or cousin, not the moneyer himself described as 'tresvir monetalis.'",,validated,https://numismatics.org/crro/id/rrc-407.1,https://numismatics.org/crro/id/rrc-407.1,,
Hostilia,1,Crawford 448/2,crawford,AR,,L. Hostilius Saserna,48 BC,"Head of bearded male right, hair flowing","Naked warrior in fast biga (chariot) galloping right, holding spear and shield, driven by a charioteer; SASERN below",right,"Orsini attributes this to the Sasernae (father and son) who wrote on agriculture. The obverse shows images of the gods that the Sasernae wished to illustrate on their denarii, relating to Gallic monuments.",,validated,https://numismatics.org/crro/id/rrc-448.2,https://numismatics.org/crro/id/rrc-448.2,,
Hostilia,2,Crawford 448/3,crawford,AR,,L. Hostilius Saserna,48 BC,"Draped female head, unhelmeted","Diana standing facing/front, holding a stag by the antlers in one hand and a spear in the other; SASERNA at left, L.HOSTILIVS at right",right,Orsini notes the Diana of Ephesus on the reverse may reference Saserna's praetorship in the province of Asia. The obverse female head relates to Gallia or Victory.,,validated,https://numismatics.org/crro/id/rrc-448.3,https://numismatics.org/crro/id/rrc-448.3,,
Hostilia,3,Crawford 448/1,crawford,AR,,L. Hostilius Saserna,48 BC,"Head of Roma right, helmeted with plume","Victory advancing, holding a caduceus and a trophy over the shoulder; SASERNA at left, L.HOSTILIVS at right",right,"Orsini suggests the Victory on the reverse may refer to King Tullus Hostilius's triumphs over the Albans, from whom the Hostilii traced their descent.",,validated,https://numismatics.org/crro/id/rrc-448.1,https://numismatics.org/crro/id/rrc-448.1,,
Itia,1,Crawford 44/5,crawford,AR,,Anonymous,225-212 BC,"Head of Roma right, helmeted",The Dioscuri galloping right; ROMA below,right,"Orsini attributes this single coin to L. Iccium (the coin reads L.ITIO, but Orsini argues 'ut opinor' that ITIUM is an error for ICCIUM in the manuscripts of Hirtius — 'sic enim in uetuftiffimis codicibus pro ICCIUM, scriptum reperiri'). He identifies this L. Iccium as the addressee of Horace, Odes 1.29, and notes that Cicero in Philippics 3 also mentions a M. Iccium. Orsini says nothing about a turreted head, Cybele, or poor condition of the coin.",,validated,https://numismatics.org/crro/id/rrc-44.5,https://gallica.bnf.fr/ark:/12148/btv1b104220165,,
Iulia,1,Crawford 224/1,crawford,AR,,L. Iulius,141 BC,"Helmeted head of Mars right, wearing winged helmet; X (value mark) behind","Two horsemen (Dioscuri) galloping right, each holding spear; L.IVLI below, ROMA in exergue",right,"Orsini attributes this first denarius to L. Iulius Caesar, consul with P. Rutilius Lupus. Notes the XVI numeral refers to the value (denarius = 16 asses after the reduction).",,validated,https://numismatics.org/crro/id/rrc-224.1,https://numismatics.org/crro/id/rrc-224.1,,
Iulia,2,Crawford 323/1,crawford,AR,,L. Iulius,101 BC,"Helmeted head of Roma right, wearing winged helmet; corn-ear (spica) behind","Victory in biga right, holding reins; L·IVLI below",right,"Orsini presents this as the second denarius, attributable to a son of the L. Iulius of coin 1, who was Consul with L. Marcius Figulus ('Secundus denarius ad L.IVLIVM huius filium potest pertinere, qui Consul fuit cum L. Marcio Figulo anno DCLXXXIX'). He infers this moneyer was an Aedile from the spica (grain ear) symbol ('ex symbolo spicae, quo Aediles utebantur, intelligere possumus'). The reverse bears a Cupid chariot ('Cupidinis currus'), used to indicate the Iulian family's origin from Iulus, son of Aeneas, who was born of Venus ('ad indicandam Iuliae gentis originem, quae a Iulo Aeneae, qui Venere genitus est, filio principium habuisse dicitur').",,validated,https://numismatics.org/crro/id/rrc-323.1,https://numismatics.org/collection/1941.131.118,,"American Numismatic Society (ANS 1941.131.118), CC BY-NC 4.0"
Iulia,3,Crawford 320/1,crawford,AR,,L. Iulius L.f. Caesar,103 BC,Helmeted head of Mars left (Mars or Roma); D to left and right of head; CAESAR behind,"Venus in biga of Cupids left, holding sceptre and reins; L·IVLI·L·F below",left,"Orsini attributes to L. Iulius, son of the preceding, who served in Africa under Cato as Pro Quaestor during the civil war. The Venus with Cupid references the Iulian family's divine descent.",,validated,https://numismatics.org/crro/id/rrc-320.1,https://numismatics.org/crro/id/rrc-320.1,,
Iulia,4,Crawford 258/1,crawford,AR,,Sex. Iulius Caesar,129 BC,"Helmeted head of Roma right, wearing winged helmet; mark behind",Cupid driving biga right; SEX.IVLI / CAESAR in exergue,right,"Orsini (p. 113-114) identifies the fourth coin as Sex. Iulius Caesar, noting many of the Caesarum family used this praenomen ('difficile est, quis fuerit affirmare'), and suggests he may be the consul with L. Marcius Philippus anno DCXLII. Orsini makes no specific statement about the reverse type of this coin (the plate shows ROMA/biga). The Venus/Cupid framing belongs to coins 2-3 in the same table; it is not applied by Orsini to coin 4.",,validated,https://numismatics.org/crro/id/rrc-258.1,https://numismatics.org/crro/id/rrc-258.1,,
Iulia,5,Crawford 480/7,crawford,AR,,L. Aemilius Buca,44 BC,"Laureate head of Julius Caesar right, wreathed; CAESAR.DICT behind, PERPETVO before","Venus standing left, holding Victory and sceptre; L.BVCA in field",right,"Orsini notes this denarius was struck by L. Aemilius Buca as IIIIvir monetalis, with Caesar as Dictator in perpetuum. The Venus Genetrix or Victrix on the reverse is described by Orsini as **standing** ('Veneris Genetricis siue Victricis simulacrum **stans**'), not seated. The standing Venus Genetrix relates to Caesar's claim of divine Iulian ancestry from Venus through Aeneas.",,validated,https://numismatics.org/crro/id/rrc-480.7,https://numismatics.org/collection/1937.158.292,True,
Iulia,6,Crawford 480/6,crawford,AR,,L. Aemilius Buca,44 BC,Laureate head of Julius Caesar right; CAESAR.DICT.PERPETVO around,"Globe, crossed fasces and caduceus, axe, and clasped hands; L.BVCA.L below",right,Orsini interprets the reverse symbols: the globe represents Caesar's world dominion; fasces signify justice; the caduceus peace; clasped hands concordia; and the securis religion. These were virtues Caesar promised the Roman people.,,validated,https://numismatics.org/crro/id/rrc-480.6,https://numismatics.org/crro/id/rrc-480.6,,
Iulia,7,Crawford 480/4,crawford,AR,,L. Aemilius Buca,44 BC,Laureate head of Julius Caesar right; CAESAR.IM around,Standing draped female figure (Venus Genetrix) holding sceptre; BVCA / COSSERTIVS (or CREMITIVS) around,right,"Orsini notes the Venus Genetrix on the reverse, standing with trophy, references the Iulian family's divine origin from Venus through Aeneas.",,validated,https://numismatics.org/crro/id/rrc-480.4,https://numismatics.org/collection/1937.158.298,True,
Iulia,8,Crawford 480/6,crawford,AR,,L. Aemilius Buca,44 BC,Wreathed head right; CAESAR·IMP text on left side,"Text arrangement: L·AEMI at top right, then LI·VS below, then BVCA at bottom; small objects visible between text (clasped hands, fasces)",right,Orsini interprets the clasped hands as symbolizing concordia. Notes the Augural lituus is added to indicate Caesar's sacerdotal office.,,validated,https://numismatics.org/crro/id/rrc-480.6,http://numismatics.org/collection/1935.117.23,,
Iulia,9,Crawford 480/8,crawford,AR,,L. Aemilius Buca,46 BC,Laureate and veiled head of Julius Caesar right; DICT.PERPETVO.CAESAR around,Standing female figure (Venus) holding sceptre and Victory on globe; L.BVCA at right,right,"Orsini discusses Caesar's golden laurel wreath decreed by the Senate on this L. Aemilius Buca issue showing Caesar as DICT PERPETVO, and notes the golden chair (sella aurea) placed in the theatre as another of Caesar's unprecedented honors. He cites Suetonius and Dio Cassius on these extraordinary distinctions.",,validated,https://numismatics.org/crro/id/rrc-480.8,http://numismatics.org/collection/1937.158.299,,
Iulia,10,Crawford 497/2,crawford,AR,,C. Cossutius Maridianus,44 BC,Bare head of Julius Caesar right; CAESAR.III.VIR.R.P.C around,"Inscribed tablet/plaque reading CAES.DIC.PER, surmounted by a small wreath, resting on supports above two crossed cornucopiae",right,"Orsini discusses the two Cossutius Maridianus coins together: one bears CAESAR PARENS PATRIAE and the other CAESAR DICT. PERPETVO ('in eorum altero CAESAR PARENS PATRIAE, in altero CAESAR DICT. PERPETVO inscriptum est'). The PARENS PATRIAE coin prompts his extended discussion citing Cicero, Suetonius, and Livy on when this honor was conferred. He does not mention a curule chair for these coins, and does not connect them to Octavian as IIIvir.",,validated,https://numismatics.org/crro/id/rrc-497.2,https://numismatics.org/collection/1937.158.329,,
Iulia,11,Crawford 457/1,crawford,AR,,C. Julius Caesar,47 BC,Diademed bust of Venus right; C·CAESAR IMP COS ITER,"Trinacrus standing facing, holding triskeles, right foot on prow; A·ALLIENVS PRO COS",right,"Orsini attributes this to Allienus, Praetor governing Sicily with proconsular authority, struck in Caesar's second consulship with P. Servilius Isauricus, year 705 AUC ('Quintus denarius ab ALLIENO Praetore, qui Siciliam proconsu lari potestate obtinebat, signatus est Caesare II Consule cum P. Seruilio Isaurico anno DCCV'). On the reverse, Orsini sees Minerva's image ('Simulacrum Mineruae in altera nummi parte'), holding Victory alongside a snake, which he connects to the tradition that Minerva was called παρεδρον of Victory, citing Phurnutus. He notes the coin was struck the same year Caesar went to Africa.",,validated,https://numismatics.org/crro/id/rrc-457.1,https://numismatics.org/collection/1944.100.3300,True,
Iulia,12,Crawford 476/1,crawford,AE,,"C. Clovius (praefectus, under Caesar)",45 BC,"Bust of Victory right, draped; CAESAR·DIC·TER legend; border of dots.","Minerva standing left, holding trophy over shoulder, spear and shield with gorgoneion, snake before; C·CLOVI PRAEF legend; border of dots.",right,Orsini notes the Victory image and African trophy reference Caesar's victory over Juba in Africa. The bronze likely a colonial or praefectural issue.,,validated,https://numismatics.org/crro/id/rrc-476.1,https://numismatics.org/collection/1911.999.11,,
Iulia,13,Crawford 467/1,crawford,AR,,C. Julius Caesar,46 BC,Laureate head of Julius Caesar right; COS.TERT / DICT.ITER around,"Augural implements: lituus, capis (jug), and axe; AVGVR / PONT.MAX around",right,Orsini discusses Caesar's Pontificatus Maximus and augural implements. Notes the lituus and capis indicate Caesar's priestly offices as both Pontifex Maximus and Augur.,,validated,https://numismatics.org/crro/id/rrc-467.1,http://numismatics.org/collection/1941.131.310,,
Iulia,14,Crawford 443/1,crawford,AR,,C. Julius Caesar,49 BC,"Elephant walking right, trampling serpent or dragon; CAESAR below","Priestly implements: simpulum, aspergillum, axe (securis), and apex (priest's cap)",,"Orsini says the elephant in this coin's reverse may relate to a beast-hunt spectacle Caesar put on in the arena ('licet ad elephantum quoque spectaculum in harena a Caesare editum referri possit; de quo meminit Plinius lib.viii.cap.vii'). The priestly implements (Augurat and Pontificat insignia) are discussed separately in connection with the adjacent coin (coin 13), not this one: 'De Caesaris Auguratu & Pontificatu Maximo, quorum insignia in primo denario notata sunt.' Orsini does not describe the elephant as symbolizing 'triumph over evil or the barbarian world,' nor does he connect this type to the outbreak of the civil war.",,validated,https://numismatics.org/crro/id/rrc-443.1,https://numismatics.org/collection/1908.89.17,,
Iulia,15,Crawford 458/1,crawford,AR,,C. Julius Caesar,47 BC,"Female head right (Venus), with hair tied back","Aeneas walking left, carrying Anchises on shoulder and holding palladium; CAESAR at right",right,"Orsini notes the Venus head indicates the Iulian family's origin, and Aeneas carrying Anchises with the palladium is the central symbol of Iulian pietas and Trojan descent.",,validated,https://numismatics.org/crro/id/rrc-458.1,https://numismatics.org/collection/1896.7.101,,
Iulia,16,Crawford 468/1,crawford,AR,,C. Julius Caesar,46 BC,"Female head right (Venus), wearing diadem, hair in knot at back",Trophy of Gallic arms with oval shield and carnyx; two seated captives at base; CAESAR below,right,Orsini interprets the trophy with captives as referencing Caesar's victories over the Gauls and Germans. The trophies and bound captives symbolize his military triumphs.,,validated,https://numismatics.org/crro/id/rrc-468.1,https://numismatics.org/collection/1944.100.3339,,
Iulia,17,Crawford 468/2,crawford,AR,,C. Julius Caesar,46 BC,"Female head left (Venus or Pietas), hair in bun",Trophy of arms with shields; seated captive at base; CAESAR at right,left,"Orsini notes the Gallic trophy type and connects the trophies erected by Caesar after defeating Pharnaces, citing Dio. He treats the female head on the obverse as Venus or Pietas and discusses the seated captive at the base of the trophy as a representation of Caesar's eastern victories.",,validated,https://numismatics.org/crro/id/rrc-468.2,https://numismatics.org/collection/1941.131.311,,
Iulia,18,Crawford 452/2,crawford,AR,,L. Aemilius Buca,44 BC,Female head right wearing oak-wreath and diadem,"Gallic trophy: standing armored figure with horned helmet, oval shield (with trident device), and axe; CAESAR text below",right,"Orsini (p. 117) identifies coins 4-6 of this table (coins 16-18 in the concordance) as referencing Caesar's victories and trophies over the Gauls, Germans, and other peoples: 'Quartus, quintus, & sextus huius tabellae denarii referunt, ut opinor, victorias ac trophaea de Galleis, & Germaneis, aliisque gentibus à Caesare deuictis.' No carnyx or specific Gallic shields are mentioned by Orsini. The Venus image in these coins references the Iulian family's divine origin.",,validated,https://numismatics.org/crro/id/rrc-452.2,http://numismatics.org/collection/1944.100.3292,,
Iulia,19,Crawford 494/39,crawford,AR,,L. Musidius Longus,42 BC,Bare head of Julius Caesar right,"Cult/sacrificial implements (cornucopia, caduceus, apex, rudder) above a globe; L·MVSSIDIVS·LONGVS around",right,"Orsini attributes this to L. Mussidius Longus as IIIIvir monetae cudendae. On the reverse, he says, are the symbols of goddesses ('Dearum symbola') in whose honor the Senate had dedicated temples to Caesar: CLEMENTIA, AEQVITAS, LIBERTAS PVBLICA, CONCORDIA NOVA, and FELICITAS ('eae uero sunt: CLEMENTIA, AEQVITAS, LIBERTAS PVBLICA, CONCORDIA NOVA; & FELICITAS'). Concordia and Felicitas are symbolized by cornucopia and caduceus; a ship's rudder and globe refer to imperial rule; an apex (priest's cap) is added for Caesar's priestly office ('ad indicandum Caesaris sacerdotium... Flamen Dialis'). Orsini cites Plutarch (in Caesare) and Dio lib.xliii.",,validated,https://numismatics.org/crro/id/rrc-494.39,https://numismatics.org/collection/1937.158.321,,
Iulia,20,Crawford 475/1a,crawford,AV,AR→AV,L. Munatius Plancus,45 BC,"Bust of Victory, right, draped. C.CAES / DIC.TER around",Praefericulum (sacrificial jug) with handle; L.PLANC / PRAEF.VR around,right,Orsini attributes to L. Munatius Plancus as Praefectus Urbi under Caesar. Notes the Maximi Pontificatus insignia and Victory image on the reverse.,,validated,https://numismatics.org/crro/id/rrc-475.1a,https://numismatics.org/collection/1944.100.3546,True,
Iulia,21,Crawford 467/1,crawford,AR,,C. Julius Caesar,46 BC,Veiled head right; C·CAESAR COS·TER around,Capis (jug) and lituus (augural staff); A·HIRTIVS·PR around,right,"Orsini does not describe a coin struck by A. Hirtius as moneyer in his Iulia section. Hirtius appears in Orsini only as a cited author (Hirtius lib.v de bello Africo, Hirtius lib.v de bello Gallico). No coin of A. Hirtius as moneyer is discussed in any of Orsini's Iulia tables (pp. 113–124).",,validated,https://numismatics.org/crro/id/rrc-467.1,http://numismatics.org/collection/1896.7.104,,
Iulia,22,Crawford 525/3,crawford,AR,,T. Sempronius Graccus,40 BC,"Laureate head right, no visible legend","Legionary eagle (aquila) between two military standards; legend Q DESIG around, TI SEMPRONIVS above / GRACCVS in exergue, S C in field",right,"Orsini attributes to Ti. Sempronius Graccus as Quaestor designatus. The denarius pertains to the colony of Cassilinum, deduced anno DCXCIII by Caesar and Bibulus. The reverse shows the four colonial deduction symbols Orsini explicitly names: **signum cohortis** (cohort standard), **aquila Legionis** (legionary eagle), **aratrum** (plow), and **sceptrum** (sceptre). The aratrum is a key colonial deduction symbol; its omission from the previous comment was an error.",,validated,https://numismatics.org/crro/id/rrc-525.3,http://numismatics.org/collection/1937.158.351,,
Iulia,23,Crawford 480/5,crawford,AR,,P. Sepullius Macer,44 BC,Laureate head right; legend CAESAR IMP around,"Venus (Venus Victrix) standing holding Victory and sceptre; legend MACER and P SEPVLLIVS around, K in field",right,"Orsini (p. 118) discusses the fifth and sixth coins of this table as both struck by P. Sepullius Macer: the fifth (quintus) with a comet added = struck after Caesar's death ('mortuo iam Caesare'); the sixth (sextum), in which Caesar's image appears in Pontifical dress = struck while Caesar was still alive ('uiuente adhuc Caesare'). Of the two Sepullius coins: one has Venus Genetrix **standing** ('stans'), the other has Venus **seated** ('sedens'). Orsini's coin 23 (sixth of the table) = ante mortem, Venus sedens with standard inscriptions.",,validated,https://numismatics.org/crro/id/rrc-480.5,https://numismatics.org/collection/1937.158.291,True,
Iulia,24,Crawford 480/7,crawford,AR,,L. Aemilius Buca,44 BC,Wreathed head of Caesar right; CAESAR·DICT·PERPETVO text,Venus seated right holding Victory in right hand and sceptre in left; L·BVCA text,right,"Orsini discusses the title PARENS PATRIAE granted to Caesar. Cites Cicero and Suetonius on Caesar being called Father of the Country, and the statue placed in the Forum with the inscription PARENTI OPTIME MERITO.",,validated,https://numismatics.org/crro/id/rrc-480.7,https://numismatics.org/collection/1937.158.292,True,
Iulia,25,Crawford 480/19,crawford,AR,,C. Cossutius Maridianus,44 BC,Veiled and wreathed head right; legend PARENTIS PATRIAE CAESAR around,Legend in field: C COSSVTIVS / MARIDIANVS / A A A F F arranged in lines,right,"This coin is part of Orsini's extended discussion of the PARENS PATRIAE title (same as coin 24), drawing on Cicero, Suetonius, and Livy. Orsini does not discuss the A·A·A·F·F abbreviation or any moneyer's authority to strike gold, silver, and bronze in this context.",,validated,https://numismatics.org/crro/id/rrc-480.19,https://numismatics.org/collection/1944.100.3636,,
Iulia,26,Crawford 480/17,crawford,AR,,M. Mettius,44 BC,Wreathed head right; legend DICT PERPETVO CAESAR around,"Standing female figure (Venus Genetrix) holding Victory and sceptre, shield at feet; C MARIDIANVS in field",right,"This is the second Cossutius Maridianus coin. Orsini says it bears CAESAR DICT. PERPETVO as inscription ('in altero CAESAR DICT. PERPETVO inscriptum est'), while coin 25 bears CAESAR PARENS PATRIAE. Orsini does not describe a Venus Genetrix reverse for the Cossutius coins.",,validated,https://numismatics.org/crro/id/rrc-480.17,https://numismatics.org/collection/2002.46.494,True,
Iulia,27,Crawford 485/1,crawford,AR,,L. Flaminius Chilo,43 BC,Single laureate head; legend around,Single standing figure holding a small object and a long scepter; IIII·VIR and L·FLAMINIVS around,right,"Orsini says the L. Flaminius Quartumuiro coin has nothing particularly noteworthy except the Pacis signum on the reverse ('nihil est magnopere notandum, nisi quod in altera eius parte Pacis signum expressum est'). He does not describe the standing figure or any other iconographic detail.",,validated,https://numismatics.org/crro/id/rrc-485.1,https://numismatics.org/collection/1944.100.3644,True,
Iulia,28,Crawford 494/24,crawford,AR,,L. Livineius Regulus,42 BC,"Head right with diadem, lituus behind","Bull charging right; legend L LIVINIVS above, REGVLVS in exergue",right,"Orsini argues this coin was struck after Caesar's death for two reasons: first, a laurel branch is added behind the head ('quia lauri ramus imaginis occipitio adiectus est'), which Pliny (lib.xv, cap.ultimo) records was sent to Augustus from heaven (though Dio attributes it to Livia); second, because L. Livineius also served as head of the mint under Caesar as Triumvir R.P.C. ('hic idem Liuineius sub C.Caesare Triumuiro R.P.C. cudendae monetae praefuit'). For the bull on the reverse, Orsini interprets it as referring to a bull-hunt spectacle given by Caesar as Dictator in year 708 AUC, citing Pliny lib.viii.cap.xlv on the Thessalian practice of killing bulls on horseback.",,validated,https://numismatics.org/crro/id/rrc-494.24,https://numismatics.org/collection/0000.999.3394,,
Iulia,29,Crawford 480/3,crawford,AR,,M. Mettius,44 BC,Laureate head right; CAESAR·IMP around,"Standing figure (Venus) holding Victory and long scepter; M·METIVS to right, A in field",right,"Orsini mentions M. Mettius as one of the IIIIviri monetales who struck coins for Caesar, but does not provide specific commentary on the reverse type of this coin in the surviving text of his Iulia section. The prior comment contained a self-contradictory description (attributing a 'Gallic trophy with captive' then correcting it to 'Venus Victrix'). Orsini's general statement for this group of Buca-table coins is that Venus Genetrix or Victrix 'stans' (standing) appears on some reverses ('Veneris Genetricis siue Victricis simulacrum stans').",,validated,https://numismatics.org/crro/id/rrc-480.3,https://numismatics.org/collection/1896.7.108,,
Iulia,30,Crawford 480/2,crawford,AR,,M. Mettius,44 BC,Laureate head right; legend CAESAR DICT QVART around,Figure driving biga right; M METTIVS in exergue,right,"Orsini discusses the coin inscribed DICT QVART as an aureus ('Tertius huius tabellae aureus nummus'), attributing to it the Senate's grant to Caesar, when he was Dictator for the fourth time, of the right to wear the laurel wreath in perpetuity. He cites Appianus lib.ii, Dio lib.xliii, and Suetonius cap.xlv: 'Ex omnibus decretis sibi a Senatu, populoq. honoribus, non aliud aut recepit, aut usurpauit libentius, quam ius laureae coronae perpetuo gestandae.' Orsini does not describe a Victory in biga for the reverse of this coin.",,validated,https://numismatics.org/crro/id/rrc-480.2,http://numismatics.org/collection/1944.100.3628,True,
Iulia,31,Crawford 526/2,crawford,AR,,Q. Voconius Vitulus,40 BC,Head right within wreath; legend DIVI IVLI around,"Bull (calf) standing left; legend Q VOCONIVS above, VITVLVS in exergue",right,"Orsini notes this Q. Voconius Vitulus coin as a characteristic Roman practice of expressing the family name through imagery, with the vitulus (calf) on the reverse as a direct visual pun on the moneyer's cognomen Vitulus. He places it in the Iulia section because of the DIVI IVLI portrait on the obverse.",,validated,https://numismatics.org/crro/id/rrc-526.2,https://numismatics.org/collection/1960.170.9,True,
Iulia,32,Crawford 526/4,crawford,AR,,Q. Voconius Vitulus,40 BC,Bearded head right with wild flowing hair,"Bull or calf standing right; legend Q VOCON above, VITVLVS DESIG in exergue, S in field",right,"Orsini discusses the comet (stella crinita) that appeared after Caesar's death, which Suetonius says shone for seven continuous days. The calf is a punning type on the cognomen Vitulus.",,validated,https://numismatics.org/crro/id/rrc-526.4,https://numismatics.org/collection/1935.117.30,,
Iulia,33,Crawford 517/2,crawford,AR,,Octavian / M. Antonius,41 BC,Bare head right; legend CAESAR IMP around,Bare head right (M. Antonius); legend M ANTONIVS around,right,Orsini does not describe a confronted Octavian/Mark Antony type under the Iulia gens in the plates examined (pp. 113–124). No coin showing both Octavian and Antony is discussed in this section.,,validated,https://numismatics.org/crro/id/rrc-517.2,https://numismatics.org/collection/1896.7.132,,
Iulia,34,Crawford 535/1,crawford,AE,,Octavian (colonial issue),38 BC,Laureate head right; DIVOS IVLIVS text around,Laureate head right; DIVI·F text around,right,"Orsini does not discuss a colonial AE issue with DIVOS IVLIVS legend in the Iulia plates (pp. 113–124), nor does he argue that Octavian used DIVI F status as a basis for succession in this section. The 'western provinces' framing does not appear.",,validated,https://numismatics.org/crro/id/rrc-535.1,https://numismatics.org/collection/1944.100.6018,,
Iulia,35,Crawford 376/1,crawford,AR,,C. Iulius Caesar,49-48 BC,"Head of Venus right (mirrored), diademed","Cornucopia; S·C to left, EX to right",right,"Orsini does not discuss a coin of Crawford 376/1 type (cornucopia in laurel wreath) in his Iulia section, nor does he make any attribution based on EX S C for a coin of this type. No such entry appears in pp. 113–124.",,validated,https://numismatics.org/crro/id/rrc-376.1,http://numismatics.org/collection/1944.100.1913,,
Iulia,36,Crawford 352/1,crawford,AR,,L. Iulius,103 BC,"Draped winged bust, a trident behind the shoulder",Victory in a biga at speed; legend L·IVLI·BVRSIO below,right,Orsini does not discuss a Jupiter quadriga type (Crawford 352/1) or an IVLI legend coin in his Iulia section. No such early Republican type is attributed to the Iulia gens in pp. 113–124.,,validated,https://numismatics.org/crro/id/rrc-352.1,http://numismatics.org/collection/1944.100.995,,
Iulia,37,RIC I Augustus 37a,ric,AR,,Augustus,19-18 BC,Bare head right; legend CAESAR AVGVSTVS around,Eight-pointed star (comet); legend DIVVS IVLIVS around,,"Orsini discusses the sidus Iulium (Julian star/comet) that appeared after Caesar's assassination on this Augustus/Divus Iulius type, treating it as evidence of Caesar's apotheosis. He cites Suetonius and Pliny for the comet's appearance and its interpretation as a divine sign marking Caesar's elevation to godhood.",,validated,https://numismatics.org/ocre/id/ric.1(2).aug.37a,https://numismatics.org/collection/1995.11.1646,,
Iulia,38,Crawford 540/2,crawford,AR,,Octavian,29-27 BC,Bare head of Octavian right; legend IMP·CAESAR·DIVI·F·III·VIR·ITER·R·P·C around,"Distyle temple/shrine enclosing a figure, DIVO IVL within; legend COS ITER ET TER DESIG around",right,"Orsini discusses the second coin of the last Iulia table as showing the Temple of Venus ('Veneris templum'), with Caesar's statue in augural dress and the inscription DIVO IVL, and an altar at which the Roman people swore oaths by Caesar, citing Suetonius ('plebs Romana, ut Suetonius inquit, sacrificare, uota suscipere & controuersias quasdam interposito per Caesarem iureiurando distrahare, longo tempore consueuit'). He also cites Pliny lib.ii.cap.xxv on the star in the temple's pediment.",,validated,https://numismatics.org/crro/id/rrc-540.2,http://numismatics.org/collection/1937.158.360,,
Iulia,39,Crawford 481/1,crawford,AV,AR→AV,Octavian,40 BC,Laureate head right; CAES·DIC·Q·VAR text around,Wreath encircling empty field (no text inside),right,"Orsini discusses this as an aureus ('Tertius huius tabellae aureus nummus'), connected to the Senate's grant of the perpetual laurel wreath to Caesar when Dictator for the fourth time. He cites Appianus lib.ii, Dio lib.xliii, and Suetonius cap.xlv on this honor ('ius laureae perpetuo gestandae concessum fuisse'), quoting Suetonius directly.",,validated,https://numismatics.org/crro/id/rrc-481.1,https://numismatics.org/crro/id/rrc-481.1,,
Iunia,1,Crawford 433/2,crawford,AR,,M. Iunius Brutus,54 BC,Bearded male head right (Brutus ancestor); BRVTVS behind,Bearded male head right (Ahala); AHALA behind,right,"Orsini notes L. Brutus and C. Servilius Ahala were both tyrannicides: Brutus expelled the kings, Ahala killed Sp. Maelius. M. Brutus struck this denarius to advertise his descent from both lines of liberators.",,validated,https://numismatics.org/crro/id/rrc-433.2,https://numismatics.org/collection/1948.19.213,True,
Iunia,2,Crawford 433/1,crawford,AR,,M. Iunius Brutus,54 BC,Female head right (Libertas) with diadem; LIBERTAS behind,Four standing figures (the consul Brutus walking between lictors); BRVTVS in exergue,right,"Orsini identifies the consul L. Brutus with lictors as the first consul of the Republic; for this coin he cites Virgil (Aen. VI): 'Consulis imperium hic primus saeuasq. secures / Accipiet &c.' Suetonius ('Subscripsere, inquit, quidam L. Bruti statuae, utinam uiueres') is cited in connection with M. Brutus's coin 1 context (statue inscriptions), not for coin 2 (lictors). The consular fasces and secures are discussed via the Virgil citation only for this coin.",,validated,https://numismatics.org/crro/id/rrc-433.1,https://numismatics.org/collection/1941.131.266,,
Iunia,3,Crawford 220/1,crawford,AR,,M. Iunius Silanus,145 BC,Helmeted head of Roma right; X (value mark) behind,"The Dioscuri galloping right; M·IVNI below, ROMA in exergue",right,"Orsini attributes this coin to M. Iunius Silanus, Augustus's colleague in the consulship ('qui Augusti collega in nono Consulatu fuit anno DCCXXVIII'). He says nothing about the coin type (no mention of Roma head or Dioscuri).",,validated,https://numismatics.org/crro/id/rrc-220.1,https://numismatics.org/collection/1941.131.51,,
Iunia,4,Crawford 210/1,crawford,AR,,C. Iunius C.f.,149 BC,Helmeted head of Roma right; X behind,"The Dioscuri galloping right; C·IVNI·C·F below, ROMA in exergue",right,"Orsini attributes to C. Iunius C.F. Silanus ('C.IVNIVM C. F. SILANVM'), Consul with C. Furnius in year DCCXXXVI. He places this coin in the Silani branch, not the Bruti branch.",,validated,https://numismatics.org/crro/id/rrc-210.1,https://numismatics.org/collection/0000.999.114,,
Iunia,5,Crawford 337/3,crawford,AR,,D. Iunius Silanus L.f.,91 BC,Bearded male head right (laureate); long flowing hair,Victory in biga right; D.SILANVS.L below,right,"Orsini attributes to D. Iunius Silanus L.f. and notes the Silani branch's connection to the Manlii Torquati through adoption, citing ancient sanctimony of the Torquatae virgines.",,validated,https://numismatics.org/crro/id/rrc-337.3,https://numismatics.org/collection/1944.100.811,True,
Iunia,6,Crawford 337/3,crawford,AR,,D. Iunius Silanus L.f.,91 BC,Female head right (Salus); SALVS behind,"Victory in biga right, holding reins and whip; D.SILANVS below",right,"Orsini states the Salus image in the sixth coin pertains to C. Iunium Bubulcum Brutum, who vowed a temple to Salus as Consul, contracted it out as Censor, and dedicated it as Dictator, citing Livy lib. IX and X.",,validated,https://numismatics.org/crro/id/rrc-337.3,https://numismatics.org/collection/1944.100.811,True,
Iunia,7,Crawford 337/3,crawford,AR,,D. Iunius Silanus L.f.,91 BC,"Head of Roma right, helmeted; control letter A behind","Victory in biga right; XIII (control numeral) above; D·SILANVS·L·F below, ROMA in exergue",right,Orsini identifies the first two denarii of D. Silanus as belonging to the same moneyer; the third denarius may belong to his brother M. Silanus L.f.,,validated,https://numismatics.org/crro/id/rrc-337.3,https://numismatics.org/collection/1937.158.71,,
Iunia,8,"Crawford 337/5 — D. Junius Silanus L.f., AE as, c. 91 BC",crawford,AE,,D. Junius Silanus L.f.,c. 91 BC,"Head of Janus left and right, laureate",Prow of galley right; D·SILANVS above,,"Orsini states that M. Silanus appears on a bronze (aes) coin that belongs to the Domitia gens plate, not the Iunia plate: 'In nummo etiam aereo Cn. Domitii, M. hic SILANVS notatus est in ea tabella, in qua gentis Domitiae denarii incisi sunt.' He does not discuss this bronze further under Iunia.",,validated,https://numismatics.org/crro/id/rrc-337.5,https://numismatics.org/crro/id/rrc-337.5,,
Iunia,9,Crawford 285/2,crawford,AR,,M. Iunius Silanus / Q. Curtius,116-115 BC,"Head of Roma right, helmeted; X behind","Jupiter in quadriga right, holding sceptre and hurling thunderbolt; ROMA in exergue",,"Orsini attributes the fourth coin of the second Iunia plate to M. Brutus, Caesar's assassin ('Quartus denarius pertinet ad M.BRVTVM Caesaris interfectorem, qui fuit filius M. Bruti eius, qui (ut scribit Plutarchus) Mutinae a Pompeio Magno occisus est'). There is no mention of Q. Curtius or any colleague moneyer.",,validated,https://numismatics.org/crro/id/rrc-285.2,https://numismatics.org/collection/1899.999.9,True,
Iunia,10,Crawford 508/3,crawford,AR,,M. Iunius Brutus / L. Plaetorius Cestianus,43-42 BC,"Head right, laureate; legend around border",Cap (pileus) between two daggers; EID·MR below,right,"Orsini discusses the pileus (cap of liberty) and the two daggers as the most explicit numismatic commemoration of the tyrannicide on the Ides of March 44 BC. For the EID MAR coin specifically, he cites Suetonius ('Suetonius & alii'), Cicero (Philippics lib. II: 'Caesare statim interfecto cruentum altè extollens M. Brutus pugionem'), and Appianus (lib. II: 'pileum aliis hastae fixum ferebat symbolum libertatis'). Plutarch is cited later (p. 128) for Brutus's Imperator title on related coins, not specifically for the EID MAR daggers.",,validated,https://numismatics.org/crro/id/rrc-508.3,https://numismatics.org/collection/1944.100.4554,True,
Iunia,11,Crawford 508/2,crawford,AR,,M. Iunius Brutus / L. Plaetorius Cestianus,43 BC,Veiled female head right (Libertas); LEIBERTAT[IS] around,Lituus (augural staff) on left and capis (jug) on right; BRVT·IMP below,right,"Orsini states the fifth and sixth coins of the second Iunia plate were struck by L. Plaetorius with the BRVT.IMP inscription, and infers Brutus held some sacerdotal office (Pontifex or XVvir sacris faciundis), supported by Plutarch's mention of the Imperator title in the Brutus. He says nothing about LEIBERTAS legends, a veiled Libertas obverse, a lituus, or a capis on the reverse.",,validated,https://numismatics.org/crro/id/rrc-508.2,https://numismatics.org/collection/1937.158.339,True,
Iunia,12,Crawford 500/7,crawford,AR,,M. Iunius Brutus / L. Cornelius Lentulus Spinther,43 BC,Jug (capis) and lituus (augural staff); LENTVLVS / SPINT below,"Sacrificial implements: axe (securis), simpulum/sprinkler, jug; BRVT.IMP below",,Orsini infers from the sacerdotal implements on these coins (huius & sequentis tabellae denariis ad rem sacram faciendam instrumenta impressa sunt) that Brutus himself held a priestly office — Pontifex or XVvir sacris faciundis. He does not mention Lentulus Spinther in this context; Lentulus Spinther appears as a separate coin type on the same plate.,,validated,https://numismatics.org/crro/id/rrc-500.7,https://numismatics.org/collection/1937.158.333,,
Iunia,13,Crawford 507/2,crawford,AR,,M. Iunius Brutus / C. Servilius,42 BC,Bearded male head right (portrait); CASCA / LONGVS around,"Victory standing right, holding wreath; BRVTVS / IMP below",right,"Orsini attributes to Brutus's military mint, noting C. Cassius Longus and M. Servilius Casca were among the conspirators. The Victory with wreath celebrates Brutus's initial military successes.",,validated,https://numismatics.org/crro/id/rrc-507.2,https://numismatics.org/collection/1905.57.30,True,
Iunia,14,Crawford 506/2,crawford,AR,,M. Iunius Brutus / Pedanius Costa,43 BC,Female head right (bust of Artemis/Diana); LEG. / COSTA around,Standing male figure (trophy/warrior) with military standards; IMP / BRVTVS around,right,"Orsini (p. 128) attributes this coin to Pedanius Costa as Brutus's legate. He notes it 'nihil habet aliud notatu dignum, praeter eandem de subactis Bessis, Imperatoris appellatione' — nothing beyond the Imperator title and the conquest of the Bessii. No trophy is mentioned by Orsini for this coin.",,validated,https://numismatics.org/crro/id/rrc-506.2,https://numismatics.org/collection/1937.158.337,True,
Iunia,15,Crawford 501/1,crawford,AR,,M. Iunius Brutus (Q. Caepio Brutus),43 BC,Draped female bust right (Libertas); LIBERTAS around,Lyre flanked by a branch/plectrum (not enclosed in a wreath); Q·CAEPIO·BRVTVS·PRO·COS around,right,"Orsini uses the third denarius of the third Iunia plate to demonstrate the adoption formula by which M. Brutus was called Q. CAEPIONEM BRVTVM, citing Cicero (Philippics lib. X), Plutarch (in Catone Vticense), and Dio (lib. XLVI and XLVII). The discussion of the Ludi Apollinares, lyre, and laurel branch belongs to a different coin (the laurus/cithara reverse, discussed separately at pp. 129–130) and does not belong to this adoption-formula coin.",,validated,https://numismatics.org/crro/id/rrc-501.1,https://numismatics.org/collection/1944.100.4546,,
Iunia,16,"Crawford 504/1 — M. Iunius Brutus with C. Flavius Hemicillus, 43-42 BC",crawford,AR,,M. Iunius Brutus (imperator) with C. Flavius Hemicillus (legatus pro praetore),43-42 BC,Head right; C.FLAV.HEMIS LEG.PRO.PR around,Two standing figures: a military/togate figure on left crowned by Victory (winged) on right; IMP and Q·CAE / BRVT legend around,right,"Orsini notes this coin (Victory on ship's prow) 'nihil habet aliud, quod ad Brutum pertineat, praeter IMP. inscriptionem'; the Victory on a ship's prow can relate to Brutus because of the fleet he assembled and with which he controlled the Mediterranean. He does not say Cassius appears as joint imperator on this coin.",,validated,https://numismatics.org/crro/id/rrc-504.1,https://numismatics.org/crro/id/rrc-504.1,True,
Iunia,17,Crawford 502/2,crawford,AR,,M. Iunius Brutus / L. Plaetorius Cestianus,43 BC,Veiled female bust right; legend around including PRO,"Sacrificial implements: tripod, axe, patera; Q.CAEPIO.BRVTVS.PRO.COS around",right,Orsini notes the sacrificial instruments on the reverse indicate Brutus's role as Pontifex and sacerdotal authority. Struck by L. Plaetorius Cestianus.,,validated,https://numismatics.org/crro/id/rrc-502.2,http://numismatics.org/collection/1937.158.334,,
Iunia,18,Crawford 502/4,crawford,AR,,L. Sestius (pro quaestor) and Q. Caepio Brutus (pro cos.),43–42 BC,"Priestly implements: axe (securis), simpulum (jug), knife (secespita); BRVTVS·PRO·COS and Q·CAEPIO text",Tripod on three legs; L·SESTI text below,,"Orsini notes L. Sestius as ProQuaestor under Brutus and says that details about him will be given under the Seftia gens ('De L. autem SESTIO item ProQuaestore, dicetur in Seftia'). He cites Cicero Philippics lib. II on the Quaestors and legates appointed to Brutus and Cassius. Orsini does not specify Macedonia as the location for this coin.",,validated,https://numismatics.org/crro/id/rrc-502.4,http://numismatics.org/collection/1944.100.4549,True,
Iunia,19,Crawford 450/3a,crawford,AR,,D. Iunius Brutus Albinus,48 BC,Bearded male portrait head right; POSTVMVS / COS around,Wreath enclosing legend; ALBINVS / BRVT.F inside wreath,right,"Orsini (p. 131) states that D. Iunius Brutus was adopted by 'A. POSTVMIO BRVTII F.' (A. Postumius, son of Brutus) and thereby called ALPINVS ('ALPINVS dictus est'). The adopter is Postumius son of Brutus, not 'A. Postumius Albinus.' The adopted cognomen is ALPINVS (not Albinus). Orsini cites Plutarchus (in Caesare) for D. Brutus Albinus's character and closeness to Caesar.",,validated,https://numismatics.org/crro/id/rrc-450.3a,https://numismatics.org/collection/1944.100.3290,,
Iunia,20,Crawford 450/1,crawford,AR,,D. Iunius Brutus Albinus,48 BC,Helmeted head of Mars right (crested helmet),"Sacrificial implements: capis (jug) above, crossed securis (axe), knife and aspergillum (sprinkler) below; ALBINVS and BRVTI around",right,"Orsini cites Plutarch (Caesar) describing D. Brutus Albinus as one who kept a gladiatorial troop ('gladiatorum manu, quos ad exhibendos Romanis ludos alebat, munitum') and whom Caesar trusted. He says nothing about Gallic shields or carnyces on this coin.",,validated,https://numismatics.org/crro/id/rrc-450.1,https://numismatics.org/collection/1937.158.253,,
Iunia,21,Crawford 450/2,crawford,AR,,D. Iunius Brutus Albinus,48 BC,Female head right (Pietas); PIETAS behind,Two joined hands holding caduceus; ALBINVS.BRV.T.F below,right,Orsini says the caduceus and joined hands (manus iunctae) are the symbol of Concordia ('Concordiae symbolum') and were placed on the second and third coins of this group to indicate the conspiracy among Caesar's assassins. He says nothing about a 'Pietas head' on the obverse.,,validated,https://numismatics.org/crro/id/rrc-450.2,https://numismatics.org/collection/1948.19.223,,
Iunia,22,Crawford 451/1,crawford,AR,,D. Iunius Brutus Albinus / C. Vibius Pansa,48 BC,Head of Pan right with goat horns; C.PANSA behind,Two clasped right hands holding a winged caduceus; ALBINVS·BRVTI·F around,right,"Orsini mentions C. Vibius Pansa only in the context of his consulship year ('Brutus & C. Cassius Praetores erant, D.Brutus Cos.designatus'), cited from Velleius. He says nothing about a Pan or Faunus head or pastoral imagery on this coin.",,validated,https://numismatics.org/crro/id/rrc-451.1,https://gallica.bnf.fr/ark:/12148/btv1b10452419z,True,
Iunia,23,"Renaissance fantasy / pasticcio bearing BRVTVS·IMP — no genuine ancient prototype (Caesarian globe-reverse of L. Mussidius Longus, Crawford 494/39 = Babelon Mussidia 58)",,AR,,L. Plaetorius Cestianus (for Brutus),43–42 BC,Helmeted head of Roma right (generic Republican obverse),"Globe, caduceus, and ship’s rudder; legend BRVTVS·IMP",right,"Orsini (Familiae Romanae, p. 132, “Quintus denarius”) attributes this denarius to M. Brutus, reading the globe, caduceus and ship’s rudder as “orbis terrarum pace.” No genuine coin of M. Brutus bears this type. The globe-rudder-caduceus reverse belongs to L. Mussidius Longus (Crawford 494/39 = Babelon, Mussidia 58: head of Caesar / rudder, globe, cornucopia, winged caduceus, apex), where the globe is a Caesarian symbol of the calendar reform; the coinage of Brutus contains no globe or comparable motif (verified against Babelon, gens Iunia). The engraving therefore records a Renaissance fantasy or pasticcio — the Caesarian/Mussidian globe-reverse (minus its cornucopia) paired with a generic Roma head and relabelled BRVTVS·IMP, internally incoherent in its symbolism and unrecorded in any catalogue. It is the one entry in the corpus with no genuine ancient prototype. Moreover, genuine BRVTVS·IMP issues always name the magistrate who struck them — Brutus’s lieutenants in the East before Philippi (Babelon: Lentulus Spinther, Flavius Hemicillus, Pedanius Costa, L. Plaetorius Cestianus, M. Servilius, C. Servilius Casca), all represented in this corpus under their own gentes (Cornelia 26, Flavia 2, Pedania 1, Plaetoria 7–8, Servilia 1/9) and among the genuine Brutus coins of this very plate (Iunia 11–22). The present piece names no magistrate at all — a further mark of fabrication. The mistake here is the forger’s, not Orsini’s: he recorded in good faith a fabrication already circulating in a sixteenth-century cabinet — so this piece stands apart from his own identification errors.","Orsini accepts and records as M. Brutus’s a coin he could have recognised as spurious: a generic Roma head with BRVTVS·IMP and Caesar’s globe-emblem, a combination foreign to all genuine Brutus coinage. The fabrication is the forger’s, but recording it uncritically is Orsini’s lapse.",validated,,,,
Iunia,24,Crawford 542/1,crawford,AR,,M. Iunius Silanus (Augustan provincial),c. 25 BC,Bare male head right (portrait); DESE[RT] ANTO[NIVS].AVGVR.COS around,Inscription in field (no wreath): M.SILANVS.AVG / Q.PRO.COS,right,"Orsini attributes the sixth coin of the last Iunia plate to M. Iunius Silanus, who served as Antony's Quaestor ('M.IVNIO SILANO Antonii Quaestore percussus est'). He infers from the coin inscription that Silanus was an Augur and administered a province with proconsular power. Orsini does not connect this coin to the Manlii Torquati adoption discussion, which appears much earlier (p. 126).",,validated,https://numismatics.org/crro/id/rrc-542.1,http://numismatics.org/collection/1967.153.42,,
Labiena,1,Crawford 524/2,crawford,AR,,Q. Labienus Parthicus,40 BC,Male portrait head right; PARTHICVS around or similar legend,Horse standing right; A below or in field,right,"Orsini notes Q. Labienus was son of T. Labienus, Caesar's legate. He was sent to Orodes (the Parthian king) before the battle of Philippi; after the Republican defeat he remained with the Parthians, invaded Syria and Asia Minor with Parthian support, and took the cognomen Parthicus in a manner entirely contrary to Roman custom ('ratione a more Romano diuersissima'). Orsini cites Dio (lib. XLVIII) and Appianus (in Parthico) for this account. He does not state that Q. Labienus was defeated and killed in this section.",,validated,https://numismatics.org/crro/id/rrc-524.2,https://numismatics.org/crro/id/rrc-524.2,,
Licinia,1,Crawford 186/1,crawford,AE,,P. Licinius Nerva,113–112 BC,Janus bifrons (two-faced head back-to-back); I denomination mark,Prow right; L·MENA text; ROMA below,,"Orsini attributes this first (aereus) coin to L. Muraena (Murena): 'primus tabellae aereus numus cusus est, ut opinor, à L. MVRENA co, qui Consul fuit cum D. Iunio Silano anno DCXCI.' He derives the cognomen Muraena from the fish the Greeks call μύραινα, noting Varro lib. II cap. III de re rustica for the derivation.",,validated,https://numismatics.org/crro/id/rrc-186.1,http://numismatics.org/collection/1969.83.283,,
Licinia,2,Crawford 282/3,crawford,AR,,P. Licinius Crassus,118 BC,Helmeted head of Roma right; C·MALLE·C·F; X (value mark),"Naked bearded warrior (Bituitus) in biga right, hurling spear, holding shield and carnyx; L·LIC·CN·DOM below",right,"Orsini attributes to the Licinia gens, identifying this as an early denarius of P. Licinius Crassus. Notes the family had multiple branches: Murenae, Crassi, Nervae, and Stolones.",,validated,https://numismatics.org/crro/id/rrc-282.3,https://numismatics.org/collection/1944.100.564,,"American Numismatic Society (ANS 1944.100.564), CC BY-NC 4.0"
Licinia,3,Crawford 430/1,crawford,AR,,P. Licinius Crassus M.f.,55 BC,"Bare male head right (portrait, bald)","Warrior standing right holding a spear, a horse beside him; P·CRASSVS·M·F around",right,"Orsini attributes to P. Licinius Crassus M.f. (son of the triumvir M. Crassus), who served as Caesar's legate in Gaul with cavalry and later perished with his father at Carrhae.",,validated,https://numismatics.org/crro/id/rrc-430.1,https://numismatics.org/collection/1937.158.218,,
Licinia,4,Crawford 292/1,crawford,AR,,P. Licinius Nerva,113 BC,Helmeted head of Roma right; star or dot behind,"Three-arch voting scene (citizens voting); P.NERVA around, with figures on platform",,"Orsini discusses the Roman voting process illustrated on this coin in great detail, identifying the Septa (voting enclosures), Pontes (voting bridges made narrower by C. Marius, Tr.Pl. anno DCXXXIII, per Cicero lib. III de leg. and Plutarch in Mario), Cista (ballot box), and Diribitor (ballot distributor). He connects the legislation on the reverse to C. Marius, not to C. Licinius Macer. He also cites Nicolaus Grucchius on the Comitia, Plinius lib. XXXIII cap. II for the nine hundred ballot custodians, and Cicero post reditum in senatu for the Diribitor's function.",,validated,https://numismatics.org/crro/id/rrc-292.1,https://numismatics.org/collection/1944.100.597,,
Licinia,5,Crawford 454/1,crawford,AR,,A. Licinius Nerva,47 BC,Laureate head of Fides right; ·LICINI legend (no NERVA shown),"Horseman galloping right, dragging naked warrior by hair; A·LICINIVS III VIR",right,"Orsini places this A·LICINI issue under the Licinia gens based on the legend reading, treating the Fides head and horseman reverse as typical of the Augustan period's moral imagery. His identification of the specific Licinius moneyer remains uncertain.",,validated,https://numismatics.org/crro/id/rrc-454.1,https://numismatics.org/collection/1944.100.3297,,
Licinia,6,Crawford 454/1,crawford,AR,,A. Licinius Nerva,47 BC,"Laureate head right (Salus per Orsini); SANCT[ITAS] above left, A·LICINI above, FIDES before","Horseman galloping right wielding spear; III·VIR above, NERVA below",right,"Orsini places this A·LICINI issue alongside coin 5 as the fifth and sixth denarii of the plate, stating both 'potest ad A. LICINIVM NERVAM eum pertinere, qui anno DL XXXII. in Cretam primò, deinde triennio pòst in Macedoniam ad exercitus uisendos Legatus missus est,' but immediately adds: 'Alii ad A. LICINIVM NERVAM SILIANVM referunt, qui Cos. fuit cum Q. Caecilio Metello Cretico Silano anno DCCLIX.' Orsini leaves the identification between A. Licinius Nerva and A. Licinius Nerva Silianus explicitly open. He discusses the Apollo head and Fides/Salus imagery in the context of Apollinares ludi, and describes De Fidei simulacro with reference to Horace Odes I.35.",,validated,https://numismatics.org/crro/id/rrc-454.1,https://numismatics.org/crro/id/rrc-454.1,,
Licinia,7,RIC I Augustus 388,ric,AE,,Licinivs,16-15 BC,Bare male head right (imperial portrait); legend around including CAESAR.AVGVSTVS,Large S C (Senatus Consulto) in center; legend around including LICINIVS,,"Orsini identifies A. Licinius Nerva Silianus as 'qui triumuir sub Augusto primum huius tabellae nummum aereum cufit,' noting he was adopted by P. Silius ('à P. Silio adoptatum') and served as consul anno DCCLIX (not DCLIX).",,validated,https://numismatics.org/ocre/id/ric.1(2).aug.388,https://numismatics.org/collection/1953.171.320,,
Licinia,8,RIC I (2nd ed.) Augustus 345,ric,AE,,P. Licinius Stolo,17 BC,Oak wreath (between laurel branches) enclosing OB / CIVIS / SERVATOS,Large S C; P·LICINIVS·STOLO·IIIVIR·A·A·A·F·F around,,"P. Licinius Stolo, triumvir monetalis 17 BC (RIC I² Augustus 345): sestertius with the civic oak-wreath OB CIVIS SERVATOS / large S C, P·LICINIVS·STOLO·IIIVIR·A·A·A·F·F. (Distinct from RIC 346, the AVGVSTVS·TRIBVNIC·POTEST dupondius of the same moneyer.)",,validated,https://numismatics.org/ocre/id/ric.1(2).aug.345,https://numismatics.org/collection/1944.100.38375,,
Licinia,9,RIC I Augustus 344,ric,AR,,P. Licinius Stolo,17 BC,Horseman right (equestrian figure); AVGVSTVS.DIVI.F around,Conical object (meta or cippus) between two arches/shields; P.STOLO / III.VIR below,,"Orsini notes that from the impressions on the reverse of the third and fifth denarii of this plate (the ancilia and apex), one may conjecture — his word is 'coniicere' — that P. Licinius Stolo was one of the twelve Salii, or that one of his ancestors was ('unum ex duodecim Saliis eum fuisse, uel maiorum suorum aliquem'). He reasons from the fact that the ancilia are Salian shields. He then cites Lucanus lib. I ('Et Salius laeto portans ancylia collo') and Sex. Pompeius on the ancilia's form, and quotes Lucanus lib. IX on the patrician Salii. The Salian connection is explicitly conjectural, not asserted.",,validated,https://numismatics.org/ocre/id/ric.1(2).aug.344,https://numismatics.org/ocre/id/ric.1(2).aug.344,,
Licinia,10,Crawford 354/1,crawford,AR,,C. Licinius L.f. Macer,84 BC,Female head right,Charioteer (Minerva) in fast quadriga right; C·LICINIVS·L·F / MACER below,,"Orsini attributes to C. Licinius Macer, noting Plutarchus calls him an orator accused de pecuniis repetundis. When convicted, he committed suicide rather than face exile. Valerius Maximus gives a variant account.",,validated,https://numismatics.org/crro/id/rrc-354.1,https://numismatics.org/collection/1948.19.109,,
Licinia,11,RIC I Augustus 343?,ric,AR,,P. Licinius Stolo,17 BC,Single bare male head right; AVGVSTVS / TR·POT legend around,Conical object (meta) between two shields or arches; P.STOLO / III.VIR below,,Orsini notes the ancilia (Salii shields) reference the sacred shields of the Salii priesthood. The apex and ancilia signify priestly office connected to Numa Pompilius's institution of the Salii.,,validated,https://numismatics.org/ocre/id/ric.1(2).aug.343,https://numismatics.org/ocre/id/ric.1(2).aug.343,,
Licinia,12,Crawford 460/4,crawford,AR,,P. Licinius Nerva,113-112 BC,"Lion-headed Genius terrae Africae standing, holding ankh; G·T·A Q·METEL·PIVS SCIPIO·IMP text","Victory standing left, holding caduceus and patera; P·CRASSVS·IVN LEG·PRO·PR text",right,"Orsini discusses this African campaign issue in the context of the Pompeian faction's political messaging, treating the Concordia and Pax imagery as reflecting the Republican cause's claims to constitutional harmony. He identifies P. Licinius Crassus's role as Scipio's legate propraetor and discusses his adoption from the Iunia family.",,validated,https://numismatics.org/crro/id/rrc-460.4,https://numismatics.org/collection/1937.158.266,,
Licinia,13,Crawford 460/2,crawford,AR,,P. Licinius Crassus Iunior / Q. Caecilius Metellus Pius Scipio,47-46 BC,"METEL·PIVS / SCIP·IMP: Bust of Jupiter right, hair tied with band; below, eagle's head and sceptre. Border of dots.","CRASS·IVN / LEG·PRO·PR: Curule chair; above, scales balanced on a cornucopia; on left, corn-ear; on right, dragon's head. Border of dots.",right,"Orsini treats this coin with the others of the African campaign series ('HVIVS tabellae denarii, non est dubium quin à P. LICINIO CRASSO IVNIANO signati in Africa sint'). The SCIPIO·IMP / METELP legend connects to Scipio Metellus commanding in Africa. Orsini makes no mention of an elephant on this coin.",,validated,https://numismatics.org/crro/id/rrc-460.2,http://numismatics.org/collection/1944.100.3307,,
Licinia,14,Crawford 460/3,crawford,AR,,P. Licinius Crassus Iunior / Q. Caecilius Metellus Pius Scipio,47 BC,"Turreted head of Genius Terrae Africae (Africa) right, corn-ear before; CRASS·IVN / LEG·PRO·PR around.","Trophy of arms; on left, lituus; on right, jug (praefericulum); METEL·PIVS / SCIP·IMP around.",,"Orsini attributes to P. Licinius Crassus Iunior as Scipio's legate Pro Praetore in Africa. Notes Crassus was born into the Iunia family but adopted by P. Licinius, and was called Crassus Iunianus after the adoption formula.",,validated,https://numismatics.org/crro/id/rrc-460.3,https://gallica.bnf.fr/ark:/12148/btv1b104262112,True,
Livineia,1,Crawford 494/29,crawford,AR,,L. Livineius Regulus,42 BC,"Head right, bare",Modius with wheat ears; REGVLVS below,right,"Orsini identifies L. Livineius Regulus as IIIvir monetalis and son of L. Regulus. Notes he was also Aedilis Curulis, as indicated by the curule chair and modius types on several of his coins.",,validated,https://numismatics.org/crro/id/rrc-494.29,https://numismatics.org/collection/1921.56.8,,
Livineia,2,Crawford 494/30,crawford,AR,,L. Livineius Regulus,42 BC,"Head of man right, bare","Hunt/venatio scene: animals and figures in combat (no single standing Diana, no bow); REGVLVS in exergue",right,"Orsini infers from the animal-combat scene that Regulus staged venationes during his aedileship ('quem Aedilem Curulem fuisse, ex iis quae in altera parte... expressa sunt, intelligere possumus'). He does not cite Pliny, and does not connect the scene to spectacles given by Caesar.",,validated,https://numismatics.org/crro/id/rrc-494.30,https://numismatics.org/collection/1944.100.4509,,
Livineia,3,Crawford 494/31,crawford,AR,,L. Livineius Regulus,42 BC,"Head of male figure right, bare; legend around","Two curule chairs (bisellium) between standards/columns under a triangular roof element; REGVLVS·F above, PRAEF·VR below",right,Orsini notes the PRAEF·VR inscription indicates Regulus also served as Praefectus Urbi. The curule chair and fasces denote his magistracy.,,validated,https://numismatics.org/crro/id/rrc-494.31,https://gallica.bnf.fr/ark:/12148/btv1b10453434w,,
Livineia,4,Crawford 494/27,crawford,AR,,L. Livineius Regulus,42 BC,"Bare male head right; REGVLVS above, PR below","Ceremonial curule seats with two upright torches; L·LIVINEIVS above, REGVLVS below",right,Orsini reads this as another die variant of the L. Livineius Regulus aedilician series. He does not cite Pliny for the spectacle scenes; Pliny does not appear in the Livineia section.,,validated,https://numismatics.org/crro/id/rrc-494.27,https://gallica.bnf.fr/ark:/12148/btv1b10436301b,,
Livineia,5,Crawford 494/28,crawford,AR,,L. Livineius Regulus,42 BC,Bare male head right (portrait),Bisellium on platform; L.LIVINEIVS / REGVLVS below,right,"Orsini reads the PRAEF·VR inscription as confirming the Praefectura Urbi ('Eundem autem Regulum Vrbis etiam Praefectum aliquando fuisse, ex tertii denarii inscriptione apparet'). The seat shown is a Curuli sella (curule chair), not a bisellium.",,validated,https://numismatics.org/crro/id/rrc-494.28,https://numismatics.org/collection/1944.100.4505,,
Livineia,6,Crawford 494/24,crawford,AR,,L. Livineius Regulus,42 BC,Male head right with attributes (possibly laureate); caduceus behind,Bull charging right; L.LIVINEIVS / REGVLVS below,right,Orsini interprets the bull as referencing venationes (beast hunts) staged during L. Livineius Regulus's aedileship under Caesar.,,validated,https://numismatics.org/crro/id/rrc-494.24,https://gallica.bnf.fr/ark:/12148/btv1b104363215,,
Livineia,7,Crawford 494/25,crawford,AR,,L. Livineius Regulus,42 BC,Bare head of Octavian (Caesar) right; C·CAESAR·III·VIR·R·P·C (IIII·VIR / CAESAR) around.,"Victory standing right, holding wreath and palm-branch; L·LIVINEIVS / REGVLVS around.",right,"Orsini notes this denarius pertains to L. Livineius Regulus, son of L. Regulus, whom he considers the same person described by Cornelius Tacitus and Dio.",,validated,https://numismatics.org/crro/id/rrc-494.25,https://gallica.bnf.fr/ark:/12148/btv1b104363304,,
Livineia,8,RIC I (2nd ed.) Augustus 423,ric,AE,,L. Livineius Regulus / P. Sulpicius Plautius Hericlianus / C. Plotius Rufus,15 BC,Clasped right hands holding a caduceus; REGVLVS PVLCHER around,Large S C; III·VIR·A·A·A·F·F around,,"Orsini attributes this bronze to L. Livineius Regulus, noting the animal (lion or panther) may also commemorate arena spectacles. Tacitus lib. III mentions Livineium Regulum as accused in Germanicus's death.",,validated,https://numismatics.org/ocre/id/ric.1(2).aug.423,http://numismatics.org/collection/1975.114.4,,
Livia,1,Crawford 355/1,crawford,AE,,L. Cassius and L. Livius Salinator,206-195 BC,"Head of Janus left and right, bearded","Prow of galley right; C·CASSI above, C·SALIN below",,"Orsini notes only one coin of the Salinator family appears in this tabella, as a bronze (aereus nummus). The coin legend reads C·CASSI / L·SALIN (visible in plate). Livy lib. XXXIX mentions a Livius who invented the cognomen Salinator by imposing a salt tax during a censorship. Orsini cannot identify which L. Salinator struck this coin.",,validated,https://numismatics.org/crro/id/rrc-355.1,http://numismatics.org/collection/1944.100.1002,,
Lollia,1,Crawford 473/2,crawford,AR,,M. Lollius Palicanus,45 BC,Male head right (portrait); HONORIS behind,Bisellium or sella curulis on platform; PALIKanvs around,right,"Orsini attributes to M. Lollius Palicanus, tribune of the plebs whom Valerius Maximus calls a seditious man. The Rostra on the reverse reference the speaker's platform in the Forum where Palicanus agitated for restoration of tribunician power.",,validated,https://numismatics.org/crro/id/rrc-473.2,https://numismatics.org/crro/id/rrc-473.2,,
Lollia,2,Crawford 473/1,crawford,AR,,M. Lollius Palicanus,45 BC,Female head right (Libertas); LIBERTAS around,Rostra (speaker's platform) with ship prow; PALIKANUS below,right,Orsini notes the Libertas head and Rostra celebrate the restoration of tribunician power under Pompey. Livy and Varro describe the Rostra as a platform adorned with ship prows captured from enemies.,,validated,https://numismatics.org/crro/id/rrc-473.1,https://numismatics.org/crro/id/rrc-473.1,,
Lucilia,1,Crawford 324/1,crawford,AR,,M. Lucilius Rufus,101 BC,Helmeted head of Roma right,Victory in biga right; M.LVCILI below,right,Orsini tentatively identifies M. Lucilius Rufus as possibly the tribune of the plebs who proposed making Pompey dictator (Plutarch in Pompeio). He separately notes a different Lucilius ('alterius Lucilii') who at Philippi offered himself to the enemy in place of Brutus (Plutarch in Bruto and Antonio) — Orsini does not assert these are the same person. The marks A.PV. signify argento publico ('significant argento publico').,,validated,https://numismatics.org/crro/id/rrc-324.1,https://numismatics.org/crro/id/rrc-324.1,,
Lucretia,1,Crawford 237/1,crawford,AR,,Cn. Lucretius Trio,136 BC,"Head of Roma left, helmeted","The Dioscuri on horseback right; CN LVCR in exergue, ROMA below",,"Orsini attributes to Cn. Lucretius Trio and suggests the cognomen Trio derives from the Triones (the seven stars of Ursa Major/the Plough), which appear on the later coins of this family.",,validated,https://numismatics.org/crro/id/rrc-237.1,https://numismatics.org/crro/id/rrc-237.1,,
Lucretia,2,Crawford 390/1,crawford,AR,,L. Lucretius Trio,76 BC,Radiate head of Sol right,"Crescent moon with stars around; TRIO above, L·LVCRETI below",right,"Orsini explains the seven stars represent the Triones (Septentriones/Ursa Major), a punning reference to the cognomen Trio. Varro in De Lingua Latina explains the etymology of Triones from ploughing oxen.",,validated,https://numismatics.org/crro/id/rrc-390.1,https://gallica.bnf.fr/ark:/12148/btv1b104363806,,
Lucretia,3,Crawford 390/1,crawford,AR,,L. Lucretius Trio,76 BC,Laureate male head right,Crescent moon above; stars around; TRIO in center,right,"Orsini discusses the Triones (the seven stars of Ursa Major) imagery on this L. Lucretius Trio coin, citing Varro's De Lingua Latina for the etymology of Triones from ploughing oxen (tri + ones), and referencing Homer and Agellius (Aulus Gellius) for descriptions of the seven stars near the celestial pole. He derives the moneyer's cognomen Trio from this constellation.",,validated,https://numismatics.org/crro/id/rrc-390.1,https://numismatics.org/crro/id/rrc-390.1,,
Lucretia,4,Crawford 390/2,crawford,AR,,L. Lucretius Trio,76 BC,Laureate head of Neptune right; trident behind; control numeral above,Infant Genius (Cupid) seated on dolphin right; L·LVCRETI / TRIO,right,"Orsini notes Neptune with trident and Cupid on dolphin on this coin but explicitly states he is uncertain what they signify ('mihi quidem incertum quò spectent'). He tentatively suggests, since the same types appear on M. Cordius Rufus's denarius and others, that they may indicate the Julian family's origin ('in Caesaris gratiam, ad indicandam Iuliae gentis originem'). He does not say 'from Venus through the sea.'",,validated,https://numismatics.org/crro/id/rrc-390.2,https://numismatics.org/crro/id/rrc-390.2,,
Luria,1,RIC I Augustus 427,ric,AE,,P. Lurius Agrippa,7 BC,Bare male head right (imperial portrait); CAESAR.AVGVSTVS.PONT.MAX around,Large S C in center; MVNIFICAG[...].III.VIR around,,Orsini identifies M. Lurius as IIIvir monetalis under Augustus; Dio lib. XLVIII records him as governor of Sardinia. Tacitus lib. XII also mentions the gens. Marble inscriptions record M. LVRIVS TRIARIVS and M. LVRIVS TREPTVS.,,validated,https://numismatics.org/ocre/id/ric.1(2).aug.427,https://numismatics.org/collection/1906.236.196,,
Lutatia,1,Crawford 305/1,crawford,AR,,Q. Lutatius Cerco,109-108 BC,Helmeted head right (Roma); ROMA behind; CERCO below,Ship or galley; Q.LVTATI / Q below,right,"Orsini's friend ('amicus meus') proposed that the two sides of this coin refer to two brothers: Q. Lutatius Cerco (consul who triumphed at Falisceis anno DXII) and C. Lutatius Catulus (Procos. naval victory over the Carthaginians from Sicily, same year). Orsini presents this as his friend's view ('amicus meus existimabat'), not his own settled interpretation. He suggests the coin may have been struck by C. Lutatius Cerco (legatus to Alexandria anno DLXXX, Livy lib. XLII) to celebrate Caius's naval and Quintus's terrestrial victories at Falisceis.",,validated,https://numismatics.org/crro/id/rrc-305.1,https://numismatics.org/crro/id/rrc-305.1,,
Maecilia,1,RIC I (2nd ed.) Augustus 434,ric,AE,,M. Maecilius Tullus,7 BC,Bare head left; AVGVST PONT MAX TRIBVN around,Large SC in centre; legend around including M MAECILI... IIII VIR,,"Orsini attributes this bronze coin to M. MAECILIVS TVL LVS, noting uncertainty whether this Maecilius traces origin from the patrician branch of the gens (admitted under Tullus Hostilius per Dionysius lib. III) or from the plebeian branch numbered by Livy.",,validated,https://numismatics.org/ocre/id/ric.1(2).aug.434,https://ikmk.smb.museum/object?id=18202501,,
Maecilia,2,Crawford 249/1,crawford,AR,,P. Maenius M.f. Antias,132 BC,Helmeted head of Roma right; X (value mark) behind,"Victory driving quadriga right; P.MAEN below, ROMA in exergue",right,Orsini is uncertain whether this silver denarius belongs to the Maecilia gens or should be read as MAENIVS and referred to the Maenia gens; he notes the reading of the monogram is ambiguous.,,validated,https://numismatics.org/crro/id/rrc-249.1,https://numismatics.org/collection/1987.26.15,,
Maianeia,1,Crawford 203/1a,crawford,AR,,C. Maianius,153 BC,"Head of Roma right, helmeted","Victory (or charioteer) driving biga of two horses right; C·MINI below, ROMA in exergue",right,"Orsini identifies this silver denarius as belonging to the Maiania gens, which he equates with the Maenia found in the Capitoline Fasti; he cites an ancient Caeretan inscription as evidence for the family name.",,validated,https://numismatics.org/crro/id/rrc-203.1a,https://numismatics.org/collection/1944.100.305,,
Maianeia,2,Crawford 203/2,crawford,AE,,C. Maianius,153 BC,"Janiform head (double head) facing left and right, bare",Prow of ship right; C M INI above,,"Orsini attributes this bronze coin to C. Maianius and tentatively connects him to C. Mainium P.f.P.n., who triumphed as consul in year CDXV over the Antiatians, Lavinians ('Lauinieis'), and Veliternaeans, and was later recorded as Dictator II in year CDXXXIX in the Capitoline monuments.",,validated,https://numismatics.org/crro/id/rrc-203.2,https://numismatics.org/collection/1986.161.87,,
Mamilia,1,Crawford 362/1,crawford,AR,,C. Mamilius Limetanus,82 BC,Helmeted head of Mars or Mercury right; caduceus behind,Standing figure (Ulysses?) with staff beside column; C.MAMIL / LIMETA(N) around,right,"Orsini attributes this denarius to C. Mamilius Limetanus, explaining the Mamilia gens traced its origin from Mamilia, daughter of Telegonus (son of Ulysses and Circe), and identifies the reverse figure as Ulysses recognized by his dog after twenty years, following Homer.",,validated,https://numismatics.org/crro/id/rrc-362.1,https://numismatics.org/collection/1937.158.100,,
Mamilia,2,Crawford 360/1b,crawford,AR,,"P. Crepusius, C. Mamilius Limetanus, L. Marcius Censorinus",82 BC,Wreathed/draped head right; ...CENSORIN behind,"Venus in biga right, holding reins and goad; XXVIII above, C·LIMETA / P·CREPVSI below",right,"Orsini notes this denarius shows Ulysses with a pileus (cap), citing Nicomachus as the first to add the pileus to Ulysses; he also mentions C. Mamilius as Tribune of the Plebs from Sallust's Jugurthine War, and corrects the moneyer's name to C. Mamilius Limetanus from older readings.",,validated,https://numismatics.org/crro/id/rrc-360.1b,https://numismatics.org/crro/id/rrc-360.1b,,
Manlia,1,Crawford 309/1,crawford,AR,,L. Manlius Torquatus,113-112 BC,"Helmeted head of Roma right (plume each side); SER, ROMA","Sol in quadriga facing; star on either side, crescent at right, waves below; reverse legend A·MANLI·Q·F (NO TORQ); X (value mark)",right,"Orsini attributes this denarius to A. Manlius, identifying him as the son ('filius') of Q. Manlii Thurini (Livy lib. XXVIII; Quintilian lib. II), who was Praetor Peregrinus in year DXLV and Aedilis plebis in year DXLVI. He notes the SER mark on the reverse may indicate SERRATVS (serrated coinage), citing Tacitus on the Germans' esteem for serrate coins.",,validated,https://numismatics.org/crro/id/rrc-309.1,http://numismatics.org/collection/1944.100.648,,
Manlia,2,Crawford 299/1b,crawford,AR,,"T. Manlius Mancinus, Ap. Claudius Pulcher, Q. Urbinius",111 BC,Helmeted head of Roma right; X behind,Victory in triga right; T·MAL·AP·CL·Q·VR in exergue,right,"Orsini reads the legend as T. MANLIVS and suggests this moneyer may be a contemporary and relative of Cicero, possibly identifiable with the T. Manlius mentioned by Cicero in Brutus as consul.",,validated,https://numismatics.org/crro/id/rrc-299.1b,https://numismatics.org/collection/1944.100.625,,"American Numismatic Society (ANS 1944.100.625), CC BY-NC 4.0"
Manlia,3,Crawford 367/5,crawford,AR,,L. Manlius Torquatus (proquaestor for Sulla),82 BC,Helmeted head of Roma right; ROMA and L.MANLI (PRO Q) legend,Figure in quadriga right; L.SVLLA.IMP below,right,"Orsini identifies L. Manlius as Sulla's ProQuaestor ('Sullae ProQuaestore'), citing Livy in epitome lib. XL, and discusses the episode of Q. Sertorius's proscription in further Spain. He does not discuss the SER inscription in connection with this coin.",,validated,https://numismatics.org/crro/id/rrc-367.5,https://numismatics.org/collection/1944.100.1490,,
Manlia,4,Crawford 295/1,crawford,AR,,L. Manlius Torquatus,82 BC,"Helmeted head of Roma right; ROMA behind, X below","Warrior on horseback galloping right; torque device above; L·TORQVA above, EX·S·C below",right,"Orsini notes that the fourth and fifth denarii both belong to L. TORQVATVS, consul in year DCLXXXVIII with L. Cotta. He discusses the Torquatus cognomen's origin from T. Manlius, who took the golden torque from a Gaul in single combat at the River Anio in year CCCXCII (citing Livy, Plutarch in Mario, Cicero de officiis lib. III and de finibus). He notes that on both denarii the torque device refers to this cognomen.",,validated,https://numismatics.org/crro/id/rrc-295.1,http://numismatics.org/collection/1992.41.11,,
Manlia,5,Crawford 411/1a,crawford,AR,,L. Manlius Torquatus,65 BC,Head of Sibyl right; SIBVLLI below,Tripod with stars above; L.TORQVAT / III.VIR around,right,"Orsini notes that the Sibyl's image on one side and a tripod on the other of this fifth denarius allow the conjecture ('possumus suspicari') that L. Torquatus was an XVuir sacris faciundis, since the Sibylline books were guarded by the XVuiri and could not be consulted without senatorial decree, as attested by Cicero, Valerius Maximus, Lactantius, Suetonius in Caesare, and others. He also notes that Sibyls were accustomed to prophesy from a tripod sacred to Apollo.",,validated,https://numismatics.org/crro/id/rrc-411.1a,https://numismatics.org/collection/2002.46.449,,
Marcia,1,Crawford 425/1,crawford,AR,,L. Marcius Philippus,56 BC,Diademed head of Ancus Marcius right; lituus/symbol behind; PHILIPPVS legend,"Horseman galloping right with spear; L.PHILIPPVS below, flower/star symbols",right,"Orsini attributes this to L. Philippus, identifying the obverse head as King Ancus Marcius and the reverse as the Aqua Marcia aqueduct, which he says the family claimed Ancus had built; he cites Frontinus and Pliny on the aqueduct's history.","Orsini identifies obverse as Apollo; actually Ancus Marcius (diademed), per Crawford 425/1.",validated,https://numismatics.org/crro/id/rrc-425.1,https://numismatics.org/collection/1937.158.200,True,
Marcia,2,Crawford 425/1,crawford,AR,,L. Marcius Philippus,56 BC,"Head of Roma right, helmeted with plume",Horseman galloping right; L·PHILIPPVS on tablet below,right,"Orsini attributes this second denarius to the same L. Philippus as coin 1. One side shows the same equestrian honor voted to Q. Marcius; the other side shows the image of L. Marcius Censorinus, from whose head a flame shone while he harangued troops in Spain (Livy lib. XXV, Valerius Maximus lib. I cap. VI, Pliny lib. II cap. CX).",,validated,https://numismatics.org/crro/id/rrc-425.1,https://numismatics.org/collection/1937.158.200,True,
Marcia,3,Crawford 293/2,crawford,AE,AR→AE,L. Marcius Philippus,56 BC,Head of Hercules right; three pellets (quadrans mark) behind; L·PHILIPPVS,Prow right; rooster above; three pellets before; ROMA below,right,"Orsini identifies this bronze coin ('tertius aereus nummus') as belonging to the same Philippus who was Augustus's stepfather ('Augustui uitricus fuit') and consul with Cn. Lentulus Marcellinus in year DCXCVII, noting also that the coin may refer to his father L. Philippus Q.f., who was first a legate of Sulla, occupied Sardinia after expelling Q. Antonius, and was later consul in year DCLXII (Livy lib. LXXXVI; Cicero pro P. Quintio, pro L. Murena, in Philipp. lib. XI).",,validated,https://numismatics.org/crro/id/rrc-293.2,https://numismatics.org/collection/2011.79.109,,
Marcia,4,Crawford 259/1,crawford,AR,,Q. Marcius Philippus,129 BC,"Head of Roma right, helmeted with wing decoration; X behind","Single horseman galloping right; Q·PILIPPVS above, ROMA in exergue",,"Orsini attributes this denarius to Q. Philippus, who was consul twice: first with Sp. Postumius Albinus in year DLXVII, then with Cn. Servilius Caepio in year DLXXXIIII, and was later Censor with L. Aemilius Paullus. The reverse shows Castor on horseback ('Castor equo insidens'), with Orsini citing Horace ('Castor gaudet equis') and Homer (Iliad lib. III; Odyssey lib. II) on Castor's association with horses.",,validated,https://numismatics.org/crro/id/rrc-259.1,https://numismatics.org/collection/1963.31.39,,
Marcia,5,Crawford 363/1d,crawford,AR,,L. Marcius Censorinus,82 BC,"Head of Apollo right, laureate",Nude male figure (Marsyas) standing with right arm raised beside a tall column surmounted by a small statue; L·CENSOR around,right,"Orsini attributes this fifth denarius to L. Marcius Censorinus, consul in year DCCXIIII with C. Calvisius Sabinus, who triumphed from Macedonia on the Kalends of January. Orsini connects 'CONGIARVM populo ab Anco datum' (a grain distribution Ancus gave the people, Pliny lib. XXXI cap. VII) and the 'ACROSTIRIVM nauis' (a ship's ram) to L. Censorinus, who commanded the fleet against Carthage (Appian in Libyco). He also discusses the moneyer's role in publicizing Marcian family monuments.",,validated,https://numismatics.org/crro/id/rrc-363.1d,https://numismatics.org/collection/1010.1.86,,
Marcia,6,Crawford 360/1b,crawford,AR,,"P. Crepusius, C. Mamilius Limetanus, L. Marcius Censorinus",82 BC,Female head right (veiled or diademed); L.CENS behind,Biga galloping right; XXIIII above; C.LIMET / P.CREPVSI in exergue,right,"Orsini notes that the reverse of this sixth denarius shows a VICTORIA placed on a column ('VICTORIA columnae imposita'), representing Marcian family monuments, but he explicitly leaves open to which Marcius it pertains — whether to King Ancus or to another member of the gens ('quae ignoratur ad quem pertineat Marciorum, ad Ancum ne regem, an ad alium eius gentis'). Orsini attributes coins 5 and 6 together to L. Marcius Censorinus, consul DCCXIIII.",,validated,https://numismatics.org/crro/id/rrc-360.1b,https://numismatics.org/collection/1941.131.163,,
Marcia,7,Crawford 346/3,crawford,AE,,C. Marcius Censorinus,88 BC,Two male heads jugate right (Numa Pompilius and Ancus Marcius); NVMA.POMPILI / ANCVS.MARCI around,Prow or galley right with stern ornament; C.CENSO / ROMA around,right,"Orsini identifies the two jugate heads as Kings Numa Pompilius and Ancus Marcius, from whom the Marcia gens claimed descent; the Marcii traced their lineage through Popilia, Numa's daughter, whose son was King Ancus.",,validated,https://numismatics.org/crro/id/rrc-346.3,https://numismatics.org/collection/1944.100.953,,
Marcia,8,Crawford 346/4,crawford,AE,,C. Marcius Censorinus,88 BC,Two male heads jugate right (Numa and Ancus); NVMA.POMPILI / ANCVS.MARCI around,Prow right; C.MRCI / CENSO around,right,"Orsini attributes this bronze to C. Censorinus (triumuir sub Augusto), noting it shows the jugate heads of Kings Numa and Ancus. He explains that the first two bronze coins and sixth coin of the second plate also show the Ostia colony monument ('Ostiae quoque coloniae, quam anno CXXVII Ancus deduxit, monumentum expressit'), citing Livy lib. I and Strabo lib. V.",,validated,https://numismatics.org/crro/id/rrc-346.4,https://numismatics.org/collection/1944.100.954,,
Marcia,9,Crawford 346/1,crawford,AR,,C. Marcius Censorinus,88 BC,Single bearded male head right,Single horseman (desultor) galloping right; C·CENSOR below,right,"Orsini attributes this silver denarius to C. Censorinus (triumuir sub Augusto), noting that the third and fourth coins of this plate show circus victory types: equestrian ('equo singulari') and biga racing victories, which C. Censorinus placed on these coins to celebrate his progenitors' monuments. Orsini is uncertain which ancestor's victories are depicted and notes the Victoria column's referent is also unclear ('Victoriae columnae impositae... ignoratur ad quem pertineat'). Documented Orsini misattribution: these circus-victory reverses have no certain ancient source identifying the specific Marcius honored.",,validated,https://numismatics.org/crro/id/rrc-346.1,http://numismatics.org/collection/1010.1.80,,
Marcia,10,Crawford 346/2,crawford,AR,,C. Marcius Censorinus,88 BC,Female head right (Apollo per Orsini) (diademed or laureate); fillet behind,"Horse galloping; above, two apices each surmounted by a star; C·CENSOR in exergue",right,"Orsini treats this coin (the fourth of the second Marcia plate) together with coin 9 as circus-victory types: 'Tertio quoque & quarto denario Marcii alicuius de ludicris Circensibus equo singulari & bigis partas uictorias designari arbitror, quas C. Cenforinus triumuir sub Augusto, ut progenitoris sui monumenta illustraret, in his nummis signauit.' Orsini does not describe the obverse type of this coin separately or name it as 'laureate Apollo.' The attribution is to C. Marcius Censorinus (triumuir sub Augusto) celebrating an ancestor's circus victories.",,validated,https://numismatics.org/crro/id/rrc-346.2,http://numismatics.org/collection/1944.100.948,,
Marcia,11,RIC I (2nd ed.) Augustus 325,ric,AE,AR→AE,C. Marcius Censorinus,18 BC,OB / CIVIS (within oak wreath); two laurel branches flank,Large SC in centre; L.ARRV(N)TIVS... around; legend with M.MARC.CENSOR around border,,"Orsini attributes this coin to C. Marcius Censorinus (triumuir sub Augusto, consul DCCXLV with C. Asinius Gallus). Orsini confirms he was an Augur from the coin's own title and from a votive inscription found at Aquinum: 'C. MARCIO L.F. / CENSORINO. COS / AVGVRI. PATRONO. D.D.' He does not say Censorinus 'triumphed under Augustus'; no triumph is mentioned by Orsini for this Censorinus. Engraver metal note: Orsini's plate shows this coin in the bronze (AE) series consistent with an Augustan S.C. bronze.",,validated,https://numismatics.org/ocre/id/ric.1(2).aug.325,https://numismatics.org/collection/1944.100.38370,,
Marcia,12,Crawford 346/4,crawford,AE,,C. Marcius Censorinus,88 BC,Single bearded head right; NVMA·POMPILI legend around,"Two arches: spiral column with Victory under left, prow under right; C·CENSO / ROMA",right,"Orsini attributes this sixth bronze ('sexto item aereo') of the second plate to C. Censorinus (triumuir sub Augusto), noting it shows the heads of Kings Numa and Ancus together with the Ostia colony monument, as he established that Ancus founded the Ostia colony in year CXXVII. The reverse does not show a prow; the Ostia colony monument is the distinguishing feature.",,validated,https://numismatics.org/crro/id/rrc-346.4,https://numismatics.org/crro/id/rrc-346.4,,
Marcia,13,Crawford 215/1,crawford,AR,,Q. Marcius Libo,148 BC,"Head of Roma right, helmeted; X behind","The Dioscuri on horseback right; Q.MRC below, ROMA in exergue",right,"Orsini attributes this to Q. Marcius Libo, who struck as triumvir monetalis with C. Fabius and L. Rubrius (or L. Roscius); he notes the pileated Castores (Dioscuri) and victory quadriga on the reverse as standard Marcian types.",,validated,https://numismatics.org/crro/id/rrc-215.1,https://numismatics.org/collection/1923.999.2,,
Marcia,14,Crawford 283/1a,crawford,AR,,"Q. Marcius (C.f., L.n.)",118-117 BC,Helmeted head of Roma (winged helmet); X behind,"Victory driving a quadriga right; ROMA above, Q·M·C·F·L·R in exergue",,Orsini reads the legend as Q. Marcius with filiation C.f. L.n. and notes the LIBO cognomen also belongs to the Marcia gens as well as the Julia family; he finds no memorable mention of this moneyer in ancient writers.,,validated,https://numismatics.org/crro/id/rrc-283.1a,https://numismatics.org/collection/1944.100.569,True,
Marcia,15,"Crawford 215/2 — Q. Marcius Libo, 148 BC",crawford,AE,,Q. Marcius Libo,148 BC,"Single laureate/bearded head left (the engraving renders Janus as a single profile head, not janiform)","Ship/galley right; Q·MARC above, LIBO below",,,,validated,https://numismatics.org/crro/id/rrc-215.2,https://numismatics.org/crro/id/rrc-215.2,,
Maria,1,Crawford 378/1c,crawford,AR,,C. Marius C.f. Capito,81 BC,"Bust of Ceres right, draped; legend CAPIT",Ploughman with yoke of oxen left; legend C·MARI·C·F / S·C,right,"Orsini attributes this denarius to C. Marius C.f. Capito, who served as Pro Triumuir apparently ('ut uidetur') under Augustus. He notes that the colony scene on the reverse may represent either one of the colonies Augustus founded or Eporedia, which C. Marius founded as consul (Pliny lib. III cap. VI; Velleius lib. I), Eporedia having been founded 23 years after Marius's sixth consulship ('Post tres & uiginti annos in Vagiennis Eporedia...'). Orsini leaves the identification open ('uel... uel').",,validated,https://numismatics.org/crro/id/rrc-378.1c,https://numismatics.org/collection/2002.46.299,True,
Maria,2,Crawford 378/1c,crawford,AR,,C. Marius C.f. Capito,81 BC,"Bust of Ceres right, draped; CAPIT text visible",Ploughman with yoke of oxen left; LVIII number visible; C·MARI·C·F / S·C in exergue,right,"Orsini identifies the ploughing scene as a colonial foundation, attributing it to C. Marius C.f. Capito; he interprets the PRO III VIR inscription as Pro Triumvir rather than Pro Quaestor, correcting earlier misreadings.",,validated,https://numismatics.org/crro/id/rrc-378.1c,https://numismatics.org/collection/2002.46.299,True,
Maria,3,RIC I (2nd ed.) Augustus 397,ric,AR,,C. Marius Tromentina,13-12 BC,"Head of Augustus left, laureate",Two standing figures facing each other; Marcus and Agrippa,,,,validated,https://numismatics.org/ocre/id/ric.1(2).aug.397,https://www.britishmuseum.org/collection/object/C_2002-0102-4971,,
Maria,4,RIC I (2nd ed.) Augustus 399,ric,AR,,C. Marius C.f. Tro.,13 BC,"Head of Caesar left, laureate","Eagle standing with wings spread, head turned; C·MARIVS·C·F above, TRO·IIIVIR below",,,,validated,https://numismatics.org/ocre/id/ric.1(2).aug.399,https://numismatics.org/collection/1944.100.38339,,
Maria,5,RIC I (2nd ed.) Augustus 403,ric,AR,,C. Marius C.f. Tro.,13 BC,"Head of male figure right, laureate; legend around","Head of male figure right, laureate; legend around",,,,validated,https://numismatics.org/ocre/id/ric.1(2).aug.403,https://numismatics.org/collection/1955.22.8,,
Maria,6,RIC I (2nd ed.) Augustus 405,ric,AR,,C. Marius C.f. Tro.,13 BC,Head of Augustus bare right within oak-wreath; legend AVGVSTVS DIVI F,"Three heads right (Julia, Gaius Caesar, Lucius Caesar) with wreath above; legend C·MARIVS·TRO·IIIVIR",,,,validated,https://numismatics.org/ocre/id/ric.1(2).aug.405,https://numismatics.org/collection/1937.158.390,,
Memmia,1,Crawford 427/2,crawford,AR,,C. Memmius C.f.,56 BC,Laureate male head right (Saturn or Quirinus); QVIRINVS or SATVRNS around,"Ceres seated right on throne, holding torch and sceptre; C.MEMMI.C.F around; A.P.D.CERIA.MARVLLI.F behind",right,"Orsini identifies this as C. Memmius C.f.'s denarius, noting that Memmius as Aedile was the first to celebrate the Cerealia games with horse races in the Circus; he cites Dio lib. XLVII on the games and identifies the bearded head as Quirinus.",,validated,https://numismatics.org/crro/id/rrc-427.2,https://numismatics.org/collection/1908.89.12,,
Memmia,2,Crawford 427/1,crawford,AR,,C. Memmius C.f.,56 BC,Laureate head right; C·MEMMI·C·F around,"Trophy with captive at base; IMPERATOR on left, C·MEMMIVS on right",right,"Orsini attributes this second denarius to C. Memmius C.F. (Consul suffectus year DCCXIX), son of C. Memmius L.F. The Imperator title in the inscription belongs to the father (L. Memmius's son C. Memmius L.F.), who obtained the Imperator title from Bithynia after serving as Praetor with L. Domitius. Orsini discusses at length whether this C. Memmius or a different one was the patron of Lucretius who sent him De Rerum Natura.",,validated,https://numismatics.org/crro/id/rrc-427.1,https://numismatics.org/collection/1944.100.2624,,
Memmia,3,Crawford 313/3,crawford,AE,,L. Memmius,109-108 BC,Laureate head of Saturn right; S denomination mark behind,Prow right; L·MEMMI above; ROMA below,right,"Orsini attributes this bronze semis to L. Memmius and considers the remaining denarii of the plate to belong to L. Memmius, whom he identifies as a son of C. or L. Memmius based on the filiation in the legends.",,validated,https://numismatics.org/crro/id/rrc-313.3,http://numismatics.org/collection/2011.79.110,,
Memmia,4,Crawford 304/1,crawford,AR,,L. Memmius,109-108 BC,"Male head right, bare",The Dioscuri standing facing with horses; C.MEMMI around,right,"Orsini attributes this denarius to L. Memmius with the Dioscuri standing, and notes L. Memmius was among the noble orators listed by Cicero in Brutus; he discusses the Gemellus cognomen found in Cicero as possibly belonging to this branch.",,validated,https://numismatics.org/crro/id/rrc-304.1,https://numismatics.org/collection/1944.100.636,,
Memmia,5,Crawford 313/1b,crawford,AR,,L. Memmius Galeria,106 BC,Laureate bearded head of Saturn left; ROMA below,"Venus in biga right, holding sceptre and reins; Cupid above; L·MEMMI·GAL / ROMA in exergue",left,"Orsini reads GAL in coins 5–6 as L. Memmii cognomen, noting it differs maximally from GEM ('nota à GEM, diuerfissima notetur') and suspects a copyist transposed letters in Cicero's text so that GALLVS (or something similar) became GEMELLVS. He does not read GAL as the tribe Galeria.",,validated,https://numismatics.org/crro/id/rrc-313.1b,https://numismatics.org/collection/1899.999.12,,
Memmia,6,Crawford 313/1,crawford,AR,,L. Memmius Galeria,106 BC,Laureate head of Saturn left; text around,Jupiter holding sceptre and reins in galloping quadriga right; L·MEMMI below; GAL in exergue,left,"Orsini reads this as C. Memmius with the cognomen abbreviation, noting the inscription L.C. MEMMISI could refer to the two brothers C. and L. Memmius; he discusses whether the C. Memmius of this denarius is an otherwise unknown member of the gens.",,validated,https://numismatics.org/crro/id/rrc-313.1,https://numismatics.org/collection/2002.46.121,,
Mescinia,1,RIC I (2nd ed.) Augustus 358,ric,AR,,L. Mescinius Rufus,16 BC,Inscription in rectangular frame: IMP / CAES / AVG / S.COMM / CONS; AVGVSTVS.TRIBVNIC around,Inscription on cippus within laurel wreath: IOM / S.P.Q.R.V.S / PR.S.IMP.CAE / QVOD.PER.EV / R.P.IN.AMP / ATQ.TRAN / S.E,,"Orsini attributes this coin to L. Mescinius Rufus and notes its reverse inscription 'IMP. CAE. AVGV. COMM. CONS.' ('Imperatori Caesari Augusto communi consensu'), recording the vows of the Senate and People to Iuppiter Optimus Maximus for the safety of Emperor Caesar Augustus.",,validated,https://numismatics.org/ocre/id/ric.1(2).aug.358,http://numismatics.org/collection/1955.22.7,,
Mescinia,2,RIC I (2nd ed.) Augustus 351,ric,AR,,L. Mescinius Rufus,16 BC,Bare male head right,"Mars standing facing, head turned, holding spear and resting hand on parazonium/sword; small inscribed tablet at base; L.MESCINIVS RVFVS around",,"Orsini notes that coin 2 records only the vows for Augustus's return ('ea tantum nota notata sunt, quae pro reditu Augusti suscepta fuerunt'), with inscription 'S.P.Q.R. V.PR. R.ED. CAES.' Orsini does not describe a simpulum or FORTVNA REDVCI legend on this coin.",,validated,https://numismatics.org/ocre/id/ric.1(2).aug.351,https://numismatics.org/collection/1944.100.38336,,
Mescinia,3,RIC I (2nd ed.) Augustus 356,ric,AR,,L. Mescinius Rufus,16 BC,"Statue of Mars standing facing on a pedestal, holding spear and parazonium; L·MESCINIVS·RVFVS around",Bare male bust (Augustus) on a round shield within a laurel wreath; S·C·OB·R·P·CONS around,,"Orsini notes that coin 3 shows a signum Martis ('signi Martis') at its base, dedicated with the vow inscription 'S.P.Q.R. V.S.PRO. S. LT. R.ED. AVG.' (Senatus Populusque Romanus votum solvit pro salute et reditu Augusti), and that the column or base records a statue decreed by the Senate and People in common accord ('communi consensu Senatusque consulto statuam decretam fuisse intelligimus').",,validated,https://numismatics.org/ocre/id/ric.1(2).aug.356,https://numismatics.org/collection/1972.134.1,,
Mescinia,4,RIC I (2nd ed.) Augustus 355,ric,AR,,L. Mescinius Rufus,16 BC,Laureate head of Augustus left; LA(?)...IVS / AVGVSTVS around,Inscription in frame: IMP / CAE / AVG / LVD.S.E / SAEC around,,Orsini attributes this to L. Mescinius Rufus and identifies the SAECVLARE inscription as commemorating the Ludi Saeculares celebrated by Augustus; he cites Dio and Suetonius on the Secular Games and connects the columnar inscription to Politianus' observations.,,validated,https://numismatics.org/ocre/id/ric.1(2).aug.355,https://gallica.bnf.fr/ark:/12148/btv1b10442832v,,
Mettia,1,Crawford 480/2,crawford,AR,,C. Mettius,44 BC,"Head right, bare; legend around",Victory driving a galloping biga (two-horse chariot); M·METTIVS in exergue,right,"Orsini identifies this as the first of Mettius's denarii; he notes the obverse as Juno Sospita of Lanuvium ('Iunonem Sospitam, quae Lanuuii cum hasta, scutulo, calceolis repandis, & pelle caprina colebatur, signauit'). The Lanuvian serpent is not attributed to this coin but to the third.",,validated,https://numismatics.org/crro/id/rrc-480.2,http://numismatics.org/collection/1944.100.3628,True,
Mettia,2,Crawford 480/17,crawford,AR,,M. Mettius,44 BC,Wreathed head of Caesar right; CAESAR IMPER,"Venus standing left, holding Victory and sceptre, elbow on shield on globe; M·METTIVS",right,Orsini presents this as the second of Mettius's denarii ('in secundo'). He does not describe specific types for this coin beyond its being struck under Caesar as Dictator ('sub quo Dictatore quarto M. METTIVS hic (ut apparet) cudendae monetae praefuit'). No citation of Propertius is attached to this coin; the Propertius verses are cited for the third coin.,,validated,https://numismatics.org/crro/id/rrc-480.17,https://numismatics.org/collection/2002.46.494,True,
Mettia,3,Crawford 480/3,crawford,AR,,M. Mettius,44 BC,"Head of male figure right, bare","Standing draped figure facing/turned, holding object (simpulum/patera); M·METTI in field at right",right,"Orsini attributes this denarius to M. Mettius and notes Caesar mentions a Mettius in two places in De Bello Gallico lib. I, though the vulgate texts erroneously print M. Tittius; he corrects this from Vatican manuscript evidence.",,validated,https://numismatics.org/crro/id/rrc-480.3,https://numismatics.org/collection/1944.100.3630,,
Minatia,1,Crawford 470/1,crawford,AR,,M. Minatius Sabinus,46-45 BC,Laureate head right (portrait); legend around,"Three standing figures (central figure flanked by two); PR.Q above, M·MINAT / SABIN below",right,"Orsini attributes this to M. Minatius Sabinus, whom he identifies as Cn. Pompey's pro-quaestor in Hispania ('M. MINATI I huius, qui Cn. Pompeii, ut ego arbitror in Hispania Pro-Quaestore fuit'). He cites Valerius Maximus lib. III cap. IV on Minatius Rufus (M. Cato's companion in the Cypriaca expeditione) and an inscription from Bisenti (Etruria) mentioning the Sabatina tribe.",,validated,https://numismatics.org/crro/id/rrc-470.1,https://numismatics.org/collection/1950.148.1,True,
Minatia,2,Crawford 470/1,crawford,AR,,M. Minatius Sabinus,46-45 BC,"Bare/laureate male head right; IMP before, CN·MAGN(VS) behind/below","Standing figures, three figures in robes with one central figure between two others",right,Orsini notes he finds no mention of this moneyer in ancient writers ('nullam apud ueteres scriptores reperio mentionem'); his libertus may be the M. Minatius recorded in an ancient inscription using the archaic spelling FLVIVM for FLVVIVM. Orsini does not describe this as a 'veteran inscription.',,validated,https://numismatics.org/crro/id/rrc-470.1,https://numismatics.org/collection/1950.148.1,True,
Minucia,1,Crawford 243/1,crawford,AR,,Ti. Minucius C.f. Augurinus,134 BC,Helmeted head of Roma right; X behind,Column (Columna Minucia) flanked by two standing figures holding grain ears; RVF.MINVC.AVGVR / ROMA around,right,"Orsini attributes this to Ti. Minucius C.f. Augurinus and identifies the lituus symbol as indicating the moneyer is to be identified with M. Minucius Festum, who became the first Augur from the plebs out of this family in year CDLIII AUC ('anno CDLIII, ut scribit [Liuius] plebi lib. XI'). He does not say this dates to 'around 454 AUC' but to year CDLIII = 453 AUC.",,validated,https://numismatics.org/crro/id/rrc-243.1,https://numismatics.org/collection/1992.41.5,,
Minucia,2,Crawford 242/1,crawford,AR,,C. Minucius Augurinus,135 BC,Helmeted head of Roma right; ROMA below; X behind,Column flanked by two standing figures; C.AVG around,right,"Orsini attributes this to C. Augurinus, identifying the column as the Columna Minucia erected outside the Porta Trigemina for L. Minucius' grain distribution; he cites Livy and Pliny on the statue and column set up by popular subscription.",,validated,https://numismatics.org/crro/id/rrc-242.1,https://numismatics.org/collection/1941.131.65,,
Minucia,3,Crawford 277/1,crawford,AR,,Q. Minucius Rufus,122 BC,Helmeted head of Roma right; X behind,The Dioscuri (two horsemen) galloping right; Q.MINV below; ROMA in exergue,right,"Orsini tentatively identifies this as Q. Minucius Rufus, noting he may be the consul who triumphed over the Ligurians and Boii, or possibly Q. Minucius who was dux in Asia against Mithridates, citing Appian.",,validated,https://numismatics.org/crro/id/rrc-277.1,https://numismatics.org/collection/1965.100.2,,
Minucia,4,Crawford 277/1,crawford,AR,,C. Minucius Augurinus,135 BC,Helmeted head of Roma right; X behind,The Dioscuri galloping right; ROMA / C·MINVCI below,right,Orsini is uncertain whether this is a separate moneyer or the same C. Augurinus as coin 2; he notes it lacks the Lucius cognomen and may represent a different family member who struck both the silver and the bronze (coin 6 of the Augurinus column type).,,validated,https://numismatics.org/crro/id/rrc-277.1,http://numismatics.org/collection/1941.131.87,,
Minucia,5,Crawford 319/1,crawford,AR,,Q. Minucius Thermus M.f.,103 BC,Helmeted head of Roma(?) left,Two warriors fighting; Q.THERM.M.F around,left,"Orsini states without doubt ('sine dubio') that this coin pertains to Q. Minucius M. Thermi filius, under whose praetorship in Asia C. Iulius Caesar (later Dictator) served his first military service and was awarded the civic crown at the siege of Mytilene ('in expugnatione Mytilenarum ciuica donatus est'). He cites Suetonius in Caesare cap. II. Orsini does NOT identify this coin's moneyer as the legatus of A. Manlius Vulsonis — that reference belongs to coin 4.",,validated,https://numismatics.org/crro/id/rrc-319.1,https://numismatics.org/collection/1944.100.679,,
Mucia,1,Crawford 403/1,crawford,AR,,Q. Fufius Calenus & P. Mucius Scaevola Cordus,70 BC,Two heads jugate right (one with beard); HO...VIR / KALENI around,Two standing figures (Italia and Roma clasping hands); CORDI below; RO(MA) behind,right,"Orsini identifies the joint issue of Calenus (KALENVS) and Mucius Cordus, noting Cordus had 'monetam cum Honoris signo & Virtutis, ad illustranda gentilis sui monumenta signauit.' He cites Dionysius lib. IIII and Quintilian lib. I cap. VII on the Cordus cognomen, and Vitruvius lib. VII on C. Mucius who designed the aedes Honoris et Virtutis Marianae. He also notes (following Vitruvius) that any Mucia gens member 'ex Mucia gente ufi sint' might be connected to this Cordus. He cross-references to the Fufia gens (cognomen KALENVS) for the temple of Honos and Virtus.",,validated,https://numismatics.org/crro/id/rrc-403.1,https://numismatics.org/collection/1937.158.148,True,
Munatia,1,Crawford 475/1,crawford,AV,AR→AV,L. Munatius Plancus,45 BC,"Bust of Victory, right, draped. C.CAES / DIC.TER around",Oenochoe (jug/capis); L·PLANC / PR·VRB around,right,"Orsini identifies this coin as struck by L. Munatius Plancus. He thinks the urceus (jug) on the reverse may indicate Plancus's role as VIIIvir Epulonum, but notes it could equally refer to Caesar as Pontifex Maximus ('quamuis ad C. quoque Caesarem, qui Pontifex Maximus fuit, referri urceolus possit'). He identifies Plancus as consul designatus with D. Brutus for year DCCXI AUC, and as Vrbis praefectus in the coin's inscription context.",,validated,https://numismatics.org/crro/id/rrc-475.1,https://numismatics.org/collection/1944.100.3546,True,
Munatia,2,"Crawford 522/2 — L. Munatius Plancus (under Mark Antony), 32 BC",crawford,AR,,L. Munatius Plancus,32 BC,Capis (jug) and lituus; III.VIR.R.P.C.M.ANTON around,"Three implements: winged thunderbolt/sceptre at left, oenochoe (jug) at center, winged caduceus at right; C·PLANCVS·IMP·ITER around",,"Orsini attributes this to L. Munatius Plancus, citing Velleius lib. II ('Plancus, inquit, Antonianarum adiutor partium, spem magis ostendens auxilii, quam opem ferens Antonio') and Appian lib. III bell. ciuil. ('Plancus cum tribus legionibus transiuit ad Antonium'). The Greek passage from Appian shows Lepidus, Asinius Pollio, and Plancus as those who joined Antonius; Orsini does not say Plancus 'joined Lepidus' — Plancus joined Antonius.",,validated,https://numismatics.org/crro/id/rrc-522.2,https://numismatics.org/collection/1944.100.4811,,
Mussidia,1,Crawford 494/44,crawford,AV,,L. Mussidius Longus,42 BC,"Head of Ceres right, wearing corn-ear wreath",L.MVSSIDIVS / LONGVS within corn-ear wreath,right,"Orsini attributes this to L. Mussidius Longus, noting the aureus (gold) type with a spiked corona on one side and Ceres' image on the other; he suggests this coin may relate to the Mussidii's frumentary administration under Caesar as Dictator.",,validated,https://numismatics.org/crro/id/rrc-494.44,https://numismatics.org/crro/id/rrc-494.44,,
Mussidia,2,Crawford 494/42a,crawford,AR,,L. Mussidius Longus,42 BC,Veiled head of Concordia right; CONCORDIA before,"Shrine of Venus Cloacina: raised circular platform bearing two statues; L.MVSSIDIVS.LONGVS above, CLOACIN on the platform",right,"Orsini identifies the reverse as the shrine of Venus Cloacina, which stood in the Forum near the Cloaca Maxima; he cites Pliny, Plutarch, and Livy on the shrine's origin from the Sabine-Roman peace under Titus Tatius and Romulus, where arms were purified at the site.",,validated,https://numismatics.org/crro/id/rrc-494.42a,https://numismatics.org/collection/1937.158.323,,
Mussidia,3,Crawford 494/43,crawford,AR,,L. Mussidius Longus,42 BC,Radiate bust right (Roma/Venus/Concordia per Orsini) (Sol); sun rays around head,Shrine or altar on platform; L.MVSSIDIVS.LONGVS / CLOACIN around,,"Orsini notes this is a second Cloacina type with the radiate Sol head on the obverse; he discusses the Concordia symbolism connecting the Roman-Sabine reconciliation to the shrine of Venus Cloacina, citing Ovid's Fasti.",,validated,https://numismatics.org/crro/id/rrc-494.43,https://numismatics.org/collection/1937.158.328,,
Mussidia,4,Crawford 494/41,crawford,AR,,L. Mussidius Longus,42 BC,Female head right (Concordia); CONCORDIA around,Clasped hands holding caduceus; L.MVSSIDIVS.LONGVS around,right,Orsini identifies the Concordia head and clasped hands as symbolizing the Roman-Sabine peace; he connects the Concordia imagery across Mussidius' series to the coitio (union) of Romans and Sabines at the Comitium.,,validated,https://numismatics.org/crro/id/rrc-494.41,https://numismatics.org/collection/1944.100.4524,,
Mussidia,5,Crawford 494/40,crawford,AR,,L. Mussidius Longus,42 BC,Bust right (portrait); draped,Biga or chariot right; L.MVSSIDIVS / LONGVS below,right,"Orsini connects this coin's spectacle types to C. Caesar's Dictatorial victories and cites Suetonius cap. XXXIX specifically ('Circensibus, inquit, spacio Circi ab utraque parte producto, & in gyrum euripo addito, quadrigas, bigasque & equos desultorios agitauerunt nobilissimi iuuenes').",,validated,https://numismatics.org/crro/id/rrc-494.40,https://numismatics.org/collection/1937.158.322,,
Mussidia,6,Crawford 494/39,crawford,AR,,L. Mussidius Longus,42 BC,Head right; crescent behind,Pontifical/sacrificial implements; L·MVSSIDIVS LONGVS around,right,Coinage of L. Mussidius Longus (Crawford 494/39). The obverse shows a head right with a crescent behind; the reverse displays pontifical and sacrificial implements with the legend L·MVSSIDIVS LONGVS around. The cult/sacrificial implements point to the moneyer's religious associations rather than to any games or spectacle.,,validated,https://numismatics.org/crro/id/rrc-494.39,http://numismatics.org/collection/1937.158.321,,
Mussidia,7,Crawford 494/7,crawford,AV,AR→AV,L. Mussidius Longus,42 BC,Bare male head left; M.LEPIDVS.III.VIR.R.P.C around,"Mars standing right, wearing Corinthian helmet, holding sword in left hand and spear in right hand and resting left foot on shield. Legend L·MVSSIDIVS·T·F·LONGVS·IIII·VIR·A·P·F",left,"Orsini identifies this as showing the head of C. Caesar (later Augustus) with the triumviral title, noting the portrait of M. Antonius on the reverse; he considers it part of the concordia series indicating M. Antonii concordiam and connects it to Mussidius as IIIIvir A.P.F. Same type as Aemilia #13 (Crawford 494/7a) but with a different engraving: the coin appears under both gentes because it bears names from both families.",,validated,https://numismatics.org/crro/id/rrc-494.7,https://gallica.bnf.fr/ark:/12148/btv1b10453477w,,
Mussidia,8,Crawford 494/9,crawford,AV,AR→AV,L. Mussidius Longus,42 BC,"Head of Octavian, right","Mars standing right, wearing Corinthian helmet, holding sword in left hand and spear in right hand and resting left foot on shield",right,Orsini attributes this to Mussidius Longus as IIIIvir A.P.F. (quattuorvir for striking gold or silver by public authority); he notes the triumviral portrait of C. Caesar and reads the T.F. inscription as confirming the Quattuorviral monetary authority first instituted by Caesar.,,validated,https://numismatics.org/crro/id/rrc-494.9,https://gallica.bnf.fr/ark:/12148/btv1b104535007,,
Naevia,1,Crawford 382/1b,crawford,AR,,C. Naevius Balbus,79 BC,"Head of Venus right, wearing diadem",Victory driving a triga (three-horse chariot) right; C.NAE.BALB in exergue,right,Orsini identifies the gens as plebeian and notes the S.C. behind the head indicates senatorial authorization on this C. Naevius Balbus denarius with Victory in triga. He connects the moneyer to the Balbus cognomen found in several gentes and discusses the family's limited literary attestation.,,validated,https://numismatics.org/crro/id/rrc-382.1b,https://numismatics.org/collection/1896.7.77,,
Naevia,2,RIC I (2nd ed.) Augustus 386,ric,AE,,L. Naevius Surdinus,15 BC,Bare male head right (Augustus); legend around including CAESAR,S C large in centre; L.SVRDNINVS III.VIR.A.A.A.F.F around,,"Orsini identifies this as an Augustan bronze by L. Naevius Surdinus. He has no literary attestation for Surdinus ('nulla, quod sciam, extat mentio apud scriptores') and does not call him 'IIIvir A.A.A.F.F.' — this title is not in Orsini's text. He notes only that Surdinus 'sub Augusto nummum aereum signauit' and points to a Forum inscription about L. Naevius... Praetoris inter ciuis et peregrinos.",,validated,https://numismatics.org/ocre/id/ric.1(2).aug.386,https://numismatics.org/collection/1996.104.17,,
Naevia,3,RIC I (2nd ed.) Augustus 384,ric,AE,,L. Naevius Surdinus,7 BC,Wreath enclosing legend AVGVSTVS TRIBVNIC POTEST; oak wreath border,S C large in centre; L.NAEVIVS SVRDNINVS III.VIR.A.A.A.F.F around,,Orsini presents no specific textual discussion of this second Surdinus bronze on the Naevia page. He offers no description of the obverse legend (AVGVSTVS TRIBVNIC POTEST) and no dating formula discussion. The coin is visible in the plate but Orsini's text does not describe it separately.,,validated,https://numismatics.org/ocre/id/ric.1(2).aug.384,https://numismatics.org/ocre/id/ric.1(2).aug.384,,
Naevia,4,,,,,,,Partially visible; handwritten annotations over engraving; CLXV(?) and C.NAE.BA visible,Partially visible with handwritten notes overlaid; details obscured,,"Later collector's note (French) on a C. Naevius Balbus denarius: a control-number reading («CLXV»?) with «C·NAE·BA», and a diagnostic «S·C derrière la tête» (S·C behind the head).",,annotation,,,,
Nasidia,1,Crawford 483/2,crawford,AR,,Q. Nasidius,44-43 BC,"Bare head of Neptune right, trident behind; NEPTVNI legend",Galley (warship) right with sail and ornamental stern; star above; Q.NASIDIV(S) below,right,Orsini identifies the NEPTVNI legend as referring to Sextus Pompey's claim to be Neptune's son ('cuius se filium iactabat') and notes the galley type. He proposes the coin was struck either by Q. Nasidius to commemorate his father L. Nasidius's naval action (Caesar lib. II bell. ciuil.) or because Q. Nasidius himself at some point commanded Sex. Pompey's fleet ('nisi forte... aliquando praefuit'). He cites Dio lib. L and Appian lib. V bell. ciuil. and cross-references under the Pompeia gens.,,validated,https://numismatics.org/crro/id/rrc-483.2,https://numismatics.org/collection/1935.117.24,True,
Neria,1,Crawford 441/1,crawford,AR,,Cn. Nerius,49 BC,Head of Saturn right with harpa; legend NERI·Q·VRB,Legionary eagle between two military standards (hastati and principes); legend L·LENT·C·MARC·COS,right,"Orsini connects the coin's moneyer (NERI, Q. VRB.) with Cn. Nerius, mentioned in Cicero ep. III lib. II ad Q. Fratrem as accused by Sestius of electoral bribery in the Pupinia tribe ('Cn. Nerio Pupinia de ambitu est postulatus'). He reads the Q. VRB. as Quaestor Vrbanus. He notes the consular date L. Lentulo C. Marcello Coss. He does not describe the coin types (Saturn head; legionary eagle) — those descriptions are not in his text.",,validated,https://numismatics.org/crro/id/rrc-441.1,https://numismatics.org/collection/1937.158.238,,
Nonia,1,Crawford 421/1,crawford,AR,,Sex. Nonius Sufenas,59 BC,Bearded head right (Saturnus); S C behind; SVFENAS around,Seated female figure right (Roma or Victory) being crowned by standing figure; SEX.NONI below,right,"Orsini reads the PR L V P F abbreviation on this coin as 'Praetor Ludos Votiuos Publice Fecit' (the Praetor who publicly celebrated the Votive games). He tentatively identifies Sufenas with the person mentioned by Catullus ('Sufenas iste Vare, quem probe nosti') and corrects the vulgate spelling 'Suffenus' to 'Sufenas.' He cites Cicero ep. XIIII lib. III ad Att. and Valerius Maximus lib. VIII. He does not mention Sulla or 'Ludi Victoriae.'",,validated,https://numismatics.org/crro/id/rrc-421.1,http://numismatics.org/collection/1948.19.191,,
Nonia,2,RIC I (2nd ed.) Augustus 440,ric,AE,,Sex. Nonius Quinctilianus,6 BC,Bare male head left (Augustus or Tiberius); CAESAR AVGVST PONT MAX TRIBVNIC PO(T) around,S C large in centre; SEX.NONIVS QVINCTILIAN(VS) III.VIR.A.A.A.F.F around,,"Orsini identifies Sex. Nonius Quinctilianus as Consul anno DCCLX with M. Furius Camillo, citing Dio lib. LV ('SEX. NONIUS QVINCTILIANVS, qui in aereo huius tabellae nummo notatus est, Consul fuit anno DCCLX cum M. Furio Camillo, Dio lib. LV'). He makes no further comment on this coin's obverse portrait or on any dating formula. The plate (p.175) shows the coin with a bare head and legends including AVGVST·PONT·MAX around the obverse and S·C on the reverse, but Orsini does not describe or analyse these elements. Claims that Orsini 'describes the obverse as Augustus or Tiberius' or 'uses a PONT MAX TRIBVNIC dating formula' are not supported by his text.",,validated,https://numismatics.org/ocre/id/ric.1(2).aug.440,https://numismatics.org/collection/1953.171.376,,
Norbana,1,Crawford 357/1b,crawford,AR,,C. Norbanus,83 BC,Diademed female head right (Venus); IXXXI behind; C.NORBANVS below,Fasces between caduceus (left) and corn-ear (right); axe attached to fasces,right,"Orsini notes C. Norbanus was Tribune of the plebs (anno DCXLVIII) through whose initiative (rogatione) the proconsular imperium of Q. Seruilio Caepioni was abrogated. He identifies the fasces, corn-ear, and caduceus as symbols of justice, peace, and abundance (""Pacis enim, Iustitiae, & Abundantiae symbola sunt""). He reads C.NORBANVS on the obverse.",,validated,https://numismatics.org/crro/id/rrc-357.1b,https://numismatics.org/collection/2002.46.254,,
Norbana,2,Crawford 357/1a,crawford,AR,,C. Norbanus,83 BC,Diademed female head right (Venus); C.NORBANVS below; control marks behind,Fasces between caduceus (left) and corn-ear (right); prow or cornucopia at right,right,"Orsini notes this second C. Norbanus denarius can be attributed to the man who was Consul with Ap. Claudius Pulchro anno DCCXV and had a triumph from Hispania noted anno DCCXIX, later serving as Antony's legate (Dio xlvii, Appian lib.III). He connects the fasces, corn-ear, and caduceus to the same programme of symbols as coin 1 (""Pacis enim, Iustitiae, & Abundantiae symbola sunt""). The 'B II' control mark attribution in the previous comment is not mentioned by Orsini.",,validated,https://numismatics.org/crro/id/rrc-357.1a,https://numismatics.org/collection/1951.61.9,,
Norbana,3,Crawford 491/1,crawford,AV,,L. Cestius / C. Norbanus,43 BC,Bare male head right; no legend,"Curule chair; L·CESTIVS above, S·C flanking, PR to right, C·NORBA below",right,"Orsini identifies this joint bronze of L. Cestius and C. Norbanus and notes that the Africa type and sella Praetorum on the reverse were already discussed under the Cestia gens (""De Africae imagine, & sella Praetorum, in gente Cestia dictum est""). He suggests the coin may belong either to the father of C. Norbanus (Antony's legate, Consul anno DCCXV) or to his grandfather, Consul with L. Scipio Asiatico anno DCLXX.",,validated,https://numismatics.org/crro/id/rrc-491.1,https://numismatics.org/collection/1944.100.4493,True,
Norbana,4,,,,,,,Handwritten annotations covering engraving; text mentions 'Mai 1946' and other notes,Handwritten annotations; mentions C. Norbanus; details obscured by manuscript notes,,"Later manuscript note (French) recording a find at Mariana (Corsica) in May 1846: a C. Norbanus denarius (Crawford 357/1, 83 BC) — helmeted head right / fasces and caduceus.",,annotation,,,,
Numitoria,1,Crawford 246/2,crawford,AE,,L. Numitorius,133 BC,Bare female head right with hair in bun,Prow of galley right; L.NVMITORI above; ROMA in exergue,right,"Orsini identifies the moneyer on this bronze as C. Numitorius (not L.), whom he believes to be the eques Romanus who testified against Verres and is cited by Cicero in the Verrine speeches (lib. VII): 'Numitorio equiti R. primario homini, testi meo.' He also notes Cicero's de Inventione (lib. II) mentions a Q. Numitorius cognominated Pullus. His treatment is brief, relying on the numismatic evidence and these two Ciceronian references.",,validated,https://numismatics.org/crro/id/rrc-246.2,https://numismatics.org/collection/1969.83.303,,
Numonia,1,Crawford 514/2,crawford,AR,,C. Numonius Vaala,41 BC,Bare male head right; C.NVMONIVS around; VAALA below,Scene of soldiers attacking a fortification (wall with rampart); soldier climbing wall; VAALA in exergue,right,"Orsini identifies the reverse figure as 'a man fighting at a rampart' ('uir quidam pugnans pro uallo') and connects it to the origin of the Vaala cognomen, which he derives from an ancestor who first gained distinction by defending a rampart ('uallo defenso id cognomen primus inuenit'). He believes this Numonius Vala is the same person to whom Horace addressed Epistle 1.15. He does not date the issue or mention the triumviral context.",,validated,https://numismatics.org/crro/id/rrc-514.2,https://numismatics.org/collection/1937.158.346,,
Ogulnia,1,Crawford 350A/1,crawford,AR,,"C. Gargonius, Ogulnius, M. Vergilius",86 BC,"Head of male figure right, laureate","Quadriga right with charioteer; VER above, CAR·OCV in exergue",right,"Orsini attributes this coin to the Ogulnius he believes was Consul with C. Fabius Buteo anno CDLXXXIV ('Eū auté opinor esse, qui Consul in Fastis descriptus est anno CDLXXXIV cū C. Fabio Buteone') and also Dictator anno CDXCVI. He cites Livy (lib. X) and Valerius Maximus (lib. I, cap. VIII). The lex Ogulnia is mentioned in the broader family discussion, not as the primary identification for this coin.",,validated,https://numismatics.org/crro/id/rrc-350A.1,https://numismatics.org/collection/1987.26.62,,
Ogulnia,2,"Crawford 350A/3 — M. Vergilius, C. Gargonius, M. Ogulnius (joint issue), 86 BC (AE quadrans)",crawford,AE,,"M. Vergilius, C. Gargonius, M. Ogulnius",86 BC,"Head of Janus left and right, laureate",Prow of galley right; VEROCCVS above,,"Orsini explains that OCVLNIVS on the coin stands for OGVLNIVS because the ancients used C for G, citing the Duilii rostratae columnae inscription as confirmation ('Confirmat hoc antiquissima C. Duilii rostratae columnae inscriptio, in qua est, MAGISTRATOS, PVCNANDOD, CESSIT, CARTACINENSIS, proMAGISTRATOS, PVCNANDOD, GESSIT, CARTAGIN ENSIS'). The legend VROCU·CAR visible in the plate he reads as a form of OGVLNIVS. He does not use the reading 'VROCILAS'; the previous attribution of that word to Orsini is unfounded.",,validated,https://numismatics.org/crro/id/rrc-350A.3,https://numismatics.org/crro/id/rrc-350A.3,True,
Opeimia,1,Crawford 253/1,crawford,AR,,L. Opimius,131 BC,Helmeted head of Roma right with crest; X (value mark) behind,"Quadriga right driven by Victory; L.OPEIMI below, ROMA in exergue",right,"Orsini identifies this moneyer as the future consul of anno DCXXXII who, with Q. Metellus, P. Lentulus, and others, pursued C. Gracchus and M. Fuluius Consularis to the Aventine, where Gracchus was killed. He cites Cicero (in Catilinam and de claris Oratoribus), Velleius (lib. I), Plinius (lib. XIII, cap. IV), and Plutarchus (in C. Graccho). He does not cite Appian. He does not describe the coin type as 'Apollo biga.'",,validated,https://numismatics.org/crro/id/rrc-253.1,https://numismatics.org/collection/1923.999.7,,
Opeimia,2,Crawford 254/1,crawford,AR,,M. Opimius,131 BC,Helmeted head of Roma right; crest with feathers; control mark behind,"Biga right driven by charioteer; Victory above; M.OPEIMI below, ROMA in exergue",right,"Orsini identifies M. Opimius (legend: M.OPEIM) as the brother ('fratrem fuisse arbitror') of L. Opimius the consul, and notes he can find no mention of M. Opimius in any author he has read ('de quo nullam inuenire potui mentionem apud eos scriptores, quos ipse legerim'). He does not resolve whether M. stands for Marcus or Manius.",,validated,https://numismatics.org/crro/id/rrc-254.1,https://numismatics.org/collection/1937.158.608,,
Opeimia,3,Crawford 253/3,crawford,AE,,L. Opimius,131 BC,Head of Hercules right; three pellets behind (quadrans mark),"Club within laurel-wreath; L·OPEIMI above, ROMA below",right,"Orsini attributes this bronze to L. Opimius (L.OPEIM in wreath visible in plate). He provides no description of the obverse head as Apollo, and does not discuss the laurel wreath as Apollo's attribute. His text groups all references to L. Opimius across coins 1 and 3 without distinguishing the type of coin 3 specifically.",,validated,https://numismatics.org/crro/id/rrc-253.3,https://www.britishmuseum.org/collection/object/C_R-7633,,
Oppia,1,Crawford 550/2,crawford,AE,,M. Oppius,157-156 BC,Female head right (Diana or Roma) with diadem; small and finely engraved,"Winged Victory standing, holding wreath/palm; Q·OPPIVS·PR",right,"Orsini identifies the coin as struck by Q. Oppius, whom he believes ('ut opinor') to be the Praetor mentioned by Appian in the Mithridatico — captured at Laodicea and displayed by Mithridates. Livy's epitome (lib. LXXVII) further identifies him as Proconsul ('non Praetoria potestate') when Mithridates took Asia. The coin is a bronze (Æ). Orsini makes no mention of M. Oppius Capito, Antony, a praefectus classis, or Achaea.",,validated,https://numismatics.org/crro/id/rrc-550.2,http://numismatics.org/collection/0000.999.4198,,
Papia,1,Crawford 472/2,crawford,AR,,L. Papius Celsus,45 BC,Laureate male head right; TRIVMPVS below,She-wolf or dog walking right; CELSVS·III·VIR / L·PAPIVS in exergue,right,"Orsini notes TRIVMPVS is written without aspiration on this L. Papius Celsus coin ('Trivмpvs sine aspiratione, ut Pilippvs & Pilvs, pro Philippvs & Philvs ab antiquis scriptum fit, ex denarii inscriptione & Quinctil.li.I. satis constat'). The obverse figure is the Triumph simulacrum (not a Juno Sospita headdress). Orsini identifies L. Papius Celsus as Triumvir monetalis.",,validated,https://numismatics.org/crro/id/rrc-472.2,http://numismatics.org/collection/1941.131.313,,
Papia,2,Crawford 472/1,crawford,AR,,L. Papius Celsus,45 BC,"Head of Juno Sospita right, wearing goatskin headdress",CELSVS.III.VIR above; she-wolf or dog walking right; PAPIVS in exergue,right,"Orsini identifies the Juno Sospita headdress and the she-wolf with twins on the reverse as indicating the Papia gens's Lanuvian connections, noting the bronze simulacra of the lupa displayed there. He discusses the lex Papia on foreign residents and the tribunate of C. Papius as establishing the family's political importance beyond the numismatic evidence.",,validated,https://numismatics.org/crro/id/rrc-472.1,http://numismatics.org/collection/1937.158.280,,
Papia,3,Crawford 384/1,crawford,AR,,L. Papius,79 BC,"Female head right (Juno Sospita), wearing goatskin headdress; star above",Griffin springing right; L.PAPI in exergue,right,Orsini connects this L. Papius denarius to Lanuvium through the Juno Sospita headdress and discusses the griffin type. He cites the lex Papia on peregrini and the tribunate of C. Papius as establishing the family's political importance beyond the numismatic evidence.,,validated,https://numismatics.org/crro/id/rrc-384.1,https://numismatics.org/collection/1944.100.1938,True,
Papia,4,Crawford 384/1,crawford,AR,,L. Papius,79 BC,"Head of Juno Sospita right, wearing goatskin headdress; control letters (PA/PI) before",Griffin springing right; L·PAPI in exergue,right,Orsini notes this as a variant of the L. Papius denarius with a different control symbol in the exergue and the same Juno Sospita headdress identifying the coin's Lanuvian connections. He groups the two Papius variants together as evidence of the moneyer's prolific issue.,,validated,https://numismatics.org/crro/id/rrc-384.1,https://numismatics.org/collection/1944.100.1938,True,
Papia,5,Crawford 472/4,crawford,AR,,L. Papius Celsus,45 BC,"Head right, laureate; CELSVS behind",Lyre (cithara); L.PAPI to right,right,Orsini notes the chelys (lyre) was Mercury's invention but confesses uncertainty about its significance on this L. Papius Celsus denarius. He includes it in the Papia series as documentary evidence for the moneyer's range of types without providing a specific iconographic explanation.,,validated,https://numismatics.org/crro/id/rrc-472.4,https://numismatics.org/collection/2012.34.18,,
Papia,6,Crawford 472/3,crawford,AR,,L. Papius Celsus,45 BC,Female head right,"Standing figure (Ceres or Juno) holding patera, facing right; serpent before; L.PAPIVS / CELSVS around",right,Orsini attributes this sixth coin to L. Papius Celsus but offers no specific explanation for the reverse type. The description of 'a standing figure (possibly Ceres or Juno) holding a patera' is not in Orsini's text.,,validated,https://numismatics.org/crro/id/rrc-472.3,https://gallica.bnf.fr/ark:/12148/btv1b10438564m,,
Papiria,1,Crawford 276/1,crawford,AR,,M. Papirius Carbo,122 BC,Helmeted head of Roma right; X (value mark) behind,"Jupiter in quadriga right; M.CARBO below, ROMA in exergue",right,"Orsini identifies only the Carbones branch in his numismatic record of the Papiria gens and cites Livy, Cicero, and Appian for the turbulent history of the three Cn. Carbones. He notes M. Carbo obtained Sicily as praetor and was accused by P. Flaccus, and reads the M.CARBO legend as confirming the moneyer's identity.",,validated,https://numismatics.org/crro/id/rrc-276.1,https://numismatics.org/collection/1974.95.255,,
Papiria,2,Crawford 279/1,crawford,AR,,Cn. Papirius Carbo,121 BC,Helmeted head of Roma right; X (value mark) behind,"Jupiter in quadriga right, hurling thunderbolt; CARB below, ROMA in exergue",,"Orsini attributes this denarius (legend CARB) to Cn. Papirius Carbo, who was consul three times (anno DCLXVIII, DCLXI, & DCLXXI) and was killed by Pompey at Lilybaeum anno DCLXXI ('quique à Pompeio Lilybaei anno DCLXXI in magistratu occisus est'). He cites Cicero (epistola ad Paetum) and Velleius (lib. II for C. Carbo).",,validated,https://numismatics.org/crro/id/rrc-279.1,https://numismatics.org/collection/1995.11.1857,,
Papiria,3,"Waddington 1910, 2-4 (Nicaea, Bithynia)",specialist,AE,,C. Papirius Carbo (proconsul),60-59 BC,Greek legend EΠIΓAIOY / ΠAΠIPIOY / KAPBΩNOΣ vertically in wreath,Greek legend NIKAIEΩN; monogram below; triangular tent or trophy shape with two staffs,,"Orsini places this bronze under the Papiria gens because some attribute it to C. Papirius Carbo, brother of Cn. Carbo ter Consul (cited from Velleius lib. II as Praetorius). He explicitly reads the Greek inscription NIKAIEON ('ut ex inscriptione NikaieΩN apparet') and recognizes the coin was struck by the Nicaeans. He suggests it might better be attributed to C. Carbo as Praetor of Sardinia (anno DLXXXV) who could have governed Corsica simultaneously, or possibly to C. Cicereius (Praetor anno DLXXX) who triumphed over Sardinians and Corsicans (Livy lib. XLII).",Orsini does not recognize this as a provincial issue from Nicaea in Bithynia; misattributes the coin's origin.,validated,https://greekcoinage.org/iris/id/nicaea_bithynia.waddington.1910.2-4,https://ikmk.smb.museum/object?lang=en&id=18281382,,
Pedania,1,Crawford 506/2,crawford,AR,,Pedanius Costa (for Brutus),43-42 BC,Laureate head right; COSTA to left,IMP / BRVTV[S] or similar legend visible around,right,"Orsini identifies Pedanius Costa as Brutus's legate from the coin legend (LEG·COSTA on the obverse, IMP·BRVTVS on the reverse). He cites Livy (lib. XXV), Valerius Maximus (lib. III, cap. II), Tacitus (lib. XIV and XVII) for the Pedanii, and Plutarch (in Cicerone) for P. Costa. He concludes: 'nulla extat, quòd sciam, mentio apud ueteres scriptores' for Pedanius Costa specifically. He also corrects scribal error: 'Male autem P. Cotta, pro P. Costa interpretes uerterunt.'",,validated,https://numismatics.org/crro/id/rrc-506.2,https://numismatics.org/collection/1937.158.337,True,
Petillia,1,Crawford 487/1,crawford,AR,,Petillius Capitolinus,43 BC,"Head of Jupiter right, laureate; CAPITOLINVS behind",Hexastyle temple (Temple of Jupiter Capitolinus); PETILLIVS in exergue,right,"Orsini identifies Petillius Capitolinus as the moneyer, named by Horace (Sat. I.4: 'De Capitolini furtis iniecta Petilli'). Porphyrio explains he had charge of the Capitol ('Capitolii curam ageret') and faced accusations about a crown taken from it ('coronae subreptae de Capitolio'), acquitted by Caesar/Augustus. Orsini does not call him sacerdos, does not describe the crown as golden, and says the temple was vowed by Tarquinius Superbus and dedicated by M. Horatius Poplicolae's colleague — not 'rebuilt after Tarquinius Superbus.'",,validated,https://numismatics.org/crro/id/rrc-487.1,https://numismatics.org/collection/1944.100.4481,,
Petillia,2,Crawford 487/2,crawford,AR,,Petillius Capitolinus,43 BC,Eagle on thunderbolt; PETILLIVS / CAPITOLINVS around,Hexastyle temple (Temple of Jupiter Capitolinus); S F in exergue,right,Orsini groups both Petillia coins together under the same moneyer (Petillius Capitolinus) and the same Horatian/Porphyrian context. He again cites the temple as vowed by Tarquinius Superbus and dedicated by M. Horatius Poplicolae's colleague — not rebuilt. He does not describe the crown as golden.,,validated,https://numismatics.org/crro/id/rrc-487.2,https://numismatics.org/collection/1937.158.304,,
Petronia,1,RIC I (2nd ed.) Augustus 296,ric,AR,,M. Sanquinius,17 BC,Bare head of Augustus left; CAESAR·AVGVSTVS text around,"Winged Victory standing, holding wreath in raised hand and palm; P·PETRON·TVRPILIAN·III·VIR around",,"Orsini traces the Petronia gens to the Sabines, citing Valerius Maximus on the Petronius Sabinus cognomen, and identifies this as P. Petronius Turpilianus as triumvir monetalis under Augustus. He discusses the Sabine origins as the unifying theme of the entire Petronia coinage series.",,validated,https://numismatics.org/ocre/id/ric.1(2).aug.296,https://numismatics.org/collection/1944.100.38313,,
Petronia,2,RIC I (2nd ed.) Augustus 292,ric,AR,,M. Petronius (uncertain),41 BC,"Head of Liber right, ivy-wreathed; P·PETRONIVS·TVRPILIAN·III·VIR text","Armenian kneeling right, wearing tiara and robe, extending hands; CAESAR·DIVI·F·ARME·CAPT text",,"Orsini identifies this coin as pertaining to Augustus's Armenian victory through Caius (son of Agrippa and Julia), citing Velleius lib. II, Suetonius in Augusto cap. XXI and LXIV, Florus lib. IV, and Dio lib. LV ('ex Augusti spectat uictoriam de Armeniis, contra quos Caius ex Agrippa & Iulia Augusto filius, missus fuerat'). Orsini also notes the reverse shows Caius and Lucius Caesar with clipei and hastae ('in altera Cai ipsius & Lucii fratris imagines cum clypeis & hastis impressae sunt').",,validated,https://numismatics.org/ocre/id/ric.1(2).aug.292,https://ikmk.smb.museum/object?id=18202469,,
Petronia,3,RIC I (2nd ed.) Augustus 297,ric,AR,,P. Petronius Turpilianus,19 BC,CAESAR AVGVSTVS: Bare head of Augustus right.,PETRON·TVRPILIAN·III·VIR: Pegasus springing right.,,"Orsini identifies this coin with the Corinthian colony (re-)founded by Caesar and restored by Augustus, citing the Pegasus type on Corinthian bronze coins as a parallel ('nam in aereis quoque Corinthiorum nummis, Pegasi signo coloniam hanc notari animadvertimus'). He is confident in the attribution: 'nullo modo dubitari potest.' No confusion or misinterpretation of the engraving is mentioned by Orsini.",,validated,https://numismatics.org/ocre/id/ric.1(2).aug.297,https://numismatics.org/collection/1937.158.378,,
Petronia,4,RIC I (2nd ed.) Augustus 300,ric,AR,,P. Petronius Turpilianus,19 BC,"Head of Caesar left, laureate; legend around",Crescent and star; legend around border,,Orsini connects the star and crescent reverse to the broader Augustan coinage program and identifies this as part of Turpilianus's varied reverse types as triumvir monetalis. He treats the celestial imagery as reflecting Augustan religious themes.,,validated,https://numismatics.org/ocre/id/ric.1(2).aug.300,https://numismatics.org/collection/1937.158.381,,
Petronia,5,RIC I (2nd ed.) Augustus 299,ric,AR,,P. Petronius Turpilianus,19 BC,Laureate head of Augustus right; imperial titulature,Tarpeia being crushed by shields; PETRONIVS TVRPILIANVS around,,"Orsini identifies coin 5 as the Tarpeia type, connecting it to the Sabine origin of the gens: 'Quòd igitur è Sabinis gens Petronia uenisset, Tarpeiae signum, coniectis in eam scutis à Sabinis necatae, in quinto denario Petronius expressit.' He discusses Tarpeia's story at length citing Varro and Virgil/Servius. The moneyer is the same P. Petronius of the series.",,validated,https://numismatics.org/ocre/id/ric.1(2).aug.299,https://numismatics.org/collection/1937.158.379,,
Petronia,6,RIC I (2nd ed.) Augustus 288,ric,AR,,P. Petronius Turpilianus,19 BC,Head right (Turpilianus); III·VIR / TVRPILIANVS around,Kneeling figure presenting a military standard; CAESAR AVGVSTVS / SIGN·RECE around,,"Orsini discusses the SIGNIS RECEPTIS type as celebrating Augustus's recovery of the Parthian standards lost at Carrhae, citing Dio and Suetonius on the temple of Mars Ultor built to house the returned signa. He correctly identifies P. Petronius Turpilianus as the moneyer.",,validated,https://numismatics.org/ocre/id/ric.1(2).aug.288,https://numismatics.org/collection/1944.100.38311,,
Petronia,7,RIC I (2nd ed.) Augustus 284,ric,AR,,P. Petronius Turpilianus,19 BC,Head right; IIIVIR / TVRPILIAN[VS] around; ERS below,"Elephant walking right; AVGVSTVS above, altar or base below",,"Orsini discusses the Feronia simulacrum on this coin as indicating the Sabine deity Feronia, whose sanctuary at Soracte was famous for its market, cited by Strabo. He uses this to confirm the Petronia gens's Sabine origins, citing Dionysius of Halicarnassus for the Feronia cult's antiquity.",,validated,https://numismatics.org/ocre/id/ric.1(2).aug.284,https://numismatics.org/collection/1977.209.1,,
Petronia,8,RIC I (2nd ed.) Augustus 287,ric,AR,,P. Petronius Turpilianus,19 BC,"Head of Feronia right, diademed; TVRPILIANVS III VIR FERON","Parthian kneeling, extending a military standard (aquila); CAESAR AVGVSTVS SIGN(IS) RECE(PTIS) around",,"Orsini discusses a second Feronia type denarius and elaborates on the Feronia sanctuary at Soracte, its famous market, and the deity's Sabine character. He cites Strabo and Dionysius of Halicarnassus to establish the religious-geographical connection between the Petronia gens and the Sabine cult.",,validated,https://numismatics.org/ocre/id/ric.1(2).aug.287,https://numismatics.org/collection/1944.100.7113,,
Pinaria,1,Crawford 200/1,crawford,AR,,Pinarius Natta,149 BC,Helmeted head of Roma right,Victory in biga right; NAT behind; X below; ROMA in exergue,right,"Orsini attributes this coin (and coin 2) to L. Natta, known from Cicero's pro Murena as a young man of high birth, and from Suetonius as co-heir with Q. Pedius of Caesar's estate ex quadrante. He also cites Tacitus lib. IV as noting a Pinarius Natta as a client of Sejanus under Tiberius. He cites Virgil lib. VIII ('Et domus Herculei custos Pinaria sacri') for the Pinarii's hereditary role.",,validated,https://numismatics.org/crro/id/rrc-200.1,https://numismatics.org/collection/1963.31.3,True,
Pinaria,2,Crawford 200/1,crawford,AR,,Pinarius Natta,149 BC,Helmeted head of Roma right; X (value mark) behind,"Victory in biga right, holding reins and whip; NAT in field; ROMA in exergue",right,Orsini identifies L. Nattam from Cicero's pro Murena and notes L. Natta was appointed heir of Caesar with Q. Pedius from the quadrante inheritance. He treats this second Natta denarius as confirming the family's late Republican prominence alongside the inherited priestly functions.,,validated,https://numismatics.org/crro/id/rrc-200.1,https://numismatics.org/collection/1963.31.3,True,
Pinaria,3,Crawford 546/2,crawford,AR,,L. Pinarius Scarpus (for Mark Antony),31 BC,Laureate head right (likely emperor); M.ANTO.COS.III / IMP.IIII around,"Winged Victory advancing right, holding wreath and palm; SCARPVS to left, ANT(ONIO) AVG to right",right,"Orsini attributes this coin to Pinarius Scarpus as Antony's praefectus in Africa, citing Dio lib. LI. He infers the coin was struck in Africa because Scarpus was called 'Imp.' there. He also connects the Jove Ammon obverse (visible on the denarius) to the African cult of Jove Ammon, citing Herodotus lib. II, Hyginus in fabulis, Ovid Metam. lib. V, Lucan lib. IX, Servius in Aeneid lib. IV. He does not cite the specific legend 'M.ANTO.COS.III' in his text.",,validated,https://numismatics.org/crro/id/rrc-546.2,https://numismatics.org/collection/1896.7.128,,
Plaetoria,1,Crawford 405/2,crawford,AR,,M. Plaetorius Cestianus,69 BC,"Female head right (Ceres or Cybele), wearing stephane or wreath",Standing draped female figure right; M.PLAETORC.EST.S.C around; SORS in exergue,right,"Orsini identifies this as M. Plaetorius Cestianus, aedilis curulis, from Cicero pro A. Cluentio and pro M. Fonteio. He interprets the Sors figure as relating to the temple of Sors ('aedem, quae pro deo... ab antiquis culta fuit, è Plaetoria familia aliquis ex s.c. uel dedicauit, uel refecit'). He cites Plinius for Trebula/Mutuesca as Sabine; Valerius Maximus is cited for the temple of Mercury dedication (aedes Mercurii), not for the Sabine origin.",,validated,https://numismatics.org/crro/id/rrc-405.2,http://numismatics.org/collection/2002.46.415,,
Plaetoria,2,Crawford 405/1,crawford,AR,,M. Plaetorius M.f. Cestianus,67 BC,"Wreathed/laureate female head (no helmet visible), within border",Triangular pediment enclosing the legend M·PÆTORIVS / CEST·S·C; no caduceus shown,left,Orsini connects this coin to M. Plaetorius Cestianus as aedilis curulis and treats the winged caduceus type as evidence of the magistrate's authority. He notes the iconographic reference to the Plaetoria gens's Sabine-Roman origins.,,validated,https://numismatics.org/crro/id/rrc-405.1,http://numismatics.org/collection/1937.158.152,,
Plaetoria,3,Crawford 409/1,crawford,AR,,M. Plaetorius Cestianus,67 BC,"Draped female head right (Vacuna), hair in bun; S.C behind; ANNIVS to left",Eagle standing right on thunderbolt; M.PLAET / CEST around; M.PLAET below,right,Orsini notes the curule aedileship designation and the Sabine origins of the gens from Trebula or Mutuscae as the interpretive framework for the eagle on thunderbolt type. He identifies the AED.CVR legend as confirming M. Plaetorius Cestianus's magistracy.,,validated,https://numismatics.org/crro/id/rrc-409.1,http://numismatics.org/collection/1944.100.2294,,
Plaetoria,4,Crawford 405/5,crawford,AR,,M. Plaetorius Cestianus,69 BC,"Male head right, youthful",Winged caduceus; CEST.EX.S.C / M.PLAETORI around (no cornucopiae),right,"Orsini notes M. Plaetorius as aedile who may have attended to Mercury's temple, interpreting the caduceus as Mercury's dedication. He cites Cicero's pro Cluentio on the lex Plaetoria and discusses the S.C. designation as senatorial authorization.",,validated,https://numismatics.org/crro/id/rrc-405.5,https://numismatics.org/collection/2002.46.423,True,
Plaetoria,5,Crawford 409/2,crawford,AR,,M. Plaetorius Cestianus,67 BC,Turreted female head right (Cybele); CESTIANVS around,Curule chair (sella curulis) with items; AED.CVR.EX.S.C / M.PLAETORIVS around,right,Orsini identifies the curule chair as symbol of the aedileship and connects Cybele (Magna Mater) to the aedilician games (ludi Megalenses). He reads the CESTIANVS legend as confirming the attribution to M. Plaetorius Cestianus and the AED.CVR.EX.S.C as the full aedilician title.,,validated,https://numismatics.org/crro/id/rrc-409.2,https://numismatics.org/collection/1896.7.88,,
Plaetoria,6,Crawford 405/5,crawford,AR,,M. Plaetorius Cestianus,69 BC,Female head right; dagger/sword behind neck,Caduceus with two serpents; CEST.EX.S.C / M.PLAETOR around,right,"Orsini notes the EX S C designation on this caduceus variant as indicating senatorial authority for the coinage issue, consistent with M. Plaetorius Cestianus's multiple issues as aedilis curulis. He groups this with the other caduceus types as part of the same magistrate's series.",,validated,https://numismatics.org/crro/id/rrc-405.5,https://numismatics.org/collection/2002.46.423,True,
Plaetoria,7,Crawford 508/3,crawford,AR,,L. Plaetorius Cestianus (for Brutus),43-42 BC,Bare male head (Brutus); BRVT·IMP and L·PLAET·CEST around,Pileus (liberty cap) flanked by two daggers; EID·MAR below,right,"Orsini says L. Plaetorius was perhaps the brother ('frater fortasse') of the aedile M. Plaetorius and served as quaestor to Brutus, who is called 'coniurationis princeps' — that title belongs to Brutus, not L. Plaetorius. Orsini notes the Moneta obverse indicates a quaestor's coin ('Quaestores Prouinciales, unà cum Proconsulibus... pecuniam sibi ex aerario a Senatu attributam'). From the plate, this coin shows 'EID MAR' (daggers and pileus reverse); Orsini discusses the Brutus coinage as confirming L. Plaetorius as quaestor.",,validated,https://numismatics.org/crro/id/rrc-508.3,https://numismatics.org/collection/1944.100.4554,True,
Plaetoria,8,Crawford 508/2,crawford,AR,,L. Plaetorius Cestianus (for Brutus),43-42 BC,Veiled/draped female head; BRVTVS behind,Lituus and simpulum; BRVT IMP around,right,"Orsini explains the Moneta imago as the goddess of the treasury associated with provincial quaestors receiving funds from the aerarium: 'Quaestores Prouinciales, unà cum Proconsulibus aut Propr. in prouincias exituri, pecuniam sibi ex aerario a Senatu attributam... accipiebant.' He does not interpret Moneta as symbolizing the conspirators' liberty from Caesar. He also cites Asconius in Verrinis and Cicero pro A. Cluentio for L. Plaetorius.",,validated,https://numismatics.org/crro/id/rrc-508.2,https://numismatics.org/collection/1937.158.339,True,
Plaetoria,9,Crawford 396/1,crawford,AR,,M. Plaetorius Cestianus,69 BC,"Draped female head; MONETA before, S·C behind",Winged/striding figure holding caduceus and implements; L·PLAETORI / L·F·Q·S·C around,right,"Orsini explicitly attributes this (the fourth coin of the second plate) to M. Plaetorius Cestianus the aedile — the same moneyer as the first plate: 'Quartus denarius ad M. Plaetorium Cestianum pertinet, de quo dictum est in superiore tabella.' He then says from the reverse imagery (XV VIRUM SACRIS FACIUNDIS or Pontifex symbols) this person held a priestly office. This is NOT an L. Plaetorius coin.",,validated,https://numismatics.org/crro/id/rrc-396.1,http://numismatics.org/collection/2002.46.407,,
Plancia,1,Crawford 432/1,crawford,AR,,Cn. Plancius,55 BC,Head right; CN.PLANCIVS around,Cretan goat (Amalthea) standing right,right,"Orsini identifies Cn. Plancius as Tribunus Plebis and Quaestor in Macedonia (not Crete), cites Cicero lib. II ad Q. Fratrem and Dio lib. XXXIX. He connects the coin's reverse to Plancius's Aedilitas ('monumenta quoque Aedilitatis expressa sunt'), citing Cicero lib. III de legibus on aediles as curatores of games. He does not connect the reverse type to Crete or to 'family associations.'",,validated,https://numismatics.org/crro/id/rrc-432.1,https://numismatics.org/collection/1937.158.222,,
Plautia,1,Crawford 453/1a,crawford,AR,,L. Plautius Plancus,47 BC,Facing head of Medusa (gorgoneion); L.PLAVTIVS below,Winged figure (Aurora or Victory) leading horses of the sun; A.PLANCVS around,,Orsini notes the name appears as both Plautius and Plotius and explains this variation as characteristic of the gens. He identifies L. Munatius Planci frater as the triumvir monetalis and discusses the Medusa facing/Aurora type as a distinctive iconographic choice by this moneyer.,,validated,https://numismatics.org/crro/id/rrc-453.1a,https://numismatics.org/collection/1948.19.226,,
Plautia,2,Crawford 422/1b,crawford,AR,,M. Scaurus and P. Plautius Hypsaeus,58 BC,"Kneeling figure (king) beside a camel; M·SCAVR / AED·CVR above, EX·S·C at sides, REX ARETAS in exergue",Jupiter in a quadriga left; C·HVPSAEVS·AED·CVR around; CAPTV / C·HVPSAE·COS / PREIVER in exergue,,"Orsini identifies coins 2–4 collectively as struck by P. Plautius Hypsaeus in memory of C. Plautius Hupfaeus who captured Privernum ('C. HVPSAEO CONSULE PREIVERNVM CAPTV'). The BACCHIVS IVDAEVS debate and camel imagery belong to coin 5 (A. Plautius), not to this joint Scaurus/Hypsaeus issue.",,validated,https://numismatics.org/crro/id/rrc-422.1b,https://numismatics.org/collection/1941.131.252,True,
Plautia,3,Crawford 420/2,crawford,AR,,P. Plautius Hypsaeus,60 BC,"Head right, laureate; PIETAS behind",Jupiter in a galloping quadriga right; C.YPSAE.COS / PRIV in exergue,right,"Orsini identifies coins 2, 3, and 4 as struck by P. Plautius Hypsaeus to commemorate C. Plautius Hupfaeus (consul, cognominated Decianus), who captured Privernum. For coins 3 and 4 the title reads 'C. YPSAEVS PREIVERNVM CEPIT' ('CEPIT' on coins 3–4, 'CAPTV' on coin 2). Orsini does not say PRIV = 'consul preivisse' or 'recording a consular ancestor'; 'PREIVERNVM' is the Latin town Privernum, not a reference to a private individual or ancestor commemoration.",,validated,https://numismatics.org/crro/id/rrc-420.2,https://numismatics.org/collection/0000.999.2330,,
Plautia,4,Crawford 420/1,crawford,AR,,P. Plautius Hypsaeus,60 BC,Bearded head of Neptune right; trident behind,Jupiter in quadriga right; C·YPSAE·COS / PRIV in exergue,right,Orsini reads the legend as 'C. YPSAEVS PREIVERNVM CEPIT' on this coin (as on coin 3). He does NOT read 'PRIV' as indicating a 'private individual (privatus).' PREIVERNVM = the town Privernum captured by C. Hypsaeus. Orsini notes the name Hupfaeus is spelled with Greek Y (without aspiration).,,validated,https://numismatics.org/crro/id/rrc-420.1,https://numismatics.org/collection/1905.57.24,,
Plautia,5,Crawford 431/1,crawford,AR,,A. Plautius,47-46 BC,"Turreted/wreathed female head (Cybele) right; A·PLAVTIVS above, AED·CVR·S·C below","Kneeling suppliant figure beside a camel, holding reins and olive branch; BACCHIVS / IVDAEVS in exergue",right,"Orsini debates whether BACCHIVS IVDAEVS refers to an Arabian king Bacchius or a Judaean reference on this A. Plautius coin, ultimately preferring the interpretation of an Arabian submission indicated by the camel imagery. He connects the coin to Pompey's eastern campaigns.",,validated,https://numismatics.org/crro/id/rrc-431.1,http://numismatics.org/collection/1947.2.161,,
Plautia,6,Crawford 278/1,crawford,AR,,C. Plautius,121 BC,"Helmeted head of Roma right, wearing winged helmet; X (value mark) behind",The Dioscuri galloping right; C·PLVTI below; ROMA in exergue,right,"Orsini notes that the name C. PLVTI could be read as belonging to the same Plautia gens as the other coins on this plate. He suggests this may be the same person as C. Plotius Rufus of the bronze coinage, acknowledging the uncertainty in the name forms used across different denominations.",,validated,https://numismatics.org/crro/id/rrc-278.1,https://numismatics.org/collection/1896.7.31,,"American Numismatic Society (ANS 1896.7.31), CC BY-NC 4.0"
Plotia,1,RIC I (2nd ed.) Augustus 388,ric,AE,,C. Plotius Rufus,15 BC,AVGVSTVS TRIBVNIC POTEST text in wreath (NO portrait head),S C in centre; C PLOTIVS RVFVS IIIVIR A A A F F surrounding,,Orsini states that Plotia was the same gens as Plautia and notes that C. Plotius Rufus is possibly the same person listed as C. Plutius on the Plautia plate denarius. He defers to his fuller Plautia discussion for the family's history and treats this bronze issue as the Plotian branch's representative coin.,,validated,https://numismatics.org/ocre/id/ric.1(2).aug.388,https://numismatics.org/ocre/id/ric.1(2).aug.388,,
Poblicia,1,Crawford 335/1,crawford,AR,,"C. Malleolus, L. Licinius Crassus, Cn. Domitius Ahenobarbus (tresviri)",118 BC,Helmeted head; C·MALLE·C·F legend around the head (no ROMA on this side),Standing warrior/togate figure with a winged Victory beside him (crowning/advancing toward him); C·MAL above and ROMA in exergue. No chariot or horses.,right,"Orsini discusses the Poblicia/Publicia name variants and notes C. Poblicius Malleolus as quaestor in Asia, citing Cicero's Verrines. He attributes this denarius to the Poblicia gens based on the C·MALLE·C·F legend and treats the warrior in biga type as standard for the period.",,validated,https://numismatics.org/crro/id/rrc-335.1,http://numismatics.org/collection/1944.100.722,,
Poblicia,2,Crawford 335/3b,crawford,AR,,C. Publicius Malleolus (with L. Caecilius Metellus),96 BC,Helmeted head of Mars right; hammer (malleus) behind,"Naked warrior standing left, holding spear, right foot on cuirass; trophy to left, prow to right; C·MAL",right,"Orsini attributes this Hercules type to C. Poblicius Q.f. based on the legend. He does not connect the Hercules imagery to a 'Malleolus cognomen tradition' or to 'Sabine origins.' He notes that in these coins Malleolus impressed 'monumenta terreftris & naualis victoriae' as general comment about the series, not specifically tied to the Hercules type.",,validated,https://numismatics.org/crro/id/rrc-335.3b,https://numismatics.org/collection/1941.131.126,,"American Numismatic Society (ANS 1941.131.126), CC BY-NC 4.0"
Poblicia,3,Crawford 380/1,crawford,AR,,C. Poblicius Q.f.,80 BC,Helmeted head right,"Hercules standing nude with club, a vexillum/standard (flag on a pole) at right. No animal/creature shown.",right,Orsini attributes this Hercules variant to C. Poblicius Q.f. from the legend. He makes no reference to 'Sabine settlers' or a Sabine family origin anywhere in his Poblicia text.,,validated,https://numismatics.org/crro/id/rrc-380.1,https://numismatics.org/collection/1947.2.108,,
Poblicia,4,Crawford 380/1,crawford,AR,,C. Poblicius Q.f.,80 BC,Helmeted head right (Roma); P behind,Hercules wrestling the Nemean lion; C.POBLICIO.Q.F around,right,Orsini reads the C.POBLICIO.Q.F legend as confirming the Poblicia gens attribution and groups this as a third specimen of the Hercules wrestling type. He treats the complete legend on this coin as the most explicit confirmation of the family identification in the series.,,validated,https://numismatics.org/crro/id/rrc-380.1,https://numismatics.org/collection/1944.100.1921,,
Poblicia,5,Crawford 469/1a,crawford,AR,,M. Poblicius (for Cn. Pompeius Magnus),46-45 BC,Helmeted bust of Roma or Minerva right; shield behind; PRO / M.POBLICI around,"Female figure (Hispania) standing right, with shield, greeting general; CN·MAGNVS IMP text",right,"Orsini identifies M. Poblicius as Cn. Pompey's legatus Propraetore and states explicitly that the Hispania image on the reverse proves he served in SPAIN, not in the Piratic war: 'in Hispania, non in bello Piratico fuiffe, ex Hifpaniae ipfius imagine, quae in altera denarii parte fignata eft, facilè conftat.' He does not discuss a 'MAGNVS IMP' legend in this coin's entry.",,validated,https://numismatics.org/crro/id/rrc-469.1a,https://numismatics.org/collection/1967.153.25,True,
Poblicia,6,Crawford 282/4,crawford,AR,,C. Poblicius Malleolus (with L. Licinius and Cn. Domitius),118 BC,Radiate head of Sol right; CMA monogram behind; mark of value below,"Figure in biga galloping right, holding reins; L.LIC.CN.DOM below",right,Orsini shows this coin (L.LIC.CN.DOM joint issue) in the Poblicia plate. He does not discuss 'Sol in quadriga' or 'broader symbolism of Roman colonial expansion' in his Poblicia text; he merely includes the coin to document the gens's participation in the joint Narbo issue.,,validated,https://numismatics.org/crro/id/rrc-282.4,https://numismatics.org/collection/2002.46.86,True,
Pompeia,1,Crawford 511/1,crawford,AV,,Sextus Pompeius Magnus,42-40 BC,Single bare male head (Pompey); MAGNVS / PIVS·IMP·ITER around.,PRAEF / CLAS.ET.ORAE / MARIT.EX.S.C around; two male heads facing each other,right,"Orsini identifies the first coin as a gold aureus of Sex. Pompeius Magnus filius, struck when he held the praefecture of the fleet and maritime coast by senatorial decree ('claffis, & orae maritimae ex s.c. praefectus'). He argues at length that the obverse portrait is Cn. Pompey the Great (not a jugate portrait of father and son): 'facilè adducor ut credam hanc effe ueram Cn. Pompeii imaginem (non autem eam, quae uulgò creditur, quae cum Sexti fit, malè Cn. patri tributa eft).' On the reverse, besides his father's portrait, there is 'corona quaedam impressa est, quae licet è quercu sit, eam tamen esse arbitramur, quam Pompeio Senatum concessisse... tradit Dio li.xxxvii.' He draws on Dio lib. xxxvii for the oak crown and on Velleius for Alexander's likeness to Pompey.",,validated,https://numismatics.org/crro/id/rrc-511.1,https://numismatics.org/collection/1954.256.1,,
Pompeia,2,Crawford 446/1,crawford,AR,,Cn. Calpurnius Piso (for Pompey),49 BC,"Head right, bearded; CN.PISO / PRO.Q around; NVMA behind",Prow of ship; MAGN / PRO.COS around,right,"Orsini discusses Pompey's naval command and victory over the pirates on this Cn. Piso pro quaestore issue, noting the MAGN PRO COS legend as conferring Pompey's proconsular title. He identifies Cn. Piso as struck under Pompey's authority in connection with the Piratic war.",,validated,https://numismatics.org/crro/id/rrc-446.1,https://numismatics.org/collection/1937.158.245,True,
Pompeia,3,Crawford 447/1a,crawford,AR,,M. Terentius Varro (for Pompey),49 BC,"Head right (Varro), bearded; VARRO.PRO.Q around",Central vertical scepter/staff flanked by a dolphin (one side) and an eagle (other side); MAGN·PRO / COS in exergue.,right,"Orsini notes this M. Terentius Varro proquaestor issue uses the dolphin, eagle and sceptre to indicate naval and imperial power under Pompey's proconsular authority. He identifies Varro's fleet command and discusses the MAGN PRO / COS legend as the primary Pompeian authority inscription.",,validated,https://numismatics.org/crro/id/rrc-447.1a,https://numismatics.org/collection/1937.158.246,,
Pompeia,4,Crawford 469/1a,crawford,AR,,M. Poblicius (for Cn. Pompeius Magnus),46-45 BC,Helmeted head of Roma in crested helmet; M·POBLICI·LEG·PRO·PR around.,Female figure (Hispania or Province) presenting palm to warrior; CN.MAGNVS.IMP around,right,"Orsini identifies M. Poblicius as Pompey's legatus Propraetore in HISPANIA and states the Hispania figure on the reverse confirms a Spanish campaign, not the Piratic war: 'Quartum tabellae denarium à M. Poblicio, qui fuit Pompeii in Hifpania legatus Propraetore, fignatum fuiffe coniicere pofumus ex eo, quòd in eius denarii altera parte Hifpaniae imago impressa eft, clypeum & haftas demiffis mucronibus gerens.' Hispania is explicitly stated; the Piratic war is excluded.",,validated,https://numismatics.org/crro/id/rrc-469.1a,https://numismatics.org/collection/1967.153.25,True,
Pompeia,5,Crawford 470/1c,crawford,AR,,M. Minatius Sabinus (for Pompey),46-45 BC,"Head of Pompey right, bare; CN.MAGNVS / IMP around","Figural greeting scene: a standing figure being welcomed/greeted by another figure (soldier), PRO·Q at left; M·MINAT·SABIN in exergue. No ship or prow as the device.",right,Orsini notes the Hispania image and Pompey's imperator title on this M. Minatius Sabinus proquaestor issue. He discusses the coin as struck during the Spanish campaign under Pompey's command and identifies M. Minatius Sabinus from the PRO.Q designation.,,validated,https://numismatics.org/crro/id/rrc-470.1c,https://www.britishmuseum.org/collection/object/C_1856-0904-6,,"British Museum, 1856,0904.6 (CC BY-NC 4.0)"
Pompeia,6,Crawford 479/1,crawford,AE,AR→AE,Sextus Pompeius Magnus Pius,44-43 BC,Two janiform heads (Pompey Magnus and son); MGN behind,Ship prow right; PIVS above; IMP below,,"Orsini's sixth coin (the bronze with PIVS IMP) bears 'Sextus à Sex.to filio cum imagine fua & Cn.patris (non fratris, ut eft in primo huius tabellae aureo nummo) ex aere percuffus.' The portraits are Sextus and his father Cn. Pompey on obverse/reverse, not janiform heads. Orsini notes: 'Pivs vero à fcriptoribus nunquam eft appellatus' — PIVS appears only on his coins, not in literary sources.",,validated,https://numismatics.org/crro/id/rrc-479.1,https://numismatics.org/collection/1944.100.3560,True,
Pompeia,7,Crawford 511/3a,crawford,AR,,Sextus Pompey,42–40 BC,"Head of Pompey the Great right; lituus before, jug behind; MAG·PIVS·IMP·ITER legend around; border of dots.","Neptune standing left, diademed, holding aplustre; right foot on prow; on either side a Catanean brother bearing his father on shoulders; PRAEF // CLAS·ET·ORAE / MARIT·EX·S·C legend.",right,Orsini discusses the CLAS ET ORAE MARIT inscription as indicating Sextus Pompey's praefecture of the fleet and maritime coast by senatorial decree (EX S C). He treats the MAG PIVS IMP ITER title as evidence of Sextus's claim to his father's Pompeian authority and discusses the priestly implements.,,validated,https://numismatics.org/crro/id/rrc-511.3a,https://numismatics.org/collection/1922.202.2,,
Pompeia,8,Crawford 483/2,crawford,AR,,Q. Nasidius (for Sextus Pompey),44-43 BC,Male head right (Neptune per Orsini); partially visible,Ship (galley) sailing right; Q.NASIDIV below,right,"Orsini assigns this Q. Nasidius galley type to the Nasidia gens but places it under Pompeia for contextual completeness, noting Nasidius's role as praefectus classis for Sextus Pompey. He discusses the Neptune identification as connecting to Sextus's claim to Neptune's patronage.",,validated,https://numismatics.org/crro/id/rrc-483.2,https://numismatics.org/collection/1935.117.24,True,
Pompeia,9,Crawford 511/4a,crawford,AR,,Sextus Pompeius Magnus,42-40 BC,Lighthouse or columna rostrata with statue; MAG.PIVS.IMP.ITER around,"Monster (Scylla) wielding rudder, with dog protomes; PRAEF.ORAE.MARIT.ET.CLAS.S.C around",,"Orsini connects the Scylla reverse to Sextus's Sicilian base, citing Virgil's Bucolics ('quale à Virgilio in Bucolicis defcribitur in illis uerfibus, aut quam fama fecuta eft, Candida fuccin&am latrantibus inguina monftris...'). In the other part of the denarius he notes Neptune's trident and maritime symbols ('trophaea de maritimis Sexti victoriis'). He does not mention a lighthouse in connection with this coin.",,validated,https://numismatics.org/crro/id/rrc-511.4a,http://numismatics.org/collection/1969.222.70,,
Pompeia,10,Crawford 511/2,crawford,AR,,Sextus Pompeius Magnus Pius,42-40 BC,"Head of Neptune right, bearded; trident behind; MAG[NVS] / IMP.ITER around","Scylla as a sea-monster brandishing a rudder, dog protomes at her waist, set over an anchor; PRAEF.CLAS.ET.ORAE.MARIT.EX.S.C around.",right,"Orsini notes the maritime trophaea on this Scylla/Neptune variant as celebrating Sextus Pompey's naval victories, citing Appian and Dio on his campaigns. He connects the Neptune trident to Sextus's self-identification as Neptuni filius (son of Neptune).",,validated,https://numismatics.org/crro/id/rrc-511.2,http://numismatics.org/collection/1937.158.340,,
Pompeia,11,Crawford 477/1,crawford,AR,,Sextus Pompey,42-40 BC,Head right (Sextus Pompey); SEX.MAGNVS.PIVS around,"Pietas standing, holding a long scepter and an extended patera; PIETAS at right",right,Orsini notes the SAL inscription is not clearly explained and treats the Pietas figure as connecting to Sextus's PIVS cognomen and filial devotion to his father Cn. Pompey Magnus. He does not identify SAL with the Salus deity and leaves the specific reference uncertain.,,validated,https://numismatics.org/crro/id/rrc-477.1,http://numismatics.org/collection/1944.100.3553,,
Pompeia,12,Crawford 479/1,crawford,AE,,Sextus Pompeius,44-43 BC,Single bearded male head facing left (Janus/Pompey features),Ship's prow or naval element facing right; SEX·POM legend visible,,"Orsini discusses Sextus Pompey's Neptunian self-identification, citing Dio: 'Sextus autem magis tum elatus animo, uere Neptuni filium fe credebat effe, ueftemq. caeruleam induit.' He notes Sextus changed his military cloak (paludamentum) to blue ('caeruleumq. fumpfiffe pro puniceo, adoptatum fcilicet à Neptuno'). He does NOT say Sextus cast his ring or horse into the sea — that detail is absent from Orsini's text.",,validated,https://numismatics.org/crro/id/rrc-479.1,https://numismatics.org/collection/1944.100.3560,True,
Pompeia,13,Crawford 434/1,crawford,AR,,Q. Pompeius Rufus,54 BC,Bare head right; Q·POMPEI·Q·F / RVFVS around,Bare head right; SVLLA / COS,right,"Orsini identifies this coin as Q. Pompeii Q.f. Rufi, who was consul with L. Cornelius Sulla in anno DCLXV, citing Cicero (in Bruto), Asconius (in Corneliana), and Appianus (lib. i bel. Ciuil.). He does not cite Dio or Velleius for this coin's discussion.",,validated,https://numismatics.org/crro/id/rrc-434.1,https://numismatics.org/collection/1893.005.1,True,
Pompeia,14,Crawford 434/2,crawford,AR,,Q. Pompeius Rufus,54 BC,Two curule chairs with fasces between; Q.POMPEI.Q.F / RVFVS above; COS below,SVLLA.COS above; curule chair; Q.POMPEI.RVF below,,"Orsini notes the double curule chair type on this Q. Pompeius Rufus coin as commemorating both grandfathers' consulships, citing the sella curulis as the symbol of consular and praetorial authority. He identifies the SVLLA COS designation as the Sullan connection to the Pompeii through the consular year.",,validated,https://numismatics.org/crro/id/rrc-434.2,https://numismatics.org/collection/1896.7.94,True,
Pompeia,15,Crawford 235/1c,crawford,AR,,Sex. Pompeius Fostlus,137 BC,Helmeted head of Roma right; X (value mark) behind,She-wolf right suckling twins (Romulus and Remus); SEX.PO[M] / COS above; ROMA in exergue,right,"Orsini connects the she-wolf suckling the twins on this Sex. Pompeius Fostlus denarius to the Faustulus legend and Romulus's founding myth, citing Ovid. He notes the picus Martius (woodpecker of Mars) as a companion of the lupa in the foundation story and treats the Fostlus cognomen as directly evoking the shepherd who raised Romulus.",,validated,https://numismatics.org/crro/id/rrc-235.1c,https://numismatics.org/collection/1941.131.58,,
Pomponia,1,Crawford 334/1,crawford,AR,,L. Pomponius Molo,97 BC,"Male head right, laureate; POMPONI / MVLO behind",Sacrifice scene at a lighted altar: Numa Pompilius standing before the altar and a victimarius leading a goat to sacrifice; NVM.POMPIL in exergue,right,"Orsini traces the gens to Pompo, son of Numa Pompilius, citing Plutarch, and treats the NVM POMPIL inscription on this L. Pomponius Molo denarius as indicating the king's sacrifice at an altar. He identifies the seated figure as Numa Pompilius himself and discusses the family's legendary origin from the second Roman king.",,validated,https://numismatics.org/crro/id/rrc-334.1,https://numismatics.org/collection/1937.158.60,,
Pomponia,2,Crawford 282/3,crawford,AR,,L. Pomponius (Cn. Domitius / L. Licinius joint issue),118 BC,Helmeted head of Roma; X (value mark) and M monogram behind; ROMA,Victory driving a galloping biga (two-horse chariot); ELIC·CN·DOM below,right,"Orsini cannot identify the moneyer of this second coin (CN. F. on the obverse): 'quis fuerit, quia nulla de eo apud fcriptores mentio reperitur, mihi diuinare non licet.' He does not associate this coin with the Narbo colonial issue; that is a misidentification. The Narbo colonial coin (L.LIC.CN.DM) appears elsewhere in the plate.",,validated,https://numismatics.org/crro/id/rrc-282.3,https://numismatics.org/collection/1944.100.564,True,
Pomponia,3,Crawford 398/1,crawford,AR,,Q. Pomponius Musa,66 BC,Laureate head of Jupiter right; S·C behind; RVFVS before,Eagle standing on thunderbolt; Q.POMPONI around,right,"Orsini reads Q. POMPONI. MVSA on this coin (third coin of the first table) and uses it as evidence toward the Musa cognomen. He does not say he 'cannot identify which Q. Pomponius this refers to' — on the contrary, this coin's inscription (Q. POMPONI. MVSA) is part of his argument for the existence of a Q. Pomponius with the cognomen Musa.",,validated,https://numismatics.org/crro/id/rrc-398.1,http://numismatics.org/collection/2002.46.409,,
Pomponia,4,Crawford 410/1,crawford,AR,,Q. Pomponius Musa,66 BC,Female head right (one of the Muses); MVSAR[VM] behind; bow and quiver,"Hercules standing right, playing a lyre, club at side; HERCVLES / MVSARVM around",right,Orsini identifies this as the first of the Muses series connected to Hercules Musarum and notes the temple was restored by L. Marcius Philippus. He cites Suetonius for the temple history and connects Fulvius Nobilior's original dedication to the cultural program of the late Republic.,,validated,https://numismatics.org/crro/id/rrc-410.1,https://numismatics.org/collection/1911.41.1,,
Pomponia,5,Crawford 410/2,crawford,AR,,Q. Pomponius Musa,66 BC,"Female head right, laureate (Muse); lyre behind",Standing draped Muse holding lyre; MVSA / Q·POMPONI around,right,"Orsini identifies this Muse as Calliope, citing the Greek verse: 'Καλλιόπη σοφίην ἡρωΐδος εὗρεν ἀοιδῆς. hoc eft, Calliope heroi monstrauit carminis artem' (Calliope showed the art of heroic song). The Latin phrase 'libris heroica mandat' does not appear in Orsini's text for this coin.",,validated,https://numismatics.org/crro/id/rrc-410.2,https://numismatics.org/collection/1948.19.179,,
Pomponia,6,Crawford 410/6,crawford,AR,,Q. Pomponius Musa,66 BC,"Female head right (Muse), laureate",Standing female figure (Muse) with theatrical mask and column; Q.POMPONI / MVSA around,right,"Orsini identifies this Muse as Thalia, citing the Greek verse: 'Κωμικὴν εὗρε Θάλεια βίον τε... hoc eft, Comica vita Thalia tibi eft, moresque reperti.' The Latin phrase 'comica lascivo gaudet sermone Thalia' does not appear in Orsini's text.",,validated,https://numismatics.org/crro/id/rrc-410.6,https://numismatics.org/collection/1944.100.2329,,
Pomponia,7,Crawford 410/8,crawford,AR,,Q. Pomponius Musa,66 BC,"Female head right (Apollo per Orsini) (Muse), with star ornament; diademed",Standing draped female figure (Muse) with book/scroll and column; MVSA / Q.POMPONI around,right,"Orsini identifies this Muse as Urania, citing the Greek verse: 'οὐρανίη πόλον εὗρε καὶ οὐρανίων χορὸν ἄστρων: hoc eft, Urania aftrorumque chorum, caelique rotatus' (Urania [found] the chorus of the stars and the revolutions of heaven). The phrase 'caeli motus scrutatur' does not appear in Orsini's text.",,validated,https://numismatics.org/crro/id/rrc-410.8,https://numismatics.org/collection/1947.2.138,,
Pomponia,8,Crawford 410/4,crawford,AR,,Q. Pomponius Musa,66 BC,"Female head right (Muse), laureate",Standing draped female figure (Muse) holding scroll or tablet; MVSA / Q.POMPONI around,right,"Orsini identifies this Muse as Terpsichore, Muse of dance, noting she prepares calamos to blow (Terpsichore calamos inflare paravit). He also notes that Horace assigns the tibiae to Euterpe and debates the assignment of instruments between the Muses.",,validated,https://numismatics.org/crro/id/rrc-410.4,https://numismatics.org/collection/1947.2.135,,
Pomponia,9,Crawford 410/10,crawford,AR,,Q. Pomponius Musa,66 BC,"Female head right (Muse), diademed with laurel",Standing draped female figure (Muse) with attribute; MVSA / Q.POMPONI around,right,"The substance of the coin 9 comment IS verifiable from the scan. The text continues on the following page: 'Barbiton quod Polyhymniae, ut diximus, Musae tribuit Horatius, cuiusmodi fuerit, ex eo, quod in denario impressum est, cognosci potest.' Orsini cites Horace Carm. I.1 for the barbiton ('si neque tibias / Euterpe cohibet: nec Polyhymnia / Lesboum refugit tendere barbiton') and identifies the Muse on the coin as Polyhymnia from this instrument. The comment is broadly correct; the flag's claim that it 'cannot be fully verified' is incorrect — both pages (the 'Barbi-' page and its continuation) fall within the readable range.",,validated,https://numismatics.org/crro/id/rrc-410.10,https://numismatics.org/collection/1937.158.180,,
Pomponia,10,Crawford 410/3,crawford,AR,,Q. Pomponius Musa,66 BC,"Female head right (Muse), laureate",Standing draped female figure (Muse) holding attribute; Q.POMPONI / MVSA around,right,"Orsini identifies the Muse on the sixth coin of the first table as possibly Clio, citing the Greek verse: 'Κλειώ καλλιχέρη κιθάρης μελλιγλώσσα μολπήν. hoc eft, Clio dulcifonae citharae modulamina prompsit' (Clio produced the harmonies of the sweet-sounding lyre). The phrase 'gesta canens transactis tempora reddit' does not appear in Orsini's Clio entry.",,validated,https://numismatics.org/crro/id/rrc-410.3,https://numismatics.org/collection/1944.100.2321,,
Pomponia,11,Crawford 410/5,crawford,AR,,Q. Pomponius Musa,66 BC,"Female head right (Muse), with flowing hair",Standing draped Muse holding a lyre resting on a low column; MVSA / Q.POMPONI around,right,"Orsini's third coin of the second table shows Euterpe holding a theatrical mask ('perfonam manu tenens fingitur') and cites the Greek verse: 'Εὐτέρπη τραγικοῖο χοροῦτολύγχεα φωνήν. hoc eft, Euterpe chori tragici refonabile carmen' (Euterpe [found] the resonant song of the tragic chorus). He notes Horace assigns the tibiae to Euterpe. The phrase 'dulciloquis calamos Euterpe flatibus urget' does not appear in Orsini.",,validated,https://numismatics.org/crro/id/rrc-410.5,https://numismatics.org/collection/1941.131.229,,
Pomponia,12,Crawford 410/7,crawford,AR,,Q. Pomponius Musa,66 BC,"Female head right (Muse), diademed",Standing draped female figure (Muse) holding scroll; Q.POMPONI / MVSA around,right,"Orsini identifies the fifth coin of the second table as Melpomene, citing the Greek verse: 'Μελπομένη θνητοῖσι μελίφρονα βέλτιτον ἦρε. hoc eft, Melpomene dulci concentu barbita mouit' (Melpomene moved the barbiton with sweet sound). He notes she holds a persona (mask) and the cithara. The phrase 'Melpomene tragico proclamat maesta boatu' does not appear in Orsini's Melpomene entry.",,validated,https://numismatics.org/crro/id/rrc-410.7,https://numismatics.org/collection/1905.57.21,,
Pomponia,13,Crawford 410/9,crawford,AR,,Q. Pomponius Musa,66 BC,Laureate female head right (Muse),"Single Muse standing, draped; Q.POMPONI / MVSA around",right,"Orsini identifies the second coin of the second table as Erato, citing the Greek verse: 'Ύμνος ἀθανάτων Ε'ρατὼ πολυτερπέας εὗρεν. hoc eft, Aft Erato diuum iucundos reperit hymnos' (Erato discovered the joyful hymns of the gods). He also cites Ovid's Elegia verse. The phrase 'plectra gerens Erato saltat pede, carmine, vultu' does not appear in Orsini's Erato entry.",,validated,https://numismatics.org/crro/id/rrc-410.9,https://numismatics.org/collection/1937.158.179,,
Pomponia,14,Crawford 410/4,crawford,AR,,Q. Pomponius Musa,66 BC,Laureate head right (Apollo); S·C and RVFVS in field,Standing draped Muse; MVSA / Q·POMPONI around,right,"Orsini debates whether Musa and Rufus are the same person or two separate Pomponii ('ad duas Pomponiae gentis familias pertinere hos denarios puto'). He cites Valerius Maximus (lib. iiii, cap. iv) and a bronze tablet inscription for Q. Pomponius Rufus. He does NOT mention a 'Gemellus cognomen' or cite Cicero's Brutus for a Gemellus in the Pomponia section.",,validated,https://numismatics.org/crro/id/rrc-410.4,http://numismatics.org/collection/1947.2.135,,
Porcia,1,Crawford 282/3,crawford,AR,,C. Porcius Cato,123 BC,Helmeted head of Roma right; LLIC[A] behind,"Naked bearded warrior (Bituitus) in biga right, hurling spear; L.PORCI around; L·LIC·CN·DOM in exergue",right,"Orsini identifies the moneyer of the first Porcia coin as L. Porcius Licinus (not a member of the Cato branch), citing Livy lib. XXXIX for his praetorship (an. DLX) and consulship with P. Claudius Pulcher (an. DLXIX). The reverse legend ELIC·CN·DON identifies this as the Narbo colonial joint issue.",,validated,https://numismatics.org/crro/id/rrc-282.3,https://numismatics.org/collection/1944.100.564,True,
Porcia,2,Crawford 274/1,crawford,AR,,C. Porcius Cato,123 BC,Helmeted head of Roma right; X (value mark) behind,"Victory in biga right, holding reins and whip; C.CATO below; ROMA in exergue",right,Orsini notes C. Porcius Cato was consul with M. Acilius Balbus and treats this standard Roma/Victory biga type as the Cato moneyer's documentary coin. He cites Livy for the consular chronology and connects the coin to the Catones' Republican prominence.,,validated,https://numismatics.org/crro/id/rrc-274.1,https://numismatics.org/collection/1947.2.20,,
Porcia,3,Crawford 462/1,crawford,AR,,M. Porcius Cato (Uticensis),47-46 BC,Female head right (Roma); ROM[A] behind; M.CATO.PRO.PR around,"Victory seated right, holding wreath; VICTRIX in exergue",right,"Orsini connects the VICTRIX type on coin 3 primarily to M. Cato SENIOR's dedication of a Victoria virginis aedicula, citing Livy lib. XXXV: 'Victoriae simulacrum, quod in altera denariorum parte expressum est, pertinet, vt arbitror, ad ea, quae de M. Catone seniore tradit Livius lib. xxxv. iisdem diebus, aeculam Victoriae virginis prope aedem Victoriae M. Porcius Cato dedicauit, biennio postquam vouerat, P. Victor in VIII. regione Fori Romani.' He uses Velleius and Plutarch separately for Cato Uticensis's biography and propraetura, but the VICTRIX iconographic interpretation is anchored in the Livy passage on M. Cato Senior. The comment's attribution of 'anti-Caesarian stand' as Orsini's stated interpretive frame for the VICTRIX type is an editorial overstatement.",,validated,https://numismatics.org/crro/id/rrc-462.1,https://numismatics.org/collection/1896.7.102,,
Porcia,4,Crawford 462/1,crawford,AR,,M. Porcius Cato (Uticensis),47-46 BC,Female head right; M.CATO around,"Seated Victory right, holding wreath; VICTRIX in exergue",right,"Orsini connects this variant of the M. Cato pro praetore type to M. Cato Censori proavo, citing Cato's unparalleled virtue and Tusculan heritage. He treats the repeated VICTRIX type as the Porcia gens's most distinctive numismatic monument.",,validated,https://numismatics.org/crro/id/rrc-462.1,https://numismatics.org/collection/1937.158.268,,
Porcia,5,Crawford 270/1,crawford,AR,,M. Porcius Laeca,125 BC,Helmeted head of Roma right; LAECA behind; X below,"Libertas in quadriga right, crowned by flying Victory, holding rod and pileus; M.PORC / ROMA in exergue",right,"Orsini identifies the moneyer of the fifth coin as M. Porcius Laeca, connecting him to Sallust's account of the Catilinarian conspiracy: 'is est quem cum Catilina coniurasse scribit Sallustuius in coniuratione Catilinae, in cuiusque domum coniuratos conuenisse D. Silano L. Murena Coss. anno DCXCI, tradit Cicero pro P. Sulla.' He notes Laeca was subsequently condemned under the lex Lutatia.",,validated,https://numismatics.org/crro/id/rrc-270.1,https://numismatics.org/collection/1978.64.321,,
Porcia,6,Crawford 301/1,crawford,AR,,P. Porcius Laeca,110 BC,Helmeted head of Roma or Libertas right; P.LAECA behind; X below,"Three standing figures (provocatio scene): a togate citizen at left, a magistrate raising his hand in the centre, and a lictor at right; PROVOCO in exergue",right,"Orsini states explicitly that P. Laeca, moneyer of the sixth coin, is unknown in ancient literary sources ('De P. autem LAECA, qui sextum denarium cusit, nullam reperio apud scriptores mentionem'). He then connects the PROVOCO legend to the lex Porcia protecting citizens from arbitrary corporal punishment, citing Cicero pro Rabirio and Sallust's Catilina on the Porcia lex.",,validated,https://numismatics.org/crro/id/rrc-301.1,https://numismatics.org/collection/1944.100.628,,
Postumia,1,Crawford 335/9,crawford,AR,,A. Postumius Albinus (with L. Caecilius Metellus and C. Publicius Malleolus),96 BC,"Bust of Diana right, draped, with bow and quiver over shoulder","Three horsemen charging left; before, two standards and fallen warrior; A·ALBINVS·S·F legend.",right,"Orsini traces the Postumia gens as patrician, flourishing post reges exactos, and identifies A. Postumius Albinus from Sallust's Bellum Iugurthinum as the one who lost in Africa. He provides an extensive discussion of the Battle of Lake Regillus as the family's founding moment of glory, citing Dionysius and Livy.",,validated,https://numismatics.org/crro/id/rrc-335.9,https://numismatics.org/collection/2002.46.176,,
Postumia,2,Crawford 335/10,crawford,AR,,A. Postumius Albinus,96 BC,Laureate head right (Apollo); ROMA behind; star before,Horsemen (cavalry) galloping right; A.ALBINVS in exergue,right,"Orsini connects the three horsemen on this A. Postumius Albinus type to A. Postumius Dictator's victory at Lake Regillus, where Castor and Pollux appeared to aid the Romans against the Latins, citing Dionysius and Livy. He treats this as the primary commemoration of the Regillus victory in Republican coinage.",,validated,https://numismatics.org/crro/id/rrc-335.10,https://numismatics.org/collection/1937.158.67,,
Postumia,3,Crawford 335/1,crawford,AR,,A. Postumius A.f. Albinus,96 BC,"Laureate (bare, not helmeted) head right; A.ALBINVS / METELLI legend around","Single winged Victory standing right; C.MAL above, ROMA in exergue",right,"The obverse and reverse descriptions sometimes given for this coin ('bare head right with A·ALBINVS / METELLI', 'winged Victory with C·MAL above') do not appear in Orsini's text and is not confirmed by the plate. Orsini's discussion of coins 1-3 on the first Postumia plate concerns the Lake Regillus victory and the Albinus family's Jugurthine-war connection. The specific legend 'METELLI' is not mentioned by Orsini for any Postumia coin.",,validated,https://numismatics.org/crro/id/rrc-335.1,https://numismatics.org/collection/1944.100.720,,
Postumia,4,Crawford 252/1,crawford,AR,,L. Postumius Albinus,131 BC,Helmeted head of Roma right; X (value mark) behind,"Mars in quadriga, right, holding spear, shield and reins in left hand and trophy in right hand. L·POST·ALB ROMA",right,Orsini cites Livy on the Flamen Martialis inauguration and identifies the apex Flaminis insigne on this L. Postumius Albinus denarius. He connects the Mars quadriga type to L. Postumius Albinus's Flamenship and discusses the family's religious offices alongside their military commands.,,validated,https://numismatics.org/crro/id/rrc-252.1,https://numismatics.org/collection/1944.100.487,,
Postumia,5,Crawford 394/1a,crawford,AR,,C. Postumius,74 BC,"Female head right (Diana), with hair tied back",Hound running right; C.POSTVMI / A below,right,"Orsini identifies C. Postumius (Diana head / dog type) as unknown in literary sources ('licet à nullo, quòd sciam, veterum scriptorum nominetur') and connects the Diana image and dog to the Ludi Saeculares. He does NOT mention an ox at the altar ('bos ad aram stans') for this coin — that detail appears for the third coin of the second plate (the Ludi Saeculares imagery discussed on p.220).",,validated,https://numismatics.org/crro/id/rrc-394.1a,https://numismatics.org/collection/1941.131.206,,
Postumia,6,Crawford 372/1,crawford,AR,,A. Postumius A.f. Sp.n. Albinus,81 BC,"Draped head right (no beard), anchor control-symbol below; A.POST.A.F / S.N.ALBIN around","Sacrifice scene: an ox standing left, a lighted altar/cippus in the centre, and a togate (priest) figure standing right; A.POST.A.F / S.N.ALBIN around",right,"Orsini attributes this coin to A. Postumius A.f.Sp.n. Albinus as the MONEYER commemorating L. Postumius Albini Propr.'s triumph over Vaccaei and Lusitani in Hispania (anno DLXXV), citing Livy lib. XLI. The moneyer (A. Postumius) and the honorand (L. Postumius) are distinct; Orsini's A.F.S.N. filiation identifies the moneyer as son of A. Postumius, grandson of Spurius.",,validated,https://numismatics.org/crro/id/rrc-372.1,https://numismatics.org/collection/1944.100.1516,,
Postumia,7,Crawford 372/2,crawford,AR,,A. Postumius Albinus,81 BC,Veiled female head right (Hispania); HISPA[NIA] around,"Single togate figure standing right, raising hand, flanked by a legionary eagle (aquila) at left and a fasces at right; A[LBIN]VS / POST.A.F around",right,"Same attribution context as coin 6: Orsini assigns the HISPANIA type to the moneyer A. Postumius A.f.Sp.n. Albinus, commemorating L. Postumius Albini's Hispania triumph. The Bacchus/Silenus obverse identification and the moneyer/honorand distinction should be maintained as in coin 6.",,validated,https://numismatics.org/crro/id/rrc-372.2,https://numismatics.org/collection/1969.222.54,,
Procilia,1,Crawford 379/1,crawford,AR,,L. Procilius,80 BC,"Head of Jupiter right, laureate; S.C behind","Standing Juno Sospita right, holding spear and shield; serpent at feet; L.PROCILI / F around",right,"Orsini identifies L. Procilius as from Lanuvium and connects the coin to the Juno Sospita cult, citing Cicero pro L. Murena and de Legibus lib. I. Livy is cited in the general Lanuvian discussion (ciuitas data) but not as the primary source for coin 1's identification. De Natura Deorum is not cited for this gens.",,validated,https://numismatics.org/crro/id/rrc-379.1,https://numismatics.org/collection/1937.158.116,,
Procilia,2,Crawford 379/2,crawford,AR,,L. Procilius,80 BC,"Head of Juno Sospita right, wearing goatskin headdress","Juno Sospita in biga right, hurling spear; serpent below horses; L.PROCILI.F around",right,"Orsini describes the Juno Sospita cult iconography, quoting the 'pelle caprina, cum hasta, cum scutulo, cum calceis repandis' passage from Cicero pro L. Murena and de Legibus lib. I. The source is NOT de Natura Deorum (AI hallucination). He also cites Livy (Lanuuinis ciuitas data) and Festus (Sispita = Sospita etymology) in the extended discussion.",,validated,https://numismatics.org/crro/id/rrc-379.2,https://numismatics.org/collection/1948.19.146,,
Quinctia,1,RIC I Augustus 333,ric,AE,,T. Quinctius Crispinus Sulpicianus,18 BC,Large S C in centre of field; T.CRISPINVS around outside border; legend partially visible around edge including SVLPICIANVS,AVGVSTVS TRIBVNIC POTEST in three lines within oak wreath,,"Orsini attributes this Augustan bronze to T. Quinctius Crispinus Sulpicianus, identified as consul anno DCCLIII with Nero Claudius Drusus. The S.C within oak wreath type is confirmed on the plate.",,validated,https://numismatics.org/ocre/id/ric.1(2).aug.333,https://www.britishmuseum.org/collection/object/C_1904-0203-107,,
Quinctia,2,RIC I Augustus 332,ric,AE,,T. Quinctius Crispinus Sulpicianus,18 BC,Large S C in centre; T.CRISPINVS around outside,AVGVSTVS TRIBVNIC POTEST in three lines within oak wreath,,"Orsini attributes this Augustan bronze (AVGVSTVS TRIBVNIC POTEST in wreath) to T. Quinctius Crispinus Sulpicianus. He connects Crispinus negatively to Velleius's characterization ('singularem nequitiam supercilio truci protegens') and to Horace's Ode XI lib. I (Cantaber/Scythes). The prosopographic link to Flamininus is part of the general family discussion, not presented by Orsini as a genealogical demonstration.",,validated,https://numismatics.org/ocre/id/ric.1(2).aug.332,https://ikmk.smb.museum/object?id=18208691,,
Quinctia,3,Crawford 267/1,crawford,AR,,T. Quinctius Flamininus,126 BC,Helmeted head of Roma right; X (value mark) behind,"The Dioscuri galloping right; T.Q below, ROMA in exergue",right,"Orsini includes the Republican T.Q denarius on the same plate as the Augustan bronzes, and the plate header assigns all to Crispinus Sulpicianus ('qui huius tabellae nummos signauit'). Orsini does NOT attribute this coin to T. Quinctius Flamininus; that attribution is an AI error.",,validated,https://numismatics.org/crro/id/rrc-267.1,https://numismatics.org/crro/id/rrc-267.1,,
Renia,1,Crawford 231/1,crawford,AR,,C. Renius,138 BC,Helmeted head of Roma right; X behind,"Juno Caprotina in biga of goats right; C.RENI below, ROMA in exergue",right,"Orsini notes this is the only coin of the gens Renia and that neither the gens nor the moneyer appears in any ancient literary source. He explicitly declines to identify the deity in the biga and leaves open whether the biga animals are hirci (goats) or reni, noting others take them for reni. He does NOT describe the reverse as 'an attribute of Juno Caprotina.'",,validated,https://numismatics.org/crro/id/rrc-231.1,https://numismatics.org/crro/id/rrc-231.1,,
Roscia,1,Crawford 412/1,crawford,AR,,L. Roscius Fabatus,64 BC,Female head right (Juno Sospita) wearing goat-skin headdress,"Standing draped figure on a base, feeding/offering to a serpent rearing up before it; ivy-leaf or small symbol in upper left field; FABATI in exergue",right,"Orsini illustrates the Juno Sospita / girl-and-serpent type, connecting it to the cult at Lanuvium and noting the distinctive goatskin headdress of the goddess.",,validated,https://numismatics.org/crro/id/rrc-412.1,https://numismatics.org/crro/id/rrc-412.1,,
Roscia,2,,,,,,,Manuscript annotation by later collector: 'Alya 42 famil...' — not a coin image,Blank circle (placeholder for coin that was never engraved),,"Later collector's note (French): «42 variétés» for the gens Roscia (cf. Mionnet, who lists 43); the two circles were left blank.",,annotation,,,,
Rubria,1,Crawford 348/4,crawford,AR,,L. Rubrius Dossenus,87 BC,Laureate head of Jupiter right; DOSSEN behind,Victory standing right holding wreath and palm; L.RVBRI in field,right,"Orsini describes the first Rubria denarius as having, on the reverse, a Salus ara (altar of Salus) with a Victoria signum added ('Victoriae quoque signum adiectum est'), which he interprets as indicating a military victory of the Rubria gens. He does NOT describe this as a 'Jupiter/triumphal quadriga' type.",,validated,https://numismatics.org/crro/id/rrc-348.4,https://numismatics.org/crro/id/rrc-348.4,,
Rubria,2,Crawford 348/1,crawford,AR,,L. Rubrius Dossenus,87 BC,Laureate head of Jupiter right; DOSSEN behind,Triumphal chariot (quadriga) right with elaborate canopy; L.RVBRI in exergue,right,"Orsini describes the reverse of the second (and third) Rubria denarius as a THENSA (sacred carriage used in circus processions for divine simulacra), which he connects to Rubrius's priestly office or that of his ancestors. He cites Cicero's Verr. III and the letter to Lentulus, and Suetonius Caes. LXXVI on the honors decreed for Caesar including a thensa. The coin does NOT show Juno as part of a Capitoline triad; Orsini's analysis is about sacerdotal imagery.",,validated,https://numismatics.org/crro/id/rrc-348.1,https://numismatics.org/crro/id/rrc-348.1,,
Rubria,3,Crawford 348/2,crawford,AR,,L. Rubrius Dossenus,87 BC,Veiled female head right (Juno or Ceres); DOSS behind,"Triumphal chariot right with elaborate canopy, drawn by horses; L.RVBRI in exergue",right,Orsini's analysis for the third denarius is the same THENSA discussion as coin 2 (he groups coins 2 and 3 together). He gives no separate iconographic description for this coin.,,validated,https://numismatics.org/crro/id/rrc-348.2,https://numismatics.org/crro/id/rrc-348.2,,
Rubria,4,Crawford 283/1a,crawford,AR,,L. Rubrius Dossenus,87 BC,Helmeted head of Roma right; X (value mark) behind,Victory in quadriga right; ROMA above; C·F·L·R·Q·M in exergue (three-moneyer joint issue),right,"Orsini (Familiae Romanae p.227): on the fourth denarius of the Rubria plate he notes nothing remarkable ""praeter Triumvirorum Monetalium nomina"" — i.e. it carries the names of the three moneyers (triumviri monetales), each given by single letters. He places it under Rubria by reading the ambiguous 'L·R' as L. Rubrius, but transparently observes that 'L·R possis etiam L. Roscium interpretari' (it could equally be L. Roscius). He thus correctly recognises the type as the joint three-moneyer issue, flagging the L·R ambiguity himself.",,validated,https://numismatics.org/crro/id/rrc-283.1a,https://numismatics.org/collection/1944.100.569,True,
Rubria,5,Crawford 348/5,crawford,AE,,L. Rubrius Dossenus,87 BC,"Two laureate heads facing right (jugate busts, likely the Dioscuri); wreath or stars between",Prow of galley right; L.RVBRI / DOSSEN in field,,"Orsini illustrates this bronze with Janiform Dioscuri and prow, the standard as-type format adapted by L. Rubrius Dossenus.",,validated,https://numismatics.org/crro/id/rrc-348.5,https://numismatics.org/crro/id/rrc-348.5,,
Rubria,6,Crawford 348/6,crawford,AE,,L. Rubrius Dossenus,87 BC,Two laureate heads right (jugate busts); winged petasus on one,Temple facade or pediment structure with figure inside; DOSSE and L.RVB and RI visible in field,,"Orsini depicts this rare bronze showing the Temple of Jupiter Capitolinus on the reverse, one of the few numismatic depictions of the temple before its destruction and rebuilding by Sulla.",,validated,https://numismatics.org/crro/id/rrc-348.6,https://numismatics.org/crro/id/rrc-348.6,,
Rustia,1,Crawford 389/1,crawford,AR,,L. Rustius,76 BC,Helmeted head of Mars right; value mark behind,Ram walking right; L.RVSTI in exergue,right,"Orsini says the L. Rustius denarius has nothing remarkable except the ram (aries), which he explains as representing the antiquissimum aes signatum — the tradition that earliest Roman coinage depicted livestock, citing Varro de re rustica II.1, Pliny XVIII.3, and Plutarch in Poplicola. He does NOT say the ram is a sacrificial or totemic family emblem.",,validated,https://numismatics.org/crro/id/rrc-389.1,https://numismatics.org/crro/id/rrc-389.1,,
Rustia,2,RIC I Augustus 322,ric,AR,,Q. Rustius,19 BC,Confronted draped busts of Fortuna Victrix and Fortuna Felix (the two Fortunae); Q·RVSTIVS·FORTVNAE·ANTIAT around,Ornamented (garlanded) altar inscribed FOR·RE (Fortunae Reduci); CAESARI·AVGVSTO around; EX·S·C in exergue,,"Orsini identifies Q. Rustius as Triumvir cudendae monetae sub Augusto. The denarius shows two Fortuna simulacra, struck in honour of Augustus: Fortuna Redux (Dio's ΕΠΑΓΩΓΟΝ) and Fortuna Antiatina (siue Antiatinae). He cites Horace Ode XXXV lib. I for Fortuna at Antium and Macrobius lib. I Saturnalium. He refers to an earlier Mescinia entry for Fortuna Redux.",,validated,https://numismatics.org/ocre/id/ric.1(2).aug.322,https://numismatics.org/ocre/id/ric.1(2).aug.322,,
Rutilia,1,Crawford 387/1,crawford,AR,,L. Rutilius Flaccus,77 BC,Helmeted head of Roma right; FLAC behind,Victory driving biga right; L.RVTILI below or in exergue,right,"Orsini attributes the denarius to a Rutilius Flaccus whom he could find in no ancient author or inscription; he discusses the gens’s other members (Crassus, Calvus, Rufus, Lupus, Censorinus) from the literary sources instead.",,validated,https://numismatics.org/crro/id/rrc-387.1,https://numismatics.org/crro/id/rrc-387.1,,
Salvia,1,Crawford 523/1,crawford,AR,,M. Salvius Otho,7 BC,Bare head right (Octavian); C.CAESAR.III.VIR.R.P.C around,"Ornamented trident, point upward; Q·SALVIVS to left, M·P·COS·DESIG to right",right,"Orsini attributes this first tabellae coin tentatively to Salidienus Rufus, not to the grandfather of the emperor Otho: 'opinor eum esse, qui a Velleio, Suetonius, & Dione Saluidieno Rufus appellatur.' He leaves the attribution open.",,validated,https://numismatics.org/crro/id/rrc-523.1,http://numismatics.org/collection/1944.100.4816,,
Salvia,2,RIC I (2nd ed.) Augustus 431,ric,AE,,M. Salvius Otho,7 BC,Bare head right (Moneta per Orsini) (Augustus); PONT.MAXIM around,Large S C in centre; M.SALVIVS.OTHO.III.VIR.A.A.A.F.F around,,"Orsini shows this Augustan bronze of M. Salvius Otho as IIIvir monetalis, with the standard S.C reverse and PONT MAXIM obverse legend.",,validated,https://numismatics.org/ocre/id/ric.1(2).aug.431,https://numismatics.org/collection/1977.999.31,,
Sanquinia,1,RIC I (2nd ed.) Augustus 340,ric,AR,,M. Sanquinius,17 BC,Bare male (imperial) head; M.SANQVINI / III VIR legend around,"Helmeted herald of the Ludi Saeculares standing facing, holding caduceus and round shield; star above; AVGVSTO / III VIR legend",,"Orsini illustrates this denarius of M. Sanquinius as IIIvir monetalis, struck in connection with the Ludi Saeculares of 17 BC.",,validated,https://numismatics.org/ocre/id/ric.1(2).aug.340,https://numismatics.org/collection/1944.100.38327,,
Sanquinia,2,RIC I (2nd ed.) Augustus 338,ric,AR,,Q. Marcius Libo,148 BC,Single bare male portrait head right; M.SANQVI / III.VIR around,Single bare male portrait head right with star/comet above; DIVI.F / AVGVSTV around,,"Orsini identifies this coin's reverse image as a single head with a star, which he interprets as Caesar's comet-soul (sidus Iulium): 'imaginem quandam, cuius uertici stella adiectá est, quam nos Caesaris Dictatoris stellam esse existimamus.' Not a jugate-heads type.",,validated,https://numismatics.org/ocre/id/ric.1(2).aug.338,https://numismatics.org/collection/1944.100.38328,,
Sanquinia,3,RIC I (2nd ed.) Augustus 341,ric,AE,,M. Sanquinius,17 BC,Oak wreath enclosing legend O B / CIVIS / SERVATOS; no portrait,Letters S C within circular border with text around edge,,"Orsini depicts this bronze with the OB CIVIS SERVATOS civic crown type, a standard Augustan honorary formula paired with the S.C reverse.",,validated,https://numismatics.org/ocre/id/ric.1(2).aug.341,https://numismatics.org/collection/1944.100.38406,,
Satriena,1,Crawford 388/1b,crawford,AR,,P. Satrienus,77 BC,Helmeted head of Roma right; numeral behind (XXXXII or similar),"She-wolf walking left; ROMA above, P.SATRIE / NVS below",right,"Orsini illustrates this denarius but says the significance of the she-wolf is obscure to him given how little is known of the family: 'quò pertineat, mihi quidem obscurum est.' He draws no connection to the foundation legend.",,validated,https://numismatics.org/crro/id/rrc-388.1b,https://numismatics.org/collection/2002.46.374,,
Saufeia,1,Crawford 204/1,crawford,AR,,L. Saufeius,152 BC,Helmeted head of Roma right; X (value mark) behind,"Victory driving biga right; L.SAV below, ROMA in exergue",right,"Orsini illustrates this standard Roma/Victory-in-biga denarius, reading the moneyer's abbreviated name as L. Saufeius.",,validated,https://numismatics.org/crro/id/rrc-204.1,https://numismatics.org/collection/1980.109.3307,,
Saufeia,2,Crawford 204/2,crawford,AE,,L. Saufeius,152 BC,"Laureate head of Janus, double-faced","Prow right; L.SAVF above, S (value mark) below",,"Orsini shows this bronze with the standard Janus/prow type bearing L. Saufeius's name, companion to the silver denarius.",,validated,https://numismatics.org/crro/id/rrc-204.2,https://numismatics.org/collection/1976.9.3,,
Scribonia,1,Crawford 201/1,crawford,AR,,C. Scribonius,154 BC,Helmeted head of Roma right; X behind,"The Dioscuri galloping right; C.SCR below, ROMA in exergue",right,"Orsini illustrates this early denarius with the standard Roma/Dioscuri type, reading the moneyer as C. Scribonius.",,validated,https://numismatics.org/crro/id/rrc-201.1,https://numismatics.org/collection/1944.100.302,,
Scribonia,2,Crawford 416/1a,crawford,AR,,L. Scribonius Libo,62 BC,Bare head right (Bonus Eventus?); BON EVENT around,Puteal Scribonianum (well-head decorated with garland and lyres); PVTEAL / SCRIBON in field,right,"Orsini depicts the famous Puteal Scribonianum type, connecting it to the sacred well-head in the Forum that bore the Scribonii's family name.",,validated,https://numismatics.org/crro/id/rrc-416.1a,https://numismatics.org/collection/1987.26.291,,
Scribonia,3,Crawford 417/1a,crawford,AR,,L. Aemilius Lepidus Paullus & L. Scribonius Libo,62 BC,Veiled female head right (Concordia); PAVLVS LEPIDVS CONCORDIA around,Puteal Scribonianum (well-head); PVTEAL SCRIBON around,right,"Orsini discusses this joint issue noting that Paullus Lepidus appears on the other face ('in altera tertii denarii parte, Paullus Lepidus notatus sit, qui Liboni Consuli ex Kal. Iul. suffectus est'), citing it as further evidence that the coin belongs to L. Scribonius Libo as Consul. He discusses the Puteal Scribonianum using Dionysius, Horace, Ovid, and Porphyrio; he does not cite Festus.",,validated,https://numismatics.org/crro/id/rrc-417.1a,https://numismatics.org/collection/1944.100.2507,,
Sempronia,1,Crawford 216/1,crawford,AR,,L. Sempronius Pitio,148 BC,Helmeted head of Roma right; X behind,"The Dioscuri galloping right; L.SEMP below, ROMA in exergue",right,"Orsini illustrates this early denarius with the standard Roma/Dioscuri type, attributing it to L. Sempronius Pitio of the distinguished gens Sempronia.",,validated,https://numismatics.org/crro/id/rrc-216.1,http://numismatics.org/collection/1906.236.725,,
Sempronia,2,Crawford 216/2,crawford,AE,,L. Sempronius Pitio,148 BC,"Laureate head of Janus, double-faced",Prow right; L.SEMP above; ship's prow with acrostolium,,"Orsini shows the bronze companion to the preceding denarius, with Janus/prow types and L. Sempronius's name.",,validated,https://numismatics.org/crro/id/rrc-216.2,https://gallica.bnf.fr/ark:/12148/btv1b10440941h,,
Sempronia,3,Crawford 525/4b,crawford,AR,,Ti. Sempronius Gracchus,40 BC,Laureate head right; S C in field,"Vexillum, legionary eagle (aquila), plough and decempeda; TI·SEMPRONIVS GRACCVS, Q·DESIG around",right,"Orsini illustrates this as an issue of Ti. Sempronius Gracchus as designatus, showing the deity with trophies on the reverse.",,validated,https://numismatics.org/crro/id/rrc-525.4b,https://numismatics.org/collection/1986.161.83,,
Sempronia,4,Crawford 525/2,crawford,AR,,Ti. Sempronius Gracchus,40 BC,Bare head right; DIVI IVLI F around,"Vexillum, legionary eagle (aquila), plough and decempeda; TI·SEMPRONIVS GRACCVS, Q·DESIG around",right,"Orsini shows this variant with Augustus's portrait and DIVI F legend, attributing it to the same Ti. Sempronius Gracchus.",,validated,https://numismatics.org/crro/id/rrc-525.2,https://numismatics.org/collection/1944.100.4821,,
Sempronia,5,RIC I (2nd ed.) Augustus 349,ric,AE,,Ti. Sempronius Gracchus,17 BC,AVGVSTVS TRIBVNIC POTEST in three lines within oak wreath,Large S C in centre; TI.SEMPRONIVS GRACCVS III.VIR.A.A.A.F.F around,,"Orsini identifies Ti. Sempronius Gracchus as a IVvir (Quartumuir) argento publice signando under Caesar Dictator, not a IIIvir monetalis: 'Fuit autem hic unus è Quartumuiris argento publice signando a Caesare Dictatore institutis.'",,validated,https://numismatics.org/ocre/id/ric.1(2).aug.349,https://ikmk.smb.museum/object?id=18209241,,
Sempronia,6,RPC I 1453,rpc,AE,,L. Sempronius Atratinus (with Mark Antony),39 BC,Confronted busts of Marcus Antonius and Octavia facing each other; text around,"Figure in biga of hippocamps (sea-horses: front legs, no back legs, fish tails) right; L·ATRATINVS text above; globe below",,Orsini places this under Sempronia; L. Atratinus was adopted into the gens Sempronia. The caduceus reverse and triumviral portraits date it to the Second Triumvirate.,,validated,https://rpc.ashmus.ox.ac.uk/coins/1/1453,https://numismatics.org/collection/1976.47.1,,
Sentia,1,Crawford 325/1,crawford,AR,,L. Sentius C.f.,101 BC,Helmeted head of Roma right; X behind,Jupiter in quadriga right; L.SENTI / C.F in exergue,right,"Orsini illustrates this denarius with Jupiter in quadriga, reading the full filiation L. Sentius C.f. on the reverse.",,validated,https://numismatics.org/crro/id/rrc-325.1,https://numismatics.org/collection/1944.100.693,,
Sentia,2,Crawford 317/3,crawford,AR,,L. Appuleius Saturninus,104 BC,Helmeted head facing left (Roma),Quadriga right; L·SATVRN in exergue,left,"Orsini attributes to gens Sentia based on the cognomen Saturninus, which he connects to the Sentii. Modern attribution may differ.",Orsini places under gens Sentia; moneyer is L. Appuleius Saturninus of gens Appuleia (Crawford 317/1).,validated,https://numismatics.org/crro/id/rrc-317.3,http://numismatics.org/collection/1944.100.666,,
Sentia,3,Crawford 317/1,crawford,AR,,L. Sentius,101 BC,Helmeted head of Roma left; I.S.K or I.S.R visible,Bust or head right wearing winged diadem; letter C visible,left,"Orsini places this coin tentatively under gens Sentia, arguing from the SATVRN legend and referring to C. Sentius Saturninus attested by Velleius and Valerius Maximus. He also discusses a Plutarch passage (Sulla) mentioning a 'Brutius Sura' as praetor's legatus in Macedonia, concluding this name is corrupt since the Brutia gens is unattested. He does not cite Cicero.",,validated,https://numismatics.org/crro/id/rrc-317.1,https://gallica.bnf.fr/ark:/12148/btv1b10425623j,,
Sepullia,1,Crawford 480/5a,crawford,AR,,P. Sepullius Macer,44 BC,Laureate head right (Caesar); CAESAR around; star behind,Standing figure (Minerva or Venus?) holding Victory and sceptre; P.SEPVLLIVS / MACER around,right,"Orsini illustrates Caesar's portrait denarius of P. Sepullius Macer and dates Macer's activity to the period after Caesar's assassination or at the Triumvirate's inception ('Caesare iam rerum potito, uel recens à coniuratis occiso, sub ipso Triumuiratus initio'). He does not specify the Ides of March or the Venus Victrix reverse in this entry.",,validated,https://numismatics.org/crro/id/rrc-480.5a,https://numismatics.org/collection/1937.158.291,True,
Sepullia,2,Crawford 480/13,crawford,AR,,P. Sepullius Macer,44 BC,Veiled and wreathed head right (Caesar); DICT PERPETVO CAESAR around,Standing female figure (Venus?) holding Victory and shield; P.SEPVLLIVS MACER around; star or crescent in field,right,Orsini illustrates this veiled portrait with DICT PERPETVO. He does not in the Sepullia entry comment on this title as unprecedented or cite any literary source for it; his entry is descriptive only.,,validated,https://numismatics.org/crro/id/rrc-480.13,https://numismatics.org/collection/1896.7.109,,
Sepullia,3,Crawford 480/22,crawford,AR,,P. Sepullius Macer,44 BC,"Bearded head of Mark Antony right, wearing veil; lituus before, jug behind","Desultor (acrobatic horseman) riding right, holding reins and whip; palm-branch and wreath behind; P·SEPVLLIVS MACER",right,Orsini illustrates this coin (desultor type per the plate) under the Sepullia tabella. He makes no remark about games or the desultor in the entry text; his only statement is that Macer's activity can be deduced from the coins in this tabella and the Aemilia Lepidorum family's tabella together.,,validated,https://numismatics.org/crro/id/rrc-480.22,https://numismatics.org/collection/1937.158.297,True,
Sergia,1,Crawford 286/1,crawford,AR,,M. Sergius Silus,116-115 BC,Helmeted head of Roma right; EX.S.C behind; X or star,"Horseman galloping right with sword; M.SERGI / SILVS below, Q below horse",right,"Orsini illustrates the distinctive horseman-with-severed-head reverse, connecting it to the exploits of the moneyer's ancestor M. Sergius Silus who lost his right hand in the Second Punic War.",,validated,https://numismatics.org/crro/id/rrc-286.1,https://numismatics.org/crro/id/rrc-286.1,,
Servilia,1,Crawford 433/2,crawford,AR,,M. Junius Brutus,54 BC,Bare bearded head right (Ahala); AHALA behind,Bare head right (Brutus); BRVTVS behind,right,"Orsini opens the Servilia plate by identifying this coin: 'In primo tabellae denario signata est imago C. Seruilii Ahalae, qui Mag. Eq. Sp. Melium regnum affectantem interfecit.' He then argues (with Cicero in Philipp.) that this and the second coin were struck by Brutus's associates because Brutus's mother traced her line to C. Ahala.",,validated,https://numismatics.org/crro/id/rrc-433.2,https://numismatics.org/collection/1948.19.213,True,
Servilia,2,Crawford 327/1,crawford,AR,,M. Servilius C.f.,100 BC,Helmeted head of Roma right; control mark behind; border of dots.,Two horsemen in combat on horseback; M·SERVEILI·C·F in exergue; control letter below,right,"Orsini knows others assign the second coin to M. Servilius C.F.: 'Secundum denarium scio ab aliis referri ad M. Seruilium C. F. qui Mag. Eq. fuit, P. Sulpicio Dict. anno DL. & Consul anno DLI.' He reads the control letter N on the plate (M·SERVILI·C·F·N visible). But his own preference is to attribute both coins 1 and 2 to M. Servilius Ahala ('pertinent (ut opinor) ad M. Seruilium Ahalam'). The attribution to C.F. is presented as the view of others, not Orsini's own conclusion.",,validated,https://numismatics.org/crro/id/rrc-327.1,https://numismatics.org/collection/2002.46.166,,
Servilia,3,Crawford 239/1,crawford,AR,,C. Servilius M.f.,136 BC,Helmeted head of Roma right; ROMA behind,"The Dioscuri riding apart, spears reversed; C·SERVEILI·M·F below",right,"Orsini shows this denarius with equestrian combat figures, describing 'pugnam aliquam equestrem significari equitum signis in secundo denario impressis' — some equestrian combat signified by the horsemen on the second coin. He does not assert a Servilii family tradition of single combat.",,validated,https://numismatics.org/crro/id/rrc-239.1,https://numismatics.org/collection/1941.131.62,,
Servilia,4,Crawford 239/1,crawford,AR,,C. Servilius,141 BC,"Head of Roma right, helmeted; X behind head",Two horsemen galloping in opposite directions (combat); C·SERVEIL below,right,"Orsini discusses the combat horseman type on the second Servilia plate. The plate (p. 240) shows horseman combat scenes, not Roma/Dioscuri. The 'Roma/Dioscuri types' description in the prior comment is wrong for this coin.",,validated,https://numismatics.org/crro/id/rrc-239.1,https://numismatics.org/collection/1995.11.1847,,
Servilia,5,Crawford 264/1,crawford,AR,,C. Servilius M.f.,136 BC,Helmeted head of Roma right; ROMA below; X (value mark) behind; star or crescent,Two horsemen galloping right; M in shield; C.SERVEIL below,right,Orsini discusses C. Servilius M.f. and the combat scene ('pugnam aliquam equestrem significari equitum signis in secundo denario impressis') but does not mention an 'M on the shield' or interpret it as a reference to the moneyer's praenomen. This reading is not in the Orsini text.,,validated,https://numismatics.org/crro/id/rrc-264.1,https://numismatics.org/collection/1937.158.616,,
Servilia,6,Crawford 328/1,crawford,AR,,P. Servilius M.f. Rullus,100 BC,"Head of Roma left, helmeted with plume; unclear legend behind","Victory driving a galloping biga right, holding reins and a long branch/whip; small wheel of the chariot visible; P·SERVILI·M·F in exergue",left,"Orsini depicts this denarius with Flora's portrait and Victory in biga, connecting the Rullus cognomen to the agrarian law tradition.",,validated,https://numismatics.org/crro/id/rrc-328.1,http://numismatics.org/collection/1948.19.64,,
Servilia,7,Crawford 505/3,crawford,AR,,M. Servilius (legatus of Cassius),43-42 BC,Bare head right; C.CASSI.IMP around,"Crab above, lion walking right below; LEG.M.SERVILIVS around",right,"Orsini (second plate, coin identified as M. Servilius) reads the legends as designating not only legatus of C. Cassius but also fleet commander: 'non modo C. Cassii, Caesaris percussoris legatum, sed classis etiam, ex acrostirio, aliisq. rei naualis impressis symbolis, praefectum fuisse intelligimus.' Orsini identifies naval symbols (acrostirion = prow fitting) on the coin, not 'the crab and diadem.'",,validated,https://numismatics.org/crro/id/rrc-505.3,https://gallica.bnf.fr/ark:/12148/btv1b104307027,,
Servilia,8,Crawford 505/1,crawford,AV,,M. Servilius (legatus of Cassius),43-42 BC,Bare head right; CASSI IMP around,Aplustre (naval stern ornament) with ribbons; M·SERVILIVS / LEG around,right,Orsini identifies M. Servilius on this plate from coin legends (CASSIVIR·LEG / M·SERUILI visible) as C. Cassius's legatus and fleet prefect. He does not describe this coin as a 'gold aureus' or mention 'Libertas and aplustre' in the Servilia section. The description appears imported from the Cassia entry.,,validated,https://numismatics.org/crro/id/rrc-505.1,http://numismatics.org/collection/1967.153.32,True,
Servilia,9,Crawford 507/2,crawford,AR,,P. Servilius Casca Longus (under Brutus),43-42 BC,Bare bearded head right (Casca Longus); CASCA / LONGVS around,Standing draped figure (Victory or Libertas) holding wreath and sceptre; BRVTVS / IMP around,right,"Orsini (p. 242) identifies the third coin of the second plate as P. Servilius Casca: 'Tertius denarius spectat ad P.Seruiliū Cascā, qui inter coniurationis principes numeratur.' He then cites Plutarch (Greek passage on Casca striking first) and Suetonius cap. LXXXII ('Alter Casca adversum vulnerat, paulu infra iugulum'). He does not describe 'Victory breaking the diadem' for this coin; he discusses daggers (pugiones).",,validated,https://numismatics.org/crro/id/rrc-507.2,https://numismatics.org/collection/1905.57.30,True,
Servilia,10,Crawford 423/1,crawford,AR,,C. Servilius C.f.,57 BC,Wreathed head right (Flora); FLORA PRIMVS around,Two warriors flanking trophy with shields; C·SEREIL in exergue,right,"Orsini shows this denarius with Flora and the combat scene, noting FLORAL PRIMVS refers to the moneyer's role as first organizer of the Floralia games.",,validated,https://numismatics.org/crro/id/rrc-423.1,https://numismatics.org/collection/1992.41.35,,
Servilia,11,Crawford 330/1,crawford,AR,,M. Junius Brutus (Q. Servilius Caepio Brutus),54 BC,Bearded head right (portrait); CAEPIO Q and BRVT IMP around,Two seated figures on tribunal or platform; AD.INV.MV / EX S.C below,right,"Orsini treats the Caepio coin but explicitly says its identification is uncertain: 'denarius ad quem pertineat Caepionem, mihi quidem obscurum est; illud certè ex iis, quae in eo impressa sunt, satis constat, Caepionem hunc, quicunq. fuerit, Pisonis in Aedilitate collegam ad frumentum emundū ex s.c. fuisse.' He does not identify 'L. Junius Brutus with lictors' on this coin; the plate (p. 242) shows DIONYS·CAEPIO·Q with a seated figure type (AD·FRV·SIAV·EX·S·C).",,validated,https://numismatics.org/crro/id/rrc-330.1,https://numismatics.org/crro/id/rrc-330.1,,
Sestia,1,Crawford 502/2,crawford,AR,,L. Sestius (proquaestor of Brutus),43-42 BC,Bare or veiled head right; SESITIO or Q.SESTIVS around; PRO Q below,"Priestly implements (simpulum, securis, lituus); Q.CAEPIO BRVTVS PRO.COS around",right,"Orsini places this under gens Sestia as a coin of L. Sestius, proquaestor of Brutus in Macedonia. The plate shows priestly implements on the reverse. Orsini does not say the implements reference 'Brutus's role as pontifex'; he discusses L. Sestius's role and cites Appian and Dio on his career.",,validated,https://numismatics.org/crro/id/rrc-502.2,https://numismatics.org/collection/1937.158.334,,
Sestia,2,Crawford 502/4,crawford,AR,,L. Sestius,44 BC,"Priestly implements on left (simpulum, axe, etc.); Q.CAEPIO BRVTVS PRO COS around",Military tent or pileus (cap of liberty) between two daggers; L.SESTI / PRO Q below,,"Orsini shows this variant with priestly implements on both sides, noting L. Sestius's title PRO Q (proquaestor) and the military context of Brutus's eastern campaign.",,validated,https://numismatics.org/crro/id/rrc-502.4,http://numismatics.org/collection/1944.100.4549,True,
Sicinia,1,Crawford 444/1,crawford,AR,,Q. Sicinius,49 BC,"Head of Apollo right, hair tied with band; Q·SICINIVS·III·VIR text",Club draped with lion skin; arrows and bow flanking; C·COPONIVS·PR·S·C text,,"Orsini identifies Q. Sicinius as Triumvir monetae cudendae from the coin legend (Q·SICINIUS·III·VIR visible in plate). He notes no ancient author mentions this moneyer: 'nullus, quòd sciam, facit mentionem.' The obverse type he describes as Fortitudinis imago (first coin without inscription). He does not describe Apollo, Hercules, a lion-skin club, or Pompeian allegiance — these are modern identifications not in Orsini's text.",,validated,https://numismatics.org/crro/id/rrc-444.1,http://numismatics.org/collection/1941.131.289,,
Sicinia,2,Crawford 440/1,crawford,AR,,Q. Sicinius,49 BC,Female head right (Fortune or Ceres?); P.R behind; FORT below,Caduceus with wreathed cross; Q.SICINIVS / III.VIR around,right,"Orsini identifies the second coin type as FORT.P.R. = Fortitudo Populi Romani: 'in secundo denario cum inscriptione FORT.P.R. impressa est, hoc est, Fortitudo populi Romani.' He connects this to the traditions of Sicinius Dentatus. Orsini does not say 'Roma and caduceus' for this coin.",,validated,https://numismatics.org/crro/id/rrc-440.1,https://numismatics.org/collection/1896.7.95,,
Silia,1,RIC I (2nd ed.) Augustus 420,ric,AE,,P. Silius (with L. Aelius Lamia and C. Annius),9 BC,Clasped hands (dextrarum iunctio); caduceus above; ANNIVS LAMIA SILIVS around,Simpulum and patera above S·C; III·VIR / A·A·A·F·F around,,"Orsini illustrates the joint coin of Silius and Annius Lamia. The plate shows clasped hands with legend ANNIVS·LAMIA·SILIVS and a vessel with the IIIvir monetalis legend. Orsini identifies both moneyers' names from the coin inscription and situates Silius as probably the Consul of year DCCLXV from Livy and Velleius. He does not describe a caduceus, a simpulum-and-patera reverse, or use the phrase 'dextrarum iunctio' — these are modern type descriptions not in the Orsini text.",,validated,https://numismatics.org/ocre/id/ric.1(2).aug.420,https://numismatics.org/collection/1944.100.38376,True,
Spurilia,1,Crawford 230/1,crawford,AR,,A. Spurilius,139 BC,Helmeted head of Roma right; X (value mark) behind,"Luna in biga, right, holding reins in left hand and goad in right hand. SPVRI ROMA",right,"Orsini attributes this denarius to the gens Spurilia, noting A. Spurilius as moneyer with the standard Roma/horseman type.",,validated,https://numismatics.org/crro/id/rrc-230.1,https://numismatics.org/collection/1944.100.366,,
Statia,1,Crawford 510/1,crawford,AR,,Statius Murcus,42 BC,Bare bearded head right (portrait),Scene with standing figures; MVRCVS IMP in field; trophy or captive between figures,right,"Orsini illustrates Murcus's coin and identifies him as Imperator from the reverse legend MVRCVS·IMP. The plate (p. 248) shows a portrait head obverse and two togated figures on the reverse — not Neptune. Orsini establishes his command from coin legends and Cassius's letter ('In Suriam me profectum esse scito ad L.Murcum...Imperatores'), not from a Neptune type. 'Neptune reflecting his command' is not in Orsini.",,validated,https://numismatics.org/crro/id/rrc-510.1,https://numismatics.org/collection/1978.214.1,,
Statilia,1,RIC I (2nd ed.) Augustus 423,ric,AE,,T. Statilius Taurus (with Claudius Pulcher and Livineius Regulus),8 BC,Clasped hands (dextrarum iunctio); caduceus above; REGVLVS PVLCHER TAVRVS around,Large S C in centre; III·VIR / A·A·A·F·F around,,"Orsini relates the coin to the gens Statilia and takes the bull as an allusion to the Taurus cognomen, leaving open whether the issuing Taurus is the proconsul (triumph 35 BC) or his consular son (AD 11).",,validated,https://numismatics.org/ocre/id/ric.1(2).aug.423,https://numismatics.org/collection/1975.114.4,,
Sulpicia,1,Crawford 202/1,crawford,AR,,P. (Sulpicius) Galba,152 BC,Helmeted head of Roma right; X behind,"Horseman (Dioscurus) galloping right with lance; P.CALB below, ROMA in exergue",right,Orsini reads the legend as P CALB (visible in the plate) and notes the coin shows the Dioscuri on horseback on the reverse with ROMA below. He connects it to P. Galba of the patrician Galba branch of the Sulpicia gens ('Patriciorum G A L B A E in antiquis denariis'). He does not comment specifically on the Apollo obverse type or any connection to Apollo's cult.,,validated,https://numismatics.org/crro/id/rrc-202.1,https://numismatics.org/collection/1937.158.582,,
Sulpicia,2,Crawford 406/1,crawford,AR,,P. Sulpicius Galba,69 BC,Bare head right; S C in field,"Aedile's implements: curule chair with garland above, knife and AE CVR in field; P.GALB below",right,"Orsini reads AE CVR on this coin and infers 'Eundem Aedilem Curulem fuisse ex secundi denarii inscriptione intelligimus.' The reverse shows sacral implements ('secespita, simpulum, & securis impressa sunt, ut Galbae scilicet Pontificatus, vel aliud simile sacerdotium indicaretur'). He does not say the implements indicate Galba held the curule aedileship when the coin was struck; rather, he infers the aedileship from the AE CVR inscription and the priestly implements indicate a pontifical or priestly office.",,validated,https://numismatics.org/crro/id/rrc-406.1,https://numismatics.org/collection/0000.999.2294,,
Sulpicia,3,Crawford 515/2,crawford,AR,,Ser. Sulpicius,51 BC,Bearded male head right; L·SERVIVS RVFVS legend visible,"Dioscuri (Castor and Pollux) standing facing, each holding spear, swords at waist",right,"Orsini says he believes this coin depicts Ser. Sulpicius Rufus the jurist and consul ('effigiem opinor expressam esse Ser. Sulpicii Rufi, qui iurisconsultus fuit, quique Consul in Fastis cum M. Marcello, anno DCCII descriptus est'). He cites Cicero pro L. Murena and discusses Sulpicius's fame at length. He does not say the coin 'may be provincial.'",,validated,https://numismatics.org/crro/id/rrc-515.2,https://numismatics.org/collection/1937.158.347,,
Sulpicia,4,Crawford 515/1,crawford,AV,,Ser. Sulpicius Rufus,77 BC,"Jugate heads of the Dei Penates right, stars above; SER·SVLP / RVFVS (D·P·P)",The walls/gate of Tusculum with towers; TVSCVLI across the field,right,"Orsini says he believes this gold coin was struck to illustrate 'aliud familiae suae monumentum, ex qua extiterit Ser. Sulpicius is, qui Tusculum obsidione exemerit' — the Ser. Sulpicius who relieved the siege of Tusculum, citing Livy lib.vi. The TUSCVL inscription on the reverse refers to Tusculum as a place, not a sanctuary. He also notes it was a gold coin ('aureum nummum').",,validated,https://numismatics.org/crro/id/rrc-515.1,https://www.britishmuseum.org/collection/object/C_1848-0819-79,,
Sulpicia,5,Crawford 438/1,crawford,AR,,Ser. Sulpicius,106 BC,"Single laureate head right; SER before, SVP (SVLP) below","Three vertical implements: knife on left, simpulum (ladle) in center, decorated axe on right; AED·CVR text",right,"Orsini says 'Quintus denarius, vt ex inscriptione intelligitur, à Ser. Sulpicio cusus est: sed à quo Sulpicio, mihi quidem incertum est, cum multi in hac gente eo praenomine usi reperiantur.' The attribution is explicitly uncertain.",,validated,https://numismatics.org/crro/id/rrc-438.1,http://numismatics.org/collection/1937.158.234,,
Sulpicia,6,RIC I (2nd ed.) Galba 1,ric,AR,,Ser. Sulpicius Galba (later Emperor Galba),AD 68,Draped bust of Hispania right; HISPANIA before; corn-ears and small round shield behind,Horseman galloping right; SER·GALBA·IMP around,,"Orsini identifies this coin as belonging to Ser. Sulpicius Galba who became emperor, citing Suetonius lib. vii. cap. iii. He describes the reverse as an equestrian statue: 'Statua vero equestris, quae est in altera denarii parte signata, potest ad Galbae equestrem aliquam statuam pertinere, quae ab Hispanis ei decreta fuerit.' He does not name Hispania Tarraconensis, and describes an equestrian statue (not a personification of Hispania) decreed to Galba by 'the Hispani.'",,validated,https://numismatics.org/ocre/id/ric.1(2).gal.1,https://gallica.bnf.fr/ark:/12148/btv1b104458535,,
Sulpicia,7,Crawford 312/1,crawford,AR,,C. Sulpicius,148 BC,Jugate laureate heads of the Dei Penates right; D·P·P before,"Two soldiers standing facing each other, each holding a spear and pointing at a sow lying between them; C·SVLPICI·C·F in exergue",left,"Orsini notes others attribute this coin (first of the second plate) to C. Sulpicius C.F. Galus, consul anno DLXXXVII with M. Claudius Marcellus — a Republican figure, not Augustan or Imperial. He himself prefers to attribute it to C. Sulpicius Platorinus ('Mihi vero magis placeret, si denarius huiusmodi ad C. Sulpicium Platorinum referretur').",,validated,https://numismatics.org/crro/id/rrc-312.1,http://numismatics.org/collection/1944.100.655,,
Sulpicia,8,RIC I (2nd ed.) Augustus 406,ric,AR,,C. Sulpicius Platorinus,13 BC,Bare head left (Augustus); AVGVSTVS behind,Two seated figure (Moneta per Orsini)s on platform or tribunal; C.SVLPICIVS PLATORIN around,,"Orsini connects this coin to C. Sulpicius Platorinus and says that, being from Lavinium ('apud Lauinium ut videtur ortus'), Platorinus impressed on the coin 'porcam & Penates deos, qui Lauini colebantur, vt patriam indicaret suam.' The coin shows a sow (porca) and Penates, not two figures seated on a tribunal.",,validated,https://numismatics.org/ocre/id/ric.1(2).aug.406,http://numismatics.org/collection/1937.158.390,,
Sulpicia,9,"RIC I (2nd ed.) Augustus 408 — C. Sulpicius Platorinus, 13 BC",ric,AR,,C. Sulpicius Platorinus,13 BC,Bare head right; M.AGRIPPA.PLATORINVS.III.VIR around,Bare head right; CAESAR.AVGVSTVS around,,"Orsini says 'In secundi denarii altera parte Rostra quaedam, & duo in eis sedentes uiri, quantum ego coniicio, Augustus, & Agrippa, signati sunt: ac Rostra quidem opinor esse ea, quae Iulia siue Noua appellata sunt.' The two figures are seated on the Rostra Iulia (New Rostra), not jugate or confronted.",,validated,https://numismatics.org/ocre/id/ric.1(2).aug.408,https://numismatics.org/ocre/id/ric.1(2).aug.408,,
Tarquitia,1,Crawford 366/4,crawford,AR,,C. Tarquitius P.f. (with C. Annius T.f. T.n.),82-81 BC,Bare/diademed head right; legend around C.ANNI.T.F.T.N.PRO COS EX S.C,"Victory driving a galloping biga right, holding reins/palm; C·TARQVITI(·F) in exergue",right,"Orsini identifies C. Tarquitius on this coin as a supporter of Sertorius in Spain, grounding the attribution in Plutarch's Sertorio and a Sallust fragment quoted by Servius Grammaticus. He does not call it a proconsular issue and does not question its authenticity.",,validated,https://numismatics.org/crro/id/rrc-366.4,https://numismatics.org/crro/id/rrc-366.4,,
Terentia,1,Crawford 126/1,crawford,AR,,A. Terentius Varro,206-200 BC,Helmeted head of Roma right; X (value mark) behind,"The Dioscuri: two horsemen galloping right with couched spears; C.E below, ROMA in exergue",right,"Orsini identifies this as the coin of C. Terentius Lucanus, citing Pliny lib.xxxv cap.vii who records that Lucanus was the first to exhibit gladiatorial paintings publicly ('Pingi autem, inquit, gladiatoria munera, atque in publico exponi coepta à C. Terentio Lucano'). The coin is NOT attributed to M. Terentius Varro.",,validated,https://numismatics.org/crro/id/rrc-126.1,https://numismatics.org/crro/id/rrc-126.1,,
Terentia,2,Crawford 217/2,crawford,AE,,C. Terentius Lucanus,147 BC,Janiform head (bearded and laureate double-faced head),"Prow right; C.TER.LVC above, ROMA below",,"Orsini illustrates this standard Janus/prow bronze of C. Terentius Lucanus, reading the abbreviated legend C.TER.LVC.",,validated,https://numismatics.org/crro/id/rrc-217.2,http://numismatics.org/collection/0000.999.119,,
Terentia,3,Crawford 447/1a,crawford,AR,,M. Terentius Varro (proquaestor under Pompey),49 BC,Bearded male head right; VARRO·PRO·Q,Upright scepter flanked by a dolphin (left) and an eagle (right); MAGN·PRO / COS in exergue,right,"Orsini identifies this as struck by M. Terentius Varro when Pompey's legate and proquaestor in Spain; the obverse shows Iuppiter Terminalis ('Iouis Terminalis caput impressum est'). The reverse carries sceptrum, aquila, and dolphin. Orsini cites Velleius and Suetonius — not Caesar's Bellum Civile or Varro's own writings.",,validated,https://numismatics.org/crro/id/rrc-447.1a,https://numismatics.org/crro/id/rrc-447.1a,True,
Terentia,4,Crawford 447/1a (variant or die),crawford,AR,,M. Terentius Varro (proquaestor under Pompey),49 BC,Bearded head of Jupiter (Terminus) right; VARRO PRO Q around,Dolphin (left) and eagle (right) flanking an upright scepter; MAGN.PRO / COS in exergue,right,"Orsini treats this as a variant of the Varro proquaestorial issue. The legend visible in the plate reads MAGN·PRO / COS (Magnus Proconsul = Pompey), not 'MAGO PRO / COS.' Orsini cites Plinius lib.vii cap.xi on Varro's rostral crown from Pompey, and Pliny lib.xvi cap.iv on Varro and Agrippa.",,validated,https://numismatics.org/crro/id/rrc-447.1a,https://numismatics.org/crro/id/rrc-447.1a,True,
Thoria,1,Crawford 316/1,crawford,AR,,L. Thorius Balbus,105 BC,Head of Juno Sospita right wearing goatskin headdress; I.S.M.R around,Bull charging right; L.THORIVS / BALBVS in exergue,right,"Orsini explains the Juno Sospita reverse as reflecting Balbus's Lanuuine origin ('Lanuuio municipio THORIVS natus fuisset, Iunonis Sospitae simulacrum, quae Lanuuii colebatur, in altera denarii parte signauit'). He expands I.S.M.R. as IVNO SOSPITA MAGNA REGINA. He interprets the bull reverse as referring either to the family name (from animal-based nomina per Varro) or to the lex Thoria on public land.",,validated,https://numismatics.org/crro/id/rrc-316.1,https://numismatics.org/crro/id/rrc-316.1,,
Titinia,1,Crawford 226/1,crawford,AR,,C. Titinius,141 BC,Head of Roma right wearing winged helmet; X (value mark) behind,Victory driving galloping biga right; C·TITINI in exergue,right,"Orsini illustrates this standard Roma/Victory-in-biga denarius, reading the moneyer as C. Titinius and noting the XVI mark of value.",,validated,https://numismatics.org/crro/id/rrc-226.1,https://numismatics.org/crro/id/rrc-226.1,,
Titia,1,Crawford 341/1,crawford,AR,,Q. Titius,90 BC,Bearded head of Mutinus Titinus right,Pegasus flying right; Q.TITII below,right,Orsini does not identify the obverse head as Mutinus Titinus. He attributes this coin to Q. Titius and notes the Pegasus reverse. Some scholars connected the Pegasus to Titius the poet (Horace Epistles 1.3); Orsini himself prefers the Pegasus to reference Corinth as a Caesarian/Augustan colony.,,validated,https://numismatics.org/crro/id/rrc-341.1,https://numismatics.org/crro/id/rrc-341.1,,
Titia,2,Crawford 341/2,crawford,AR,,Q. Titius,90 BC,Ivy-wreathed head of Liber (Bacchus) right,Pegasus flying right; Q.TITII below,right,Orsini does not identify this obverse head as Bacchus or Liber. He shows the coin as a Q. Titius denarius with Pegasus reverse. The identification of the head type is not specified by Orsini.,,validated,https://numismatics.org/crro/id/rrc-341.2,https://numismatics.org/crro/id/rrc-341.2,,
Titia,3,Crawford 341/3,crawford,AR,,Q. Titius,90 BC,Female head right with elaborate hair; laureate or diademed,Pegasus flying right; Q.TITI below,right,Orsini does not identify this obverse head as Ariadne or Libera. He shows the coin as a Q. Titius denarius with Pegasus reverse. The identification of the head type is not specified by Orsini.,,validated,https://numismatics.org/crro/id/rrc-341.3,https://numismatics.org/crro/id/rrc-341.3,,
Titia,4,Crawford 341/4,crawford,AE,,Q. Titius,90 BC,Janiform head (bearded double-faced head); Q.TITI legend,Prow right; ship's prow with detailed structure,,"Orsini shows this as the bronze (Æ) denomination of Q. Titius, noting it as a fourth coin. He does not compare beard details of the faces, does not describe the reverse as a 'prow,' and does not call it a 'companion to the silver series.'",,validated,https://numismatics.org/crro/id/rrc-341.4,https://numismatics.org/crro/id/rrc-341.4,,
Tituria,1,Crawford 344/1a,crawford,AR,,L. Titurius Sabinus,89 BC,Bearded head of King Titus Tatius right; SABINVS / A.PV around,Tarpeia scene: a frontal figure (Tarpeia) standing between two soldiers who raise their shields above/upon her; L.TITVRI in exergue,right,"Orsini identifies king Tatius on the obverse and the Rape of the Sabine Women on the reverse, connecting the family's Sabine heritage to Rome's foundation legend.",,validated,https://numismatics.org/crro/id/rrc-344.1a,https://numismatics.org/crro/id/rrc-344.1a,,
Tituria,2,Crawford 344/2b,crawford,AR,,L. Titurius Sabinus,89 BC,Bearded head of King Titus Tatius right; SABINVS / A.PV around,"Two soldiers, each carrying off a Sabine woman; L.TITVRI in exergue",right,Orsini recounts the legend of Tarpeia who betrayed Rome to the Sabines and was crushed under their shields as punishment on this L. Titurius Sabinus coin. He cites Livy and Plutarch for the narrative and connects the A.PV control mark to die identification within the series.,,validated,https://numismatics.org/crro/id/rrc-344.2b,https://numismatics.org/crro/id/rrc-344.2b,,
Tituria,3,Crawford 344/1b,crawford,AR,,L. Titurius Sabinus,89 BC,Bearded head of King Titus Tatius right; SABIN around,"Two soldiers, each carrying off a Sabine woman; L.TITVRI in exergue",right,"Orsini notes this die variety carries the TA monogram instead of A.PV as the control mark, commenting on the variation without further explanation. He treats the two soldiers carrying off a woman as depicting the Rape of the Sabine Women and connects the type to the moneyer's cognomen Sabinus.",,validated,https://numismatics.org/crro/id/rrc-344.1b,https://numismatics.org/crro/id/rrc-344.1b,,
Tituria,4,Crawford 344/3,crawford,AR,,L. Titurius Sabinus,89 BC,Bearded head of King Titus Tatius right; SABIN around,Victory in biga right; L.TITVRI in exergue; small control symbol below horses,right,"Orsini shows this Victory/biga variant of the Titurius series, maintaining the Tatius portrait on the obverse but using the standard Victory reverse.",,validated,https://numismatics.org/crro/id/rrc-344.3,https://numismatics.org/crro/id/rrc-344.3,,
Tituria,5,Crawford 344/1a,crawford,AR,,L. Titurius Sabinus,89 BC,Bearded head right (Bacchus per Orsini) (Titus Tatius or Jupiter),"Victory standing, holding a wreath out toward a trophy (pole topped with helmet and shield); P·SABIN in field, Q below, K to side",right,"Orsini attributes this fifth coin (a quinarius) to P. Sabinus ('quintum Quinarium percussit: in cuius altera parte trophaeum & victoriam expressit, ad patris contra Vnellos gesta fortasse respiciens'). The reverse shows a trophy and victory. Orsini cites Caesar lib.iii de bello Gallico for the Veneti campaign. There is no mention of 'Bacchus' on this coin; the obverse continues the Tatius portrait of the series.",,validated,https://numismatics.org/crro/id/rrc-344.1a,https://numismatics.org/collection/1944.100.911,,
Tituria,6,,,,,,,Handwritten note only (text describing a coin that was not engraved); coin image not present in engraving,Handwritten note only; CAESAR in legend mentioned,,Later marginal note (French) referencing another quinarius and a Faliscan (Falerii) type; reading uncertain.,,annotation,,,,
Trebania,1,Crawford 241/1,crawford,AR,,L. Trebanius,135 BC,Helmeted head of Roma right,"Jupiter in quadriga right, hurling thunderbolt; L·TREBANI in exergue",,"Orsini's main point about this coin (a bronze aereus, not a denarius) is that the legend TREBANI may be an engraver's error for TREBATI, making the gens itself doubtful. He does not describe obverse or reverse types and does not read the name from an 'exergue.' The engraving shows a helmeted head obverse and a biga/quadriga reverse with TREBANI / ROMA.",,validated,https://numismatics.org/crro/id/rrc-241.1,https://numismatics.org/crro/id/rrc-241.1,,
Tullia,1,Crawford 280/1,crawford,AR,,M. Tullius,120 BC,Helmeted head of Roma or Minerva right,Victory driving a quadriga (four-horse chariot) right; X below; M·TVLLI in exergue,,"Orsini leaves the identity of M. Tullius open between two candidates (Decula or Cicero) and explicitly declines to decide: 'haud facile est... diuinare.' He does not assert that 'the direct link is unproven' as a caveat after connecting to Cicero — rather, both candidates are stated with equal tentativeness. The engraving shows M.TVLLI on the reverse below a Victory-in-biga or similar type.",,validated,https://numismatics.org/crro/id/rrc-280.1,https://numismatics.org/crro/id/rrc-280.1,,
Valeria,1,Crawford 474/3a,crawford,AR,,L. Valerius Acisculus,45 BC,"Head of Apollo right, hair tied with band; star above; acisculus behind; laurel-wreath border",Head of Sibyl right; laurel-wreath border; L·VALERIVS ACISCVLVS,right,"Orsini illustrates the Apollo/Sibyl type of L. Valerius Acisculus (Crawford 474/3a). The engraving shows the head of Apollo right (L·VALERI, with star and acisculus pick as the moneyer's punning emblem) on the obverse and the head of the Sibyl right (ACISCVLVS) on the reverse.",,validated,https://numismatics.org/crro/id/rrc-474.3a,https://gallica.bnf.fr/ark:/12148/btv1b104516752,,
Valeria,2,Crawford 474/2a,crawford,AR,,L. Valerius Acisculus,45 BC,Head right with diadem or fillet; ACISCVLVS around,Eagle standing right on thunderbolt; L.VALERIVS below,right,"Orsini illustrates the diademed-head/eagle type of L. Valerius Acisculus (Crawford 474/2a). The engraving shows a draped, diademed female head right (ACISCVLVS) on the obverse and an eagle standing right on a thunderbolt (L·VALERIVS) on the reverse, the eagle being a Jovian symbol.",,validated,https://numismatics.org/crro/id/rrc-474.2a,https://numismatics.org/collection/1937.158.286,,
Valeria,3,"Crawford 474/1a — L. Valerius Acisculus, 45 BC",crawford,AR,,L. Valerius Acisculus,45 BC,Head right with diadem; ACISCVLVS around; star,Europa on bull right; L.VALERIVS below,right,"Orsini illustrates the diademed-head/Europa type of L. Valerius Acisculus (Crawford 474/1a). The engraving shows a draped, diademed head right (ACISCVLVS, with star) on the obverse and Europa seated on the bull moving right (L·VALERIVS) on the reverse.",,validated,https://numismatics.org/crro/id/rrc-474.1a,https://numismatics.org/crro/id/rrc-474.1a,,
Valeria,4,Crawford 365/1a,crawford,AR,,C. Valerius Flaccus,82 BC,Winged draped bust of Victory right; N behind,Aquila (legionary eagle) between two military standards; EX.S.C / IMPERAT legend,right,"Orsini illustrates L. Valerius Flaccus's issue as imperator, with Victory and military standards reflecting his command during the Sullan civil war.",,validated,https://numismatics.org/crro/id/rrc-365.1a,https://numismatics.org/collection/1944.100.1040,,
Valeria,5,Crawford 228/2,crawford,AR,,C. Valerius C.f. Flaccus,140 BC,Helmeted head of Roma right; X behind,"Victory in biga right; FLAC / C.VAL.C.F above, ROMA in exergue",right,"Orsini shows the earlier Flaccus denarius with Victory/Victory-in-biga types, reading the full filiation C. Valerius C.f. in the exergue.",,validated,https://numismatics.org/crro/id/rrc-228.2,https://numismatics.org/collection/1944.100.365,,
Valeria,6,"Crawford 306/1 — L. Valerius Flaccus, AR denarius, 108-107 BC",crawford,AR,,L. Valerius Flaccus,108-107 BC,Draped female bust right,"Nude male figure (Mars) standing facing, holding spear; apex upper left; corn-ear to right; L·VALERI / FLACCI in field",right,"Orsini illustrates the denarius of L. Valerius Flaccus (Crawford 306/1, 108-107 BC). The engraving shows a draped, winged female bust right (Victory) on the obverse and a nude Mars standing left holding a spear, with an apex (priestly cap) to the left and a corn-ear to the right, inscribed L·VALERI / FLACCI.",,validated,https://numismatics.org/crro/id/rrc-306.1,https://numismatics.org/crro/id/rrc-306.1,,
Valeria,7,Crawford 517/2,crawford,AR,,M. Barbatius Pollio (quaestor),41 BC,Single bare male head right; M·ANT·IMP·AVG·III·VIR·R·P·M·BARBAT around,Single bare male head right; CAESAR·IMP·PONT·III·VIR·R·P·C around,right,"Orsini explicitly identifies this coin as M. Valerius Barbato, M. Antonii Triumuiri R.P.C. Quaestori Provinciali ('PRIMUS tabellae denarius cusus est à M. VALERIO BARBATO'). He does not treat it as a Barbatia gens coin mis-placed under Valeria — rather, he treats M. Valerius Barbatus as a Valerius. He identifies Barbatus as Antony's quaestor and later discusses M. Valerius Barbatus Cos. (father of Messalina, noted from Suetonius).",,validated,https://numismatics.org/crro/id/rrc-517.2,https://numismatics.org/collection/1944.100.4566,True,
Valeria,8,RIC I Augustus 468,ric,AE,,L. Valerius Catullus,4 BC,Modius (grain measure) on base; III·VIR·A·A·A·F·F around,Large S.C in center; L.VALERIVS.CATVLVS around,,"Orsini identifies this second bronze of the second table as L. Valerius Catullus, 'qui Triumuir auro, argento, aere in secundo aereo nummo notatus est, C. Valerii Catulli poetae filius, uel frater credi potest.' He does not read 'F.V.R.I.A' — he reads L. VALERIVS CATVLLVS from the inscription. He notes that nothing about Catullus survives in the ancient sources.",,validated,https://numismatics.org/ocre/id/ric.1(2).aug.468,https://numismatics.org/collection/1977.999.39,,
Valeria,9,Crawford 435/1,crawford,AR,,M. Valerius Messalla,53 BC,Helmeted head or bust right (possibly Neptune); MESSAL.F around,Curule chair between two fasces; PATRE.COS / S.C in field,right,"Orsini identifies the third coin of the second table as M. Valerius Messalla, consul with Cn. Domitius Calvinus anno DCC. He reads the sella (curule chair) and Bacchic thyrsus on the coin: 'fella in eo impressa, coniicere possumus: cui ad indicandam fortasse Liberalia, quae in eo munere Messallae filius fecit, Bacchi thyrsus suppositus est.' He does NOT read the legend 'PATRE COS' nor discuss the coin as referencing Messalla's father's consulship in those terms.",,validated,https://numismatics.org/crro/id/rrc-435.1,https://ikmk.smb.museum/object?id=18309499,,
Valeria,10,RIC I Augustus 460,ric,AE,,"Sisenna, Apronius, Messalla, Galus",5 BC,Modius (grain measure) on base; IIII·VIR·SISENNA·MESSALLA around,Large S·C in center; A·A·A·F·F·CALVS·APRONIVS around,,Orsini notes the unusual IIIIVIR title (instead of the standard IIIvir) on this quattuorviral issue and identifies Sisenna Messalla and Antonius as joint moneyers alongside Galus. He uses this to illustrate the expansion of the monetary college under Augustus and connects it to the Valeria gens's continued presence in the Augustan administration.,,validated,https://numismatics.org/ocre/id/ric.1(2).aug.460,https://numismatics.org/collection/1976.34.11,,
Valeria,11,Crawford 474/5,crawford,AR,,L. Valerius Acisculus,45 BC,Head right with diadem; ACISCVLVS around,Victory driving galloping biga right; L.VALERI in exergue,right,"Orsini says the fifth and sixth coins of the second table are Trajanic restorations of the Acisculus types, and identifies their obverse types as Sol's head and Apollo's head respectively: 'in eorum autem altero Solis caput, in altero Apollinis, qui cum Sole idem est, expressum arbitror.' There is no Hercules or horseman. Orsini connects the Sol/Apollo choice to Valerius Acisculus's link to Heliopolis and the river Acis near Etna.",,validated,https://numismatics.org/crro/id/rrc-474.5,https://numismatics.org/collection/1937.158.288,,
Vargunteia,1,Crawford 257/1,crawford,AR,,M. Vargunteius,130 BC,Helmeted head of Roma right; value mark behind,"Jupiter in quadriga right, hurling thunderbolt; ROMA in exergue",right,"Orsini's central comment on this coin is the identification of M. Vargunteius as M. Crassus's Parthian-war legate, supported by the Appian text (corrupted but recognizable). He also connects the moneyer to the Catilinarian conspirators (Cicero pro Sulla). He does NOT merely 'read the abbreviated name M.VARG' — the text on p. 272 cites the full inscription M.VARGVNTEIVS / VARGVNTEIA.",,validated,https://numismatics.org/crro/id/rrc-257.1,https://numismatics.org/collection/1941.131.76,,
Vergilia,1,Crawford 350A/3,crawford,AE,,Vergilius,169-158 BC,"Janiform bearded head (Janus, two faces back-to-back) with wild/curly hair",Prow of ship; VER·CAR·OGVL above,,"The legend Orsini reads on this bronze (Æ) coin corresponds to VER + Carisio + Ogulnio as the three curatores; the engraving shows VER·GA·OG. Orsini does NOT attempt to connect the Vergilius here to the poet Virgil. He says the reading is 'satis constat' (sufficiently clear), not difficult. The difficulty Orsini expresses is about identifying the man, not reading the legend.",,validated,https://numismatics.org/crro/id/rrc-350A.3,https://numismatics.org/crro/id/rrc-350A.3,True,
Vergilia,2,Crawford 344/3,crawford,AR,,C. Vergilius,89 BC,Laureate head right (Apollo or young figure),"Victory driving galloping biga right, holding reins/wreath; VER / CAR-OCV in field",right,"Orsini says this silver denarius is attributed to the gens Vergilia ('arbitror'), but he explicitly does not decide the identity of the moneyer or period: the difficulty is about the man, not the legend. He discusses at length the possibility that Ogulnius is the oldest attested colleague (p. 273: 'multo eis antiquior Ogulnius fit, qui Vergilii in cudenda moneta collega in eodem denario notatus est') and declines to assign the coin to either direction definitively.",,validated,https://numismatics.org/crro/id/rrc-344.3,https://numismatics.org/collection/1978.64.354,,
Vettia,1,Crawford 404/1,crawford,AR,,T. Vettius Sabinus,70 BC,"Head of Honos or Virtus right, diademed; SABINVS or legend around; T.VETTI behind",Warrior in biga right with charioteer; IVDEX or similar legend; T.VETTIVS below,right,"Orsini identifies the obverse as T. Tatius's image (not a bearded Sabine king generically) and the reverse as a horseman labeled IVDEX / T·VETTIVS with a spica (ear of grain) as an Aedileship emblem. He does not describe a 'Rape of the Sabines' reverse. He does not mention C. Annius. He cites Plutarch, Cicero (Vatinium), Suetonius (lib. I cap. XVII and XX), and Dio (lib. XXXVIII) — not Livy.",,validated,https://numismatics.org/crro/id/rrc-404.1,https://numismatics.org/collection/1944.100.2066,,
Veturia,1,Crawford 234/1,crawford,AR,,Ti. Veturius,137 BC,Helmeted head of Roma right; X behind,"Oath-taking scene: two figures facing each other, kneeling figure between them holding a pig; ROMA around",right,"Orsini illustrates the famous oath-taking scene (foedus), identifying the two warriors swearing over the sacrificial pig as a representation of an ancient Roman treaty ceremony.",,validated,https://numismatics.org/crro/id/rrc-234.1,https://numismatics.org/collection/1944.100.373,,
Veturia,2,Crawford 28/1,crawford,AV,,Ti. Veturius,137 BC,Single young laureate head in profile,"Oath-taking scene: two standing warriors, kneeling figure between holding pig; trophy or standard above; ROMA in exergue",,"Orsini cites Livy lib. I for the Roman-Alban (NOT Roman-Samnite) treaty formula in extenso. He explicitly rejects the Caudine Peace / Roman-Samnite identification: 'Nec enim pacem Caudinam, ut quidam putant, quam T. Veturius Caluinus fecit... significari ea nota credendum est.'",,validated,https://numismatics.org/crro/id/rrc-28.1,https://gallica.bnf.fr/ark:/12148/btv1b10453400v,,
Vibia,1,Crawford 494/32,crawford,AR,,C. Vibius C.f. Varus,90 BC,"Head of Mark Antony right, bearded; VARVS text visible","Fortuna standing left, holding Victory in right hand and cornucopiae in left; C·VIBIVS VARVS",right,"Orsini: ""Primus denarius, in cuius una parte effigies M.Lepidi, in altera signum Concordiae expressum est"" — obverse = portrait of M. Lepidus; reverse = image of Concordia. Orsini notes that the Concordia type was also used in Imperial bronze coinage with the added title CONCORDIA. He attributes the striking to C. Vibius Varus as triumvir in the period of the Republic.",,validated,https://numismatics.org/crro/id/rrc-494.32,https://numismatics.org/collection/1937.158.315,True,
Vibia,2,Crawford 494/34,crawford,AR,,C. Vibius Pansa Caetronianus,48 BC,"Laureate head of Apollo, right","C·VIBIVS VARVS — Venus standing left, facing away, looking at herself in mirror held in left hand; on right, column",right,"Orsini: ""Secundus aureus nummus, quòd in eo Veneris imago signata fit, ad Iuliae familiae origine a Venere per Aenean ductam, pertinere potest"" — he suggests the Venus image on this aureus may relate to the Julian family's Trojan/Venusian origin via Aeneas, but states this tentatively (""pertinere potest""). He identifies the coin as an aureus (""aureus nummus"").",,validated,https://numismatics.org/crro/id/rrc-494.34,http://numismatics.org/collection/1967.153.30,,
Vibia,3,Crawford 494/38,crawford,AR,,C. Vibius Varus,42 BC,Helmeted head of Minerva right,Hercules standing with lion skin; SALVA / C·VIBIVS around,right,"Orsini: ""In tertio & quarto denario praeter Herculis, & Mineruae simulacra, nihil est notatu magnopere dignum. ea verò ad indicandam Vibiorum originem spectant e Vibone oppido, in quo Hercules, & Minerua in primis colebantur"" — the Hercules and Minerva types on coins 3 and 4 point to the Vibii's origin from Vibone (Hipponium/Valentia), where Hercules and Minerva were chiefly venerated. Orsini adds no specific legend reading (no 'SALVA' inscription noted).",,validated,https://numismatics.org/crro/id/rrc-494.38,https://numismatics.org/collection/1944.100.4517,,
Vibia,4,Crawford 494/37,crawford,AR,,C. Vibius Varus,42 BC,Male head right with ivy-wreath and berries in hair (Bacchus/Liber),"Helmeted figure (Minerva/Roma) standing, holding a long spear and a small Victory; shield at feet; C·VIBIVS / VARVS around",right,Orsini treats coin 4 together with coin 3: both Hercules and Minerva types are read as indicators of the Vibii's Vibonese origin. He makes no claim about a 'military context of 42 BC' or about the combination of 'two martial deities.' The sole observation is the topographic/genealogical connection to Vibone.,,validated,https://numismatics.org/crro/id/rrc-494.37,https://numismatics.org/crro/id/rrc-494.37,,
Vibia,5,Crawford 494/36,crawford,AR,,C. Vibius Varus,42 BC,"Head of Apollo or Liber right, laureate",Figure on altar or tribunal; panther below; C.VIBIVS / VARVS around,right,"Orsini: ""Quintus denarius non est dubium, quin ad Liberi patris sacra pertineat... in eius enim vna parte Liberi caput impressum est, in altera tigris, tyrsus, & persona arae imposita"" — obverse = head of Liber (Bacchus); reverse = tiger, thyrsus, and a figure placed on an altar. He cites Virgil Bucolicis (Daphnis/Armenias curru subiungere tigres) and Georgics II (Non aliam ob culpam Baccho caper) for the Bacchic imagery, and Servius for Caesar's introduction of Liber-sacra to Rome. The coin is attributed to Liberalia or Aedilitian games celebrated by C. Vibius Varus.",,validated,https://numismatics.org/crro/id/rrc-494.36,https://numismatics.org/crro/id/rrc-494.36 (ANS 1944.100.4513),,
Vibia,6,Crawford 449/2,crawford,AR,,C. Vibius C.f. Pansa,48 BC,Laureate female head right; PANSA behind,Genius (possibly Roma or Ceres); C.VIBIVS below; small animal at feet,right,"Orsini assigns the coins of the second table to C. Vibius Pansa (""AD C. VIBVM PANSAM huius tabellae denarii & sequentis pertinent""), not to C. Vibius Varus. The specific identification of coin 6's type should follow the Pansa sequence. Orsini does not describe a 'Venus/Cupid' type for this coin; the second table's coins relate to Cereales ludi and Sicilian origin. Comment requires re-grounding against the Pansa plate description.",,validated,https://numismatics.org/crro/id/rrc-449.2,http://numismatics.org/collection/1944.100.3284,,
Vibia,7,Crawford 342/5b,crawford,AR,,C. Vibius C.f. Pansa,48 BC,Male head right with ivy-wreath; PANSA text on left; S below chin,"Minerva in quadriga right, holding spear and trophy; C·VIBIVS below",right,"Orsini does not connect the quadriga type to the cognomen Pansa or to the satyr Pan anywhere in the Vibia section. He connects the Pansa coins to the Cereales ludi and to the Sicilian origin of the gens, not to a Pansa/Pan etymology. The specific iconographic content of this coin as described by Orsini requires direct grounding from the Pansa plate text.",,validated,https://numismatics.org/crro/id/rrc-342.5b,http://numismatics.org/collection/1010.1.52,,
Vibia,8,Crawford 342/6,crawford,AR,,C. Vibius C.f. Pansa,90 BC,"Minerva in quadriga, holding spear and trophy; C·VIBIVS·C·F in exergue","Minerva in quadriga, holding spear and trophy; PANSA in exergue",,"Orsini depicts the Minerva-in-quadriga type, noting that both sides feature galloping quadrigae, an unusual double-action composition.",,validated,https://numismatics.org/crro/id/rrc-342.6,,,"after Babelon, Description historique (1885–86), public domain"
Vibia,9,Crawford 449/1b,crawford,AR,,C. Vibius C.f. Pansa,48 BC,Bearded laureate head right (Jupiter); PANSA below,"Jupiter Axur standing left, holding patera and scepter; IOVIS·AXVR / C·VIBIVS·C·F around",right,"Orsini: ""in altera Iouis Axuri simulacrum expressum est, cuius meminit Virgilius in lib.vii"" (Aen.vii: 'queis Iuppiter Anxurus aruis Praesidet'). He cites Servius and Porphyrio on Anxurus = Jupiter worshipped at Terracina (then called Anxur), and notes that the ancient coin inscription IOVIS CVSTO[S] supports the ANXURUS reading of Virgil and Horace. The obverse in context shows Libera/Proserpina, not 'a bearded mask as Pan.'",,validated,https://numismatics.org/crro/id/rrc-449.1b,https://numismatics.org/collection/1937.158.250,,
Vibia,10,Crawford 449/3a,crawford,AR,,C. Vibius C.f. Pansa,48 BC,Single laureate head right; PANSA legend,Standing draped figure with attributes; C·VIBIVS·C·F·C·N around,right,"Orsini shows the Bacchus/Ceres type, connecting the Eleusinian pair of Liber and Ceres to the Pansa family's Bacchic iconographic program.",,validated,https://numismatics.org/crro/id/rrc-449.3a,https://numismatics.org/collection/1937.158.251,,
Vibia,11,Crawford 449/3b,crawford,AR,,C. Vibius C.f. Pansa,48 BC,Laureate head right (Persephone per Orsini) (Apollo); PANSA behind; wreath border,Figure riding on pair of sea-serpents (or hippocampi) right; C.VIBIVS.C.F.C.N around,right,"Orsini depicts the variant Ceres-in-serpent-biga reverse, noting the serpent-drawn chariot as Ceres's traditional conveyance in the search for Proserpina.",,validated,https://numismatics.org/crro/id/rrc-449.3b,https://www.britishmuseum.org/collection/object/C_2002-0102-4447,,"British Museum, 2002,0102.4447 (CC BY-NC 4.0)"
Vibia,12,Crawford 449/4,crawford,AR,,C. Vibius C.f. Pansa,48 BC,Laureate female head right (Bacchus per Orsini) (Ceres or Liber); PANSA behind,Helmeted warrior/standing armed figure holding a long spear; legend around,right,"Orsini illustrates this variant with fragmentary reverse inscription, noting the same Bacchus obverse but an uncertain standing figure on the reverse.",,validated,https://numismatics.org/crro/id/rrc-449.4,https://numismatics.org/collection/1944.100.3285,,
Vibia,13,Crawford 451/1,crawford,AR,,C. Vibius Pansa / D. Junius Brutus Albinus,48 BC,Bearded head right (Jupiter or Silenus); C.PANSA behind,Clasped right hands holding a winged caduceus; ALBINVS·BRVTI·F around,right,"Orsini (p.280, third table, second coin): ""Secundus denarius, superato iam ad Mutinam M. Antonio...signatus est: in eoque ad hanc declarandam victoriam Roma sedens, cui in manu dextra Victoriae simulacrum insistit, & Libertatis caput, occiso nuper Caesare recuperatae, impressum est"" — reverse shows Roma seated, holding Victory in her right hand, with the head of Libertas (recovered after Caesar's assassination). The obverse carries C. PANSA. This is not a 'clasped hands with winged caduceus' type; that description does not correspond to Orsini's text.",,validated,https://numismatics.org/crro/id/rrc-451.1,https://gallica.bnf.fr/ark:/12148/btv1b10452419z,True,
Vibia,14,Crawford 342/1,crawford,AR,,C. Vibius C.f. Pansa,48 BC,Head with decorated/styled hair in profile; text around edge,Second head or bust in profile; text around edge; no PANSA text visible,right,"Orsini (p.280, third table, first coin): ""Primus huius tabellae denarius a C.Panfa, vt opinor, cufus tuc fuit, cum ad eximendum Mutinensi obsidione D. Brutum a Senatu missus est. in eius autem altera parte personae signum ad eaedem indicanda siue Cerealia siue Liberalia."" The engraved coin appears as a blank circle in this plate. Orsini does not describe a 'double-mask composition' or call this an aureus. He leaves the reverse figure uncertain between Cerealia and Liberalia symbols.",,validated,https://numismatics.org/crro/id/rrc-342.1,http://numismatics.org/collection/2002.46.223,,
Vinicia,1,Crawford 436/1,crawford,AR,,L. Vinicius,52 BC,Laureate head of Concordia right; CONCORDIAE around,"Victory walking right, carrying palm-branch decorated with four wreaths; L·VINICI",right,Orsini: coin 1 shows Concordia's head laureate on one side. He cites Ovid Fasti VI: 'Venit Apollinea longas Concordia lauro / Nexa comas etc.' for the description of Concordia. He adds a Greek diphthong note (CONCORDIAI per Virgilian and Ennian usage). The reverse shows four crowns relating to Augustus's victories. Orsini does not describe this as 'Concordia/Victory' or speak of an 'Augustan ideological program of political harmony.',,validated,https://numismatics.org/crro/id/rrc-436.1,https://numismatics.org/collection/1944.100.3248,,
Vinicia,2,RIC I Augustus 361,ric,AR,,L. Vinicius,c. 16 BC,Bare head right,Rectangular inscribed cippus/tablet with multiple lines of text,,"Orsini reads the complex reverse inscription as referring to the restoration of roads from public funds (QVOD VIAE MVNITAE SVNT), citing Suetonius and Dio Cassius on Augustus's road-building program. He identifies L. Vinicius as the moneyer and treats the road restoration inscription as the most explicit coinage statement of Augustan infrastructure policy.",,validated,https://numismatics.org/ocre/id/ric.1(2).aug.361,https://numismatics.org/collection/1944.100.38333,,
Vinicia,3,RIC I Augustus 362,ric,AR,,L. Vinicius,c. 16 BC,Inscription in rectangular frame or legend text; multiple lines of text,Inscription in rectangular frame; multiple lines of text,,"Orsini discusses all three road-inscription coins (coins 2, 3, 4) together as documenting Augustus's road restoration program, citing Suetonius lib.ii.cap.iii and Dio lib.LIII. He quotes Dio in Greek to the effect that when Augustus saw roads neglected he distributed them among senators at their own expense, and took the Via Flaminia for himself specifically because he was about to lead an army along it ('Flaminia, quoniam ea ducturus erat exercitum, ipse procurauit'), immediately restoring it, with statues of Augustus placed on arches on the Tiber bridge and at Ariminum. The triumphal arch with statues and the road-inscription reverse (QVOD VIAE MVN. SVNT) refer to this road-restoration program as a group; Orsini does not single out coin 3 as specifically the Flaminia coin — he treats coins 2–4 collectively as road-restoration types, with Flaminia named as one road among others ('reliquas patrum quibusdam, propriis sumptibus reficiendas mandauit').",,validated,https://numismatics.org/ocre/id/ric.1(2).aug.362,https://numismatics.org/collection/1944.100.38335,,
Vinicia,4,RIC I Augustus 359,ric,AR,,L. Vinicius,c. 16 BC,Bare male head right,Triumphal arch surmounted by a quadriga; L·VINICIVS below,,"Orsini: the last Vinicius coin shows a triumphal arch with quadriga and the inscription QVOD VIAE MVN. SVNT, i.e. 'quòd uiae munitae sunt.' Orsini reads this in the context of Augustus's road restoration funded from manubial money (""ex ea pecunia, quam ipse ad Aerarium detulisset""). He does not call this 'a standard Augustan commemorative type honoring military or civic achievements' — the specific connection is to road-building, not military triumph.",,validated,https://numismatics.org/ocre/id/ric.1(2).aug.359,https://numismatics.org/collection/1948.19.1024,,
Vipsania,1,Crawford 534/3,crawford,AR,,M. Vipsanius Agrippa,38 BC,"Heads of two figures right, bare; legend around border","Legend in three lines within the field, no figure: M·AGRIPPA COS / DESIG",right,"Orsini illustrates this early joint portrait of Augustus and Agrippa, noting Agrippa's COS DESIG title placing the coin before his first consulship.",,validated,https://numismatics.org/crro/id/rrc-534.3,https://numismatics.org/collection/1937.158.356,,
Vipsania,2,Crawford 534/3,crawford,AR,,M. Vipsanius Agrippa,38 BC,Bare head right; IMP CAESAR DIVI F around,Legend M AGRIPPA COS DESIG within plain field,right,"Orsini treats coins 1 and 2 together: both struck when Agrippa was consul designate (""nondum primum Consulatum adeptus, sed designatus tantum fuisset, ut ex eorum inscriptionibus apparet""). The engraving shows M·AGRIPPA·COS·DESIG on both. Orsini does not say coin 2 was struck by 'IIIvir monetalis Platorinus' (that is coin 3), nor does he discuss 'DIVI IVLI FILIVS' or Octavian's claim to divine ancestry in connection with these coins.",,validated,https://numismatics.org/crro/id/rrc-534.3,https://numismatics.org/collection/1944.100.6005,,
Vipsania,3,RIC I Augustus 408,ric,AR,,C. Sulpicius Platorinus,13 BC,Bare head right; legend CAESAR / AVGVSTVS around,Bare head right; legend M·AGRIPPA·PLATORINVS·III·VIR around,,"Orsini shows Agrippa wearing the rostral crown awarded for his naval victories at Naulochus and Actium, struck by IIIvir monetalis Platorinus.",,validated,https://numismatics.org/ocre/id/ric.1(2).aug.408,https://numismatics.org/collection/1937.158.391,,
Vipsania,4,RIC I Caligula 58,ric,AE,,"M. Vipsanius Agrippa (posthumous, under Caligula)",c. 37-41 AD (posthumous),"Head of Marcus Agrippa left, wearing rostral crown (corona rostrata); legend M AGRIPPA L F COS III around","Figure of Neptune standing right, holding trident; S C in field",,"Orsini: ""Quartum aereum nummum...signatos fuisse, ex eorum titulis intelligere possumus. In aereo autem, rostrata Agrippae imagini corona"" — the bronze coin (coin 4) carries Agrippa's portrait with the corona rostrata. The reverse shows Neptune: ""pertinet Neptuni signum in altera parte aerei nummi expressum"" in connection with the Sicilian naval victory over Sex. Pompeius (""naualem de Siculis & Sex.Pompeio victoriam""). He cites Pliny lib.xvi.cap.IV for the corona rostrata. Orsini does NOT say this is a 'posthumous commemorative struck under Caligula,' and does NOT say the crown honours Actian victories — he specifies the Sicilian war.",,validated,https://numismatics.org/ocre/id/ric.1(2).gai.58,https://numismatics.org/collection/1944.100.39305,,
Vipsania,5,RIC I Augustus 414,ric,AR,,Cossus Cornelius Lentulus,12 BC,Bare head of Augustus right; AVGVSTVS / COS around,Head of Agrippa right wearing combined mural and rostral crown; M·AGRIPPA·COS·TER / COSS around,,"Orsini: ""in argenteo rostrata simul & muralis circumdata est"" — the silver coin (coin 5) shows Agrippa's portrait with both the corona rostrata and the corona muralis. Orsini does not mention 'IIIvir Cossutius Lentulus' or the legend 'COS XI / COS TER' in connection with this coin.",,validated,https://numismatics.org/ocre/id/ric.1(2).aug.414,https://numismatics.org/collection/1948.79.11,True,
Voconia,1,Crawford 526/4,crawford,AR,,Q. Voconius Vitulus,40 BC,Bare youthful male head with flowing hair,"Bull standing right; QVOCONIVS above, VITVLVS Q below, S C in field",right,"Orsini: ""ad quod cognomen respexisse uidetur Q.VOCONIVS is, qui monetam cusit, cum in altera denariorum parte uitulum signauit"" — the calf (vitulus) on the reverse echoes the moneyer's cognomen Vitulus. Coin 1 was struck while Julius Caesar was alive (""signauit uiuente adhuc Caesare""). Orsini does not identify the obverse portrait as Augustus.",,validated,https://numismatics.org/crro/id/rrc-526.4,https://numismatics.org/collection/1944.100.4846,,
Voconia,2,Crawford 526/2,crawford,AR,,Q. Voconius Vitulus,40 BC,"Head of male figure right, laureate; legend around",Bull standing right; legend around,right,"Orsini: ""Secundus denarius, ut ex titulo DIVI IVL, qui in altera parte adscriptus est, colligitur, interfecto iam a coniuratis Caesare, ab eodem Voconio cusus fuit"" — the title DIVI IVL dates this coin to after Caesar's deification; it was struck by the same Voconius after the assassination. Orsini does not discuss 'DIVI F' as Octavian's claim to divine ancestry — he uses DIVI IVL solely to date the coin's striking.",,validated,https://numismatics.org/crro/id/rrc-526.2,https://numismatics.org/collection/1960.170.9,True,
Volteia,1,Crawford 385/1,crawford,AR,,M. Volteius M.f.,78 BC,"Bearded head of Jupiter right, laureate",Temple facade with four columns (tetrastyle); M.VOLTEI.M.F below,right,"Coin 1: Orsini identifies the temple on coin 1 as Jupiter Capitolinus, hexastyle: 'Templum certè in altera primi denarii parte impressum, quin Iouis sit, dubitari non potest, quamuis eius forma in ueteribus monumentis hexastylos reperiatur.' He cites no specific authority for coin 1 beyond this observation. Coin 3: Orsini identifies Ceres taedifera in a serpent-drawn chariot, noting that he has already written about this in the Vibia section, and cites Ovid Metamorphoses v and Claudianus lib.i de raptu Proserpinae ('De Cerere Taedifera, quae draconum uecta curru in tertio denario signata est, multa in Vibia gente scripta à nobis sunt, quibus adjungi poterunt Ouidii uersus ex lib. v. Metam. & Claudiani, ex lib.i. de raptu Proserpinae'). Varro and Macrobius are NOT cited anywhere in the Volteia section. Any reference to 'Varro and Macrobius' in the concordance coin-comments for coins 1 or 3 must be removed.",,validated,https://numismatics.org/crro/id/rrc-385.1,https://numismatics.org/collection/1941.131.191,,
Volteia,2,Crawford 385/2,crawford,AR,,M. Volteius M.f.,78 BC,Head of Hercules right; border of dots.,Erymanthian boar right (one of the Twelve Labors); M·VOLTEI·M·F legend; border of dots.,right,"Orsini: ""Aprum autem, qui est in altera secundi denarii parte notatus, opinor Erymanthium illum repraesentare, quem Hercules interfecisse dicitur"" — the animal on the reverse is the Erymanthian Boar killed by Hercules. Orsini does NOT connect coin 2 to the ludi Plebeii, and does NOT describe a 'panther-drawn biga' on this coin.",,validated,https://numismatics.org/crro/id/rrc-385.2,https://numismatics.org/crro/id/rrc-385.2 (ANS 1937.158.125),,
Volteia,3,Crawford 385/3,crawford,AR,,M. Volteius M.f.,78 BC,"Head of Ceres right, wreathed with grain",Ceres (or Victory) driving a biga drawn by two serpents right; M.VOLTEI.M.F in exergue,right,"Orsini connects the ploughing scene on this M. Volteius coin to the ludi Ceriales and the agricultural foundation of the Ceres festival, treating the Ceres head and the ploughman type as directly evoking the goddess of grain and agriculture. He cites Varro and Macrobius for the identification.",,validated,https://numismatics.org/crro/id/rrc-385.3,http://numismatics.org/collection/2002.46.360,,
Volteia,4,Crawford 385/4,crawford,AR,,M. Volteius M.f.,78 BC,Laureate/wreathed head of Attis (or Bacchus) right,Cybele (Magna Mater) seated in a chariot drawn by two lions right; M.VOLTEI.M.F in exergue,right,"Orsini identifies coin 4 as a Cybele/Magna Mater type in his opening overview ('in quarto Martis & Cybeles') and discusses it as showing Cybele with turreted crown in a lion-drawn chariot, citing Lucretius lib.ii ('Muralique caput summum cinxere corona... Et iuncti currum dominae subiere leones'), Virgil Aen.vi ('qualis Berecynthia mater / Inuehitur curru Phrygias turrita per urbes'), and Claudianus lib.i de raptu Proserpinae ('Cybelem turrigeam appellauit'). He also cites Diodorus Siculus on lions drawing Cybele's chariot and Varro on their tamed nature. Orsini does NOT name Attis or describe a Phrygian-capped figure anywhere in the Volteia section. The ludi Megalenses connection follows from the overview 'Martis & Cybeles' (Megalesia = Cybele's festival).",,validated,https://numismatics.org/crro/id/rrc-385.4,https://numismatics.org/collection/1937.158.128,,
Volteia,5,Crawford 385/5,crawford,AR,,M. Volteius M.f.,78 BC,Laureate head right,Tripod with serpent coiled around it; S·C / D·T in field; M·VOLTEI·M·F below,right,"Orsini: ""Ex tripode autem, qui est in altera quinti denarii parte signatus, propterea quòd Apollini sacer est, cui Saeculares ludi fiebant"" — the tripod is Apollo's sacred object, and Orsini connects the coin to the Saeculares ludi (Secular Games), NOT the ludi Apollinares. He notes the letters S.C.D.T on the tripod as unresolved: ""Litteras autem S.C.D.T...fateor me...quid significent, nescire."" He speculates that M. Volteius was an xvir sacris faciundis (the priestly college overseeing the Secular Games). Orsini does not mention a 'lyre' on this coin, and does not cite Varro or Macrobius.",,validated,https://numismatics.org/crro/id/rrc-385.5,https://numismatics.org/collection/2012.34.13,,
Volteia,6,Crawford 377/1,crawford,AR,,L. Volumnius Strabo,81 BC,Laureate head of Jupiter right; control-mark behind,"Europa seated on bull charging left; behind, winged thunderbolt; L·VLO·L·F·STRB in legend",right,"Orsini: ""L. Volteius. L.F.Strabo in altera sexti denarii parte impressit, quò pertineat certi aliquid afferre possim, nisi quòd suspicor, Iouis templum eius procurationis fuisse: a quo quidem deo in taurum uerso abductam Europam in Cretam insulam poetae fabulantur."" The coin is by L. Volteius L.F. Strabo (not M. Volteius). Orsini's legend reading is 'L.Volteius.L.F.Strabo,' not 'L.CO.L.F.S.R.R.' Orsini tentatively connects the Europa/bull to Jupiter's temple procuration. The attribution to Volteia is uncertain ('quò pertineat certi aliquid afferre possim' — he cannot say with certainty what it signifies).",,validated,https://numismatics.org/crro/id/rrc-377.1,http://numismatics.org/collection/2002.46.293,,
Incerta,1,RIC I (2nd ed.) Civil Wars 128A,ric,AR,,Vitellius,95-96 AD,"Bust of Vesta, with stephane and veil, right; lighted torch in front; VESTA·P·R·QVIRTIVM","Jupiter seated left, holding thunderbolt and sceptre, in distyle temple with wreath in pediment; I·O·MAX·CAPITOLINVS",,"Orsini discusses coins 1 and 2 together. He identifies them as struck for the restoration of the temples of Capitoline Jupiter (Optimus Maximus) and Vesta, connecting them to Vitellius: 'Restituta vero eorum templa à Vitellio Imp. fuisse, facile adducor ut credam.' He cites Pliny lib. xxxiv cap. vii and Cornelius Tacitus lib. xix. He does not say he cannot identify the coin; he attributes it to Vitellius's temple restorations. The legend VESTA P R QVIRITIVM is discussed at length as evidence for this.",,validated,https://numismatics.org/ocre/id/ric.1(2).cw.128A,https://numismatics.org/collection/1950.57.1,,
Incerta,2,RIC I (2nd ed.) Civil Wars 125A,ric,AR,,Anonymous (Civil Wars AD 68-69),AD 68-69,"Bust of Jupiter, diademed, bearded, draped, left","Vesta, veiled, seated left on throne, holding patera and torch; VESTA P R QVIRITIVM",,"Orsini discusses coins 1 and 2 together as Jupiter/Vesta temple-restoration types attributed to Vitellius: 'Restituta vero eorum templa à Vitellio Imp. fuisse, facile adducor ut credam.' He extends the discussion of POPVLVS ROMANVS QVIRITIVM across most of pp. 288–290. He does not say he cannot identify the coin.",,validated,https://numismatics.org/ocre/id/ric.1(2).cw.125A,https://numismatics.org/ocre/id/ric.1(2).cw.125A (ANS 1944.100.39813),,
Incerta,3,Crawford 340A/1,crawford,AR,,Anonymous (Marsic Confederation),90–88 BC,Laureate head of Italia left; ITALIA legend.,"Oath-taking scene: central standard with a kneeling figure holding a pig, flanked by about four standing soldiers (two on each side) pointing their swords toward the centre; C in exergue.",,"Orsini is fully confident in the Social War attribution: 'Tertius tabellae denarius, quin ad Italicorum coniurationem pertineat, dubitari non potest.' He cites Appianus lib. i bel. ciuil. and identifies this as the bellum Italicum, Sociale, & Marsicum. He names the Italian leaders: Velleio, Appian, T. Afranius, C. Pontidius, Marius Egnatius, Q. Popedius Silo, C. Papius Mutilus, M. Lamponius, C. Indacilius, Herius Asinius, T. Vettius Cato, Pontius Telefinus, T. Herennius, A. Cluentius, Iuuentius, P. Praefentius, P. Ventidius. The previous comment's claim that Orsini 'admits he cannot confidently assign' this coin is a direct inversion of the text.",,validated,https://numismatics.org/crro/id/rrc-340A.1,https://numismatics.org/collection/1944.100.865,,
Incerta,4,RIC I (2nd ed.) Civil Wars 9,ric,AR,,Anonymous (Civil Wars AD 68-69),AD 68-69,Diademed head of Bonus Eventus right; BON EVENT,"Roma standing right, holding Victory and eagle-tipped sceptre; ROM RENASC",,"Orsini attributes this coin to Galba: 'Quartū denarium ab Imp. Galba cusum esse, ex renascentis Romae simulacro… coniicere possumus.' He then discusses Bonus Eventus at length, citing Varro (lib. i de re rustica), Pliny (lib. xxxv cap. x), and Euphranor. He does not say 'RENASCES ROMA' as an exact legend — he says 'renascentis Romae simulacro.' He does not say he cannot assign the coin; he attributes it to Galba.",,validated,https://numismatics.org/ocre/id/ric.1(2).cw.9,https://numismatics.org/ocre/id/ric.1(2).cw.9 (ANS 1999.79.2),,
Incerta,5,Crawford 297/1b,crawford,AR,,Anonymous,143 BC,"Bust of Hercules seen from behind, head turned left; club over shoulder","Desultor (rider) left, wearing cuirass; D·S·S and B visible; TI Q text",,"Orsini identifies the obverse as Hercules (equated with Semo Sancus / Deus Fidius): 'Quinto denario Herculis, ut uidetur, caput signatum est, quē cum Sanco deo, siue Fidio eundem esse, satis demonstrant Varronis uerba.' The reverse legend D.S.S. he expands as 'Deus Fidius Semo Sancus' (p. 290: 'D.S.S. hoc est, Deus Fidius Semo Sancus'). He draws on Varro, Ovid (Fasti lib. vi), Propertius (lib. iv), Dionysius of Halicarnassus (lib. iv), and a Tiberina inscription (SEMONI SANCO DEO.FIDIO SACRVM…). There is no desultor on this coin; the type is Hercules/Sancus, not a rider performing equestrian feats.",,validated,https://numismatics.org/crro/id/rrc-297.1b,http://numismatics.org/collection/1981.165.29,,
Incerta,6,Crawford 287/1,crawford,AR,,Anonymous,115-114 BC,"Helmeted head of Roma right; X (value mark) behind, ROMA below","Roma or Minerva seated right on shields, holding spear; birds (eagles) in field",,"Orsini identifies this as the Faustulus type and attributes it to Sex. Pompeius Fostlus: 'Sextus tabellae denarius, in quo Faustulus pastor impressus est cum pico aui, et propè stante cum infantibus lupa, à Sex. Pompeio Fostlo, ut opinor, cusus fuit.' He adds that the Postloria (Frostlora) family took its cognomen from Faustulus. The coin shows a pastor (Faustulus), a woodpecker, and a she-wolf with infants — not an 'early Roma type.' The previous comment's claim that Orsini 'unable to attribute it to a moneyer' is wrong; he attributes it to Sex. Pompeius Fostlus.",,validated,https://numismatics.org/crro/id/rrc-287.1,https://numismatics.org/crro/id/rrc-287.1,,
Incerta,7,Crawford 506/3,crawford,AR,,M. Junius Brutus (L. Plaetorius Cestianus),42 BC,"Head of Libertas right, diademed; LEIBERTAS legend",Prow-stem and anchor arranged upright,right,"This coin is on the second Incerta plate (p. 291). Orsini attributes the Libertas quinarii on this plate to Caesar's assassins: 'Caesare iam à coniuratis interfecto, libertateq. Reip. restituta, argenteū hunc quinarium à Caesaris percussoribus cusum esse, et ludis Apollinaribus, quos Brutus Praetor populo exhibuit, sparsim fuisse, ex Libertatis signata in eo imagine coniicere facile possumus.' He discusses the PAX ET LIBERTAS legend and the anchor/prow imagery as symbols of recovered liberty. He then discusses Cicero's speech at the temple of Tellus. Attribution is to the percussores of Caesar, not left wholly unidentified.",,validated,https://numismatics.org/crro/id/rrc-506.3,https://gallica.bnf.fr/ark:/12148/btv1b10435708n,,
Incerta,8,RIC I (2nd ed.) Civil Wars 58,ric,AR,,P. Cornelius Lentulus Marcellinus,50 BC,"Two clasped right hands holding a winged caduceus; PAX·ET above, LIBERTAS in exergue below.",Text S·P·Q·R in large letters; additional text lines below; wreath or border,,"Second Libertas coin on the second Incerta plate. Orsini links the PAX ET LIBERTAS legend to Brutus and the conspirators, citing Cicero's first Philippic ('cuius in lib. i. Philipp. facit his verbis mentionem'). He also notes the corona on the other denarius part as obscure ('mihi quidem obscurum est') since no oak crown is recorded as being decreed to Brutus or Cassius. He does not simply say he cannot assign the coin to a gens; his position is that these coins belong to the percussores of Caesar, with residual uncertainty only about the oak crown motif.",,validated,https://numismatics.org/ocre/id/ric.1(2).cw.58,https://gallica.bnf.fr/ark:/12148/btv1b10445787t,,
Incerta,9,RIC I (2nd ed.) Civil Wars 72,ric,AR,,Civil Wars (Vindex revolt),AD 68,"Victory walking right, holding wreath and palm; SALVS.GENER.HVMANI around","S.P.Q.R within laurel wreath, rosette above",,"Final coin(s) on the second Incerta plate. Orsini closes the entire section by leaving open whether these coins belong to Caesar's assassins or to C. Caesar Triumvir: 'iudicium relinquimus statuendi, sit ne ad Caesaris… interfectores referenda, an ad C. Caesarem Triumuirum R.P.C. qui postea Augustus appellatus fuit.' Earlier he noted that SALVS GENERIS HVMANI appears on an aureus of C. CAESARIS DIVI F. IMP. IIIVIRI R.P.C. and that the Triumviratus-period denarii may be connected. 'Roma Renascens' belongs to coin 4 (Galba), not to this denarius; 'Salus Generis Humani' appears in Orsini only as a comparandum on the gold coin, not as the obverse legend of this denarius.",,validated,https://numismatics.org/ocre/id/ric.1(2).cw.72,https://numismatics.org/ocre/id/ric.1(2).cw.72,,
Omissa,1,Crawford 464/7,crawford,AR,,T. Carisius,46 BC,Bearded head right with flowing hair (Silenus); T·CARISIVS around,"Recumbent sphinx right, minting implements (anvil, tongs) above",right,"Orsini places this coin ('sextertius') in the first table of the Carisia gens. He identifies the reverse creature as a tiger sacred to Bacchus ('tigri Baccho sacra'), with thyrsus and other Libera symbols, marking T. Carisius's aedilitas. Modern attribution: Crawford 464/4, reverse is a sphinx — Orsini read the sphinx as a Bacchic tiger.",,validated,https://numismatics.org/crro/id/rrc-464.7,https://ikmk.smb.museum/object?id=18272396,,
Omissa,2,Crawford 494/16 (obv) + Crawford 494/23 (rev),crawford,AR,,P. Clodius M.f. Turrinus,42 BC,Bare head right; IMP·CAESAR,Standing figure left holding staff; legend around,right,"Orsini places this denarius in the second table of the Clodia gens and also Iulia, because Caesar's portrait is engraved on the obverse ('quòd in eius altera parte Caesaris imago incifa fit'). He identifies P. Clodius as IIIIvir monetae (not IVvir — his exact phrase is 'Quartumuir monetae cudendae'), who struck the coin under Caesar ('sub quo Clodius, ut opinor, Quartumuir monetae cudendae, denarium signauit'). Note: Orsini places it in the 'secunda tabella gentis Clodiae,' not a general Clodia table.",,validated,https://numismatics.org/crro/id/rrc-494.16,https://numismatics.org/crro/id/rrc-494.23,,
Omissa,3,"Crawford 452/2 — Julius Caesar, 48-47 BC",crawford,AR,,Julius Caesar,48-47 BC,Female head right with flowing hair; NT,Trophy with shields and armor; CAESAR in field,right,"Orsini places this quinarius ('Quintus huius tabellae quinarius') in the third table of the Iulia gens ('in tertia gentis Iuliae tabella reponendus'). He reads the symbols on both sides as relating to Caesar's victories over the Germans: 'habens in utraque parte eadem ferè fymbola, ad indicandas, ut arbitror, Caesaris uictorias de Germaneis, aliisque gentibus deuictis.' This is the fifth coin described in Orsini's plate-1 text, though it stands third in this concordance's numbering; the description is of the Iulia quinarius.",,validated,https://numismatics.org/crro/id/rrc-452.2,https://numismatics.org/crro/id/rrc-452.2,,
Omissa,4,Crawford 189/4,crawford,AE,,P. Cornelius Blasio,169-158 BC,Single male head right (NOT Janus); three pellets behind (quadrans mark?),Prow right; three pellets before; P·BLAS ROMA legend,right,Orsini places this bronze coin ('nummus aereus') in the last table of the Cornelia gens ('in postrema tabella Corneliae gentis reponendus est').,,validated,https://numismatics.org/crro/id/rrc-189.4,https://www.britishmuseum.org/collection/object/C_1936-0220-5,,
Omissa,5,"Crawford 302/1 — L. Flaminius Chilo, 109-108 BC",crawford,AR,,L. Flaminius Chilo,109-108 BC,"Helmeted head of Roma right; control numeral above, PR·FL below",Victory driving biga right; L·FLAMINI / CHILO below,right,"Orsini notes this is the other side ('altera pars') of the L. Flaminius Chilo denarius, which had been badly engraved in the Flaminia gens table ('male incisa'). He republishes it here corrected by comparison with a silver specimen ('ex collatione argentei nummi emendanda').",,validated,https://numismatics.org/crro/id/rrc-302.1,https://numismatics.org/crro/id/rrc-302.1,,
Omissa,6,Crawford 480/21,crawford,AR,,T. Sepullius Macer,44 BC,Horseman galloping right; P.SEPVLLIVS / MACER around,Temple of Clementia Caesaris (tetrastyle); CLEMENTIAE / CAESARIS around,,"Orsini places this denarius in the last table of the Iulia gens. He notes the reverse shows the temple of Clementia Caesaris ('Clementiae templum'), citing Plutarch and Dio on Caesar's clemency ('de quo Plutarchus, Dio, et alii meminerunt'), and quotes Plutarch in Greek at length on the decree of Caesar's Clementia.",,validated,https://numismatics.org/crro/id/rrc-480.21,https://numismatics.org/crro/id/rrc-480.21,,
Omissa,7,Crawford 249/3,crawford,AE,,P. Maenius M.f. Antiaticus,132 BC,Head right with wavy hair,"Prow right; P.MAE.ANT.M.F above, ROMA below",right,"Orsini places this bronze coin ('aereus nummus') as the first of the second plate, in the Maecilia gens ('in Maecilia gente reponendus').",,validated,https://numismatics.org/crro/id/rrc-249.3,https://numismatics.org/collection/1969.83.305,,
Omissa,8,RIC I (2nd ed.) Augustus 398,ric,AR,,C. Marius C.f. Tromentina,13 BC,"AVGVSTVS: Bare head of Augustus right; behind, lituus.","C·MARIVS·C·F TRO·IIIVIR: Augustus, veiled and togate, standing left, extending hand with simpulum/patera.",,"Orsini adds this denarius to the silver coins already in the gens Maria ('addendus est argenteis nummis, qui in gente Maria impressi sunt'). The tribal designation Tromentina is unusual on coinage.",,validated,https://numismatics.org/ocre/id/ric.1(2).aug.398,http://numismatics.org/collection/1937.158.389,,
Omissa,9,Crawford 546/6,crawford,AR,,L. Pinarius Scarpus (for Octavian),31 BC,"Victory standing right on globe, holding wreath and palm; CAESAR·DIVI·F around",Open right hand; SCARPVS·IMP around,right,"Orsini places coins 9 and 10 together ('TERTIVS et QUARTVS reponendi in gente Pinaria'). He says nothing about Octavian vs Antony, command authority, or the open hand symbolism — those are modern identifications not in Orsini's text. Orsini's entire note is: 'TERTIVS et QUARTVS reponendi in gente Pinaria.'",,validated,https://numismatics.org/crro/id/rrc-546.6,https://numismatics.org/collection/1937.158.363,,
Omissa,10,Crawford 546/6,crawford,AR,,L. Pinarius Scarpus (for Octavian),31-29 BC,"Victory standing right on globe, holding wreath and palm; AVGVSTVS left, DIVI·F right","Open right hand; IMP·CAESAR above, SCARPVS·IMP below",right,"Orsini places coins 9 and 10 together in the Pinaria gens: 'TERTIVS et QUARTVS reponendi in gente Pinaria.' He says nothing about the open hand, Actium, Octavian vs Antony, or Scarpus's allegiance — those are modern numismatic identifications added by the AI. Orsini's note is purely positional.",,validated,https://numismatics.org/crro/id/rrc-546.6,https://numismatics.org/collection/1944.100.6927,,
Omissa,11,Crawford 405/4b,crawford,AR,,M. Plaetorius Cestianus,69 BC,"Bust of Proserpina right, hair decorated with poppy-heads",Jug and torch; M·PLAETORI·CEST·EX·S·C around,right,Orsini places this coin in the second table of the Plaetoria gens: 'QUINTVS in secunda tabella gentis Plaetoriae.',,validated,https://numismatics.org/crro/id/rrc-405.4b,https://numismatics.org/collection/1944.100.2070,,
Omissa,12,Crawford 474/4,crawford,AR,,L. Valerius Acisculus,45 BC,Laureate head of Jupiter right; acisculus (pick) behind; ACISCVLVS around,"Anguipede giant (snake-legged) right, holding thunderbolt; C·VALERIVS below (Orsini reads L as C)",right,"Orsini places this denarius in the last table of the Valeria gens, attributing it to the Acisculus branch ('ad familiam Acisculoru'). He misidentifies the types completely: he reads Neptune's head ('Neptuni caput') on the obverse and the sign of Triton ('Tritonis signum') on the reverse, suggesting the coin commemorates either the Acisculus family's curatorship of Neptune's temple or a Roman naval victory. Modern attribution: Jupiter head / anguipede giant (Crawford 474/4).",,validated,https://numismatics.org/crro/id/rrc-474.4,https://gallica.bnf.fr/ark:/12148/btv1b10451679v,,
